x1,x2,x3,x4,x5,x6,x7,x8,x9,x10,x11,x12,x13,x14,x15,x16,x17,x18,x19,x20,x21,y1,y2,y3,y4,y5,y6,y7,y8,y9,y10,y11,y12,y13,y14,y15,y16,y17,y18,y19,y20,y21,z1,z2,z3,z4,z5,z6,z7,z8,z9,z10,z11,z12,z13,z14,z15,z16,z17,z18,z19,z20,z21
0.9264093041419983,1.160165548324585,8.761792855693784e-07,0.8604530692100525,1.1289300918579102,-0.0392618328332901,0.8027616739273071,1.057003378868103,-0.06528531014919281,0.769668698310852,0.9839453101158142,-0.0841602087020874,0.73820960521698,0.9150161743164062,-0.10541951656341553,0.8370693325996399,0.9359741806983948,-0.07993904501199722,0.8103070259094238,0.7979027032852173,-0.11633588373661041,0.794603705406189,0.7085829973220825,-0.14110495150089264,0.781467080116272,0.6327165961265564,-0.1571340709924698,0.8994938731193542,0.9159176349639893,-0.08470993489027023,0.8910801410675049,0.7528619170188904,-0.1108551174402237,0.8869301676750183,0.6452025175094604,-0.13120533525943756,0.8827558755874634,0.5561311841011047,-0.14773422479629517,0.9574251174926758,0.9291625022888184,-0.09117535501718521,0.9673095941543579,0.7757904529571533,-0.12508414685726166,0.9780548810958862,0.6651132106781006,-0.1486572027206421,0.9855652451515198,0.5772166848182678,-0.16551648080348969,1.0069706439971924,0.9677168130874634,-0.09847106784582138,1.0341441631317139,0.8672971129417419,-0.13719742000102997,1.0621652603149414,0.8074126243591309,-0.1491617113351822,1.0831958055496216,0.7664453387260437,-0.15550118684768677
0.8579018712043762,1.1249457597732544,5.808439027532586e-07,0.7781219482421875,1.075066328048706,-0.04073033854365349,0.7141887545585632,0.971788227558136,-0.06060687452554703,0.6884288191795349,0.8713563084602356,-0.07541006058454514,0.6748926043510437,0.7778849005699158,-0.08967766910791397,0.7721601128578186,0.8031677603721619,-0.041816070675849915,0.7575716376304626,0.6586745977401733,-0.06620696187019348,0.7499957084655762,0.5769171714782715,-0.08551279455423355,0.7436502575874329,0.5094093084335327,-0.099886953830719,0.8422935009002686,0.7889128923416138,-0.04543161764740944,0.8429831266403198,0.624014675617218,-0.06304685026407242,0.8436409831047058,0.5272489190101624,-0.0801486000418663,0.8438841104507446,0.45054110884666443,-0.09471232444047928,0.9055430889129639,0.8082169890403748,-0.054279524832963943,0.9200026988983154,0.6488056182861328,-0.08090320229530334,0.9280992150306702,0.5518530607223511,-0.09851599484682083,0.9334008693695068,0.4725116193294525,-0.11094961315393448,0.9625049829483032,0.8510144948959351,-0.06578285247087479,0.9907243251800537,0.7312946319580078,-0.09309536963701248,1.0095787048339844,0.6536660194396973,-0.10161049664020538,1.0224381685256958,0.5869309306144714,-0.10661415010690689
0.8602498173713684,1.108309030532837,9.77915419753117e-07,0.7719596028327942,1.0529412031173706,-0.04129403829574585,0.7126227021217346,0.9661779999732971,-0.06620214879512787,0.691443681716919,0.8733382225036621,-0.0852491557598114,0.673449695110321,0.7867896556854248,-0.1036497950553894,0.7722581624984741,0.8112213611602783,-0.04780857637524605,0.7615796327590942,0.6826496124267578,-0.07634226232767105,0.7558144927024841,0.6002059578895569,-0.10249751806259155,0.7504513263702393,0.5237141847610474,-0.12094590067863464,0.839724600315094,0.796194851398468,-0.04944632574915886,0.8417216539382935,0.6541783809661865,-0.07018350809812546,0.8393011689186096,0.5526435971260071,-0.09504153579473495,0.8338718414306641,0.4652304947376251,-0.11353638023138046,0.9042876958847046,0.8106678128242493,-0.05473698675632477,0.9187248945236206,0.6678362488746643,-0.07881763577461243,0.9227246046066284,0.5617132186889648,-0.10208595544099808,0.9226424694061279,0.4692361354827881,-0.11839625984430313,0.9667799472808838,0.8512352705001831,-0.06212325766682625,0.9936383962631226,0.739421010017395,-0.08620070666074753,1.0043320655822754,0.6587731838226318,-0.0961952731013298,1.0100406408309937,0.5819668769836426,-0.10110174119472504
0.8144116997718811,1.0850834846496582,7.77439367993793e-07,0.7272751331329346,1.035773515701294,-0.03934774920344353,0.6666024923324585,0.9423377513885498,-0.06040268391370773,0.6479943990707397,0.8438414931297302,-0.0766761302947998,0.6313080191612244,0.7573421001434326,-0.09160701930522919,0.7244256138801575,0.7798784375190735,-0.03926542028784752,0.7183945178985596,0.6471631526947021,-0.06525550037622452,0.7142751216888428,0.5639231204986572,-0.08591803163290024,0.7124196887016296,0.49362626671791077,-0.10077330470085144,0.7892555594444275,0.7660130262374878,-0.04170926660299301,0.7949183583259583,0.612617552280426,-0.06212674081325531,0.798956573009491,0.516655445098877,-0.08094366639852524,0.8021904826164246,0.437051385641098,-0.0949646607041359,0.8496708273887634,0.7848436236381531,-0.04932113364338875,0.8643344044685364,0.6357538104057312,-0.07427716255187988,0.872459352016449,0.5440029501914978,-0.09277080744504929,0.8773114681243896,0.4633684754371643,-0.10538572818040848,0.9081852436065674,0.8279935717582703,-0.059782497584819794,0.9320765733718872,0.7116114497184753,-0.0858326181769371,0.9462109208106995,0.6367462873458862,-0.09741771966218948,0.9566540718078613,0.5659072399139404,-0.10385938733816147
0.80522221326828,1.0867222547531128,6.269607979447755e-07,0.7196186184883118,1.0385448932647705,-0.03839166462421417,0.6623247861862183,0.9413608908653259,-0.057938795536756516,0.6435567736625671,0.8428366780281067,-0.07348316162824631,0.6218217611312866,0.7553072571754456,-0.08813547343015671,0.71944260597229,0.7726209163665771,-0.032146766781806946,0.7132503390312195,0.6394686698913574,-0.05789080262184143,0.709524929523468,0.5596681237220764,-0.07995498180389404,0.7085735201835632,0.48859989643096924,-0.09652523696422577,0.78291916847229,0.7594215869903564,-0.036345746368169785,0.7899215221405029,0.6068843603134155,-0.05655127763748169,0.7933369874954224,0.5125911831855774,-0.07779013365507126,0.795185923576355,0.43191155791282654,-0.09472773969173431,0.8408793807029724,0.7774214148521423,-0.046031653881073,0.8596673607826233,0.6300870776176453,-0.07030396163463593,0.8688228726387024,0.5375388264656067,-0.08960936963558197,0.8734331727027893,0.4542868435382843,-0.10414601117372513,0.8963627815246582,0.8185533881187439,-0.05888869985938072,0.9217345714569092,0.7062812447547913,-0.08345626294612885,0.9365977048873901,0.6310829520225525,-0.09444348514080048,0.9470440745353699,0.5598894357681274,-0.10180079191923141
0.7992537021636963,1.0857304334640503,5.939006655353296e-07,0.7113645076751709,1.0343366861343384,-0.035624243319034576,0.6539584398269653,0.9339803457260132,-0.053207919001579285,0.6355104446411133,0.8357961773872375,-0.06749510765075684,0.6151162385940552,0.7510563135147095,-0.0808812603354454,0.7129513025283813,0.7652009725570679,-0.025630462914705276,0.7067264318466187,0.6327869892120361,-0.0498199462890625,0.7035362124443054,0.5539667010307312,-0.07170864194631577,0.7026415467262268,0.48359429836273193,-0.08833058178424835,0.7759307026863098,0.752161979675293,-0.030660776421427727,0.7837554216384888,0.600681722164154,-0.04963329806923866,0.7874006628990173,0.5074025392532349,-0.07081735879182816,0.7891056537628174,0.42705827951431274,-0.0877910777926445,0.8331565260887146,0.7697069644927979,-0.041251517832279205,0.8524805903434753,0.6233161687850952,-0.06398972123861313,0.8620121479034424,0.5312770009040833,-0.08299516886472702,0.866577684879303,0.4488239288330078,-0.09747010469436646,0.8883453607559204,0.8099235892295837,-0.0549771673977375,0.9138877391815186,0.6974573731422424,-0.07784023880958557,0.9282275438308716,0.6224894523620605,-0.08810165524482727,0.9380836486816406,0.5517256855964661,-0.0951511487364769
0.7946816682815552,1.078813076019287,6.047367264727654e-07,0.7052984833717346,1.0273247957229614,-0.03680906072258949,0.6467535495758057,0.927665114402771,-0.054855648428201675,0.6275983452796936,0.8272786140441895,-0.0695720911026001,0.6115184426307678,0.7383249402046204,-0.08300728350877762,0.7051103711128235,0.7566866278648376,-0.023615609854459763,0.6998205780982971,0.6241397261619568,-0.047289349138736725,0.6962887048721313,0.5458270907402039,-0.06922046840190887,0.6948273777961731,0.47568583488464355,-0.08615060150623322,0.7679555416107178,0.7436433434486389,-0.02807595022022724,0.775654673576355,0.5923616290092468,-0.0468522347509861,0.7797150015830994,0.4994882345199585,-0.06799640506505966,0.7817941308021545,0.419355571269989,-0.08506327867507935,0.8245340585708618,0.7609961628913879,-0.038508109748363495,0.8434889316558838,0.6138693690299988,-0.06151464954018593,0.8535703420639038,0.522628664970398,-0.08059678971767426,0.8581545948982239,0.44031932950019836,-0.09520641714334488,0.8793324828147888,0.8013755679130554,-0.05221835523843765,0.9042460322380066,0.6894475221633911,-0.07562984526157379,0.9184538722038269,0.6150162220001221,-0.08636379987001419,0.9284111261367798,0.5442996025085449,-0.09383364766836166
0.8021242022514343,1.025412917137146,6.610550258301373e-07,0.7107829451560974,0.9536061882972717,-0.027306294068694115,0.6598968505859375,0.8404162526130676,-0.038727033883333206,0.6447510719299316,0.7391846179962158,-0.05001924932003021,0.636418342590332,0.650717556476593,-0.06049000471830368,0.7312844395637512,0.6980721354484558,-0.00831754319369793,0.7259608507156372,0.5683460831642151,-0.03030342608690262,0.72295743227005,0.4877975285053253,-0.05052485689520836,0.7222987413406372,0.4185366928577423,-0.06523190438747406,0.7925778031349182,0.6866098642349243,-0.015999503433704376,0.8038725852966309,0.5352867245674133,-0.032937437295913696,0.8120928406715393,0.4428398907184601,-0.0513920858502388,0.8200927376747131,0.36554497480392456,-0.06481681764125824,0.8483484983444214,0.7036357522010803,-0.029670774936676025,0.8700950741767883,0.5571316480636597,-0.052033934742212296,0.8823047280311584,0.47059303522109985,-0.06711824983358383,0.8914265632629395,0.3931827247142792,-0.07692087441682816,0.9009917378425598,0.7430901527404785,-0.046213582158088684,0.9321908950805664,0.6307312846183777,-0.06813296675682068,0.9518705606460571,0.557807981967926,-0.07529393583536148,0.9665729403495789,0.4905136525630951,-0.07869189232587814
0.8216095566749573,1.0049465894699097,6.007447268530086e-07,0.7316286563873291,0.9231287837028503,-0.028329815715551376,0.6848943829536438,0.8004697561264038,-0.041544780135154724,0.6755448579788208,0.6963050961494446,-0.05410192161798477,0.6747778058052063,0.6067162752151489,-0.06580456346273422,0.7662501335144043,0.6572769284248352,-0.01386729534715414,0.7661429047584534,0.5244448184967041,-0.038709502667188644,0.7668112516403198,0.4433932900428772,-0.0611734539270401,0.7680218815803528,0.3741776943206787,-0.07717780023813248,0.8312148451805115,0.6513753533363342,-0.021589061245322227,0.8532105684280396,0.5014907121658325,-0.040440917015075684,0.8668187856674194,0.40896373987197876,-0.06055988371372223,0.878319501876831,0.3315381109714508,-0.07531706243753433,0.8886125683784485,0.674307644367218,-0.03486451879143715,0.9223900437355042,0.5304103493690491,-0.05640808120369911,0.939492404460907,0.44135189056396484,-0.07132941484451294,0.9518334865570068,0.36355146765708923,-0.08166953921318054,0.9387569427490234,0.7219385504722595,-0.05109483003616333,0.9733453989028931,0.612274706363678,-0.07018829137086868,0.9906129837036133,0.5401750206947327,-0.07517622411251068,1.0027835369110107,0.4762992560863495,-0.07757771015167236
0.8516109585762024,0.973809003829956,6.438323225665954e-07,0.7608885169029236,0.8848678469657898,-0.02399364486336708,0.7157381772994995,0.7529602646827698,-0.031816478818655014,0.7080601453781128,0.6459188461303711,-0.03989768028259277,0.7091758847236633,0.5581284761428833,-0.04656944051384926,0.7990864515304565,0.6150899529457092,-0.001067501027137041,0.8080700039863586,0.4835691452026367,-0.021089449524879456,0.8159550428390503,0.40252819657325745,-0.041405756026506424,0.8233129978179932,0.33625468611717224,-0.0561465360224247,0.8649548888206482,0.6115072965621948,-0.008633648976683617,0.8943927884101868,0.464849054813385,-0.02058868296444416,0.9143603444099426,0.3744521141052246,-0.03680121526122093,0.9304223656654358,0.3012670874595642,-0.04959379881620407,0.921504557132721,0.6382346749305725,-0.022197818383574486,0.963524580001831,0.4993346929550171,-0.03880693018436432,0.9870773553848267,0.41877225041389465,-0.050988826900720596,1.0028082132339478,0.34993886947631836,-0.0604732409119606,0.9700396656990051,0.6912028193473816,-0.038709480315446854,1.0199812650680542,0.5952857732772827,-0.054400574415922165,1.0482597351074219,0.5431456565856934,-0.056420039385557175,1.0673178434371948,0.5001348257064819,-0.05711407959461212
0.8589350581169128,0.9448413848876953,6.769036531295569e-07,0.7698643803596497,0.8521045446395874,-0.02208571881055832,0.7281177043914795,0.716641366481781,-0.027531811967492104,0.7217119932174683,0.6087266802787781,-0.03287051245570183,0.7201499938964844,0.5217671990394592,-0.036279790103435516,0.8109157085418701,0.5755384564399719,0.008306859992444515,0.8281543254852295,0.4481123089790344,-0.006372659932821989,0.8413184285163879,0.36991992592811584,-0.024496715515851974,0.8534157872200012,0.3062114417552948,-0.03793076053261757,0.8766728043556213,0.576775848865509,0.0018533824477344751,0.9137336015701294,0.43520206212997437,-0.003819335252046585,0.9369520545005798,0.3487269878387451,-0.016400683671236038,0.9557401537895203,0.28152528405189514,-0.026978611946105957,0.9329531788825989,0.60660320520401,-0.010797430761158466,0.9769201874732971,0.46748873591423035,-0.020991599187254906,1.002858281135559,0.3911170959472656,-0.02819574438035488,1.0226330757141113,0.32738369703292847,-0.034827932715415955,0.9812820553779602,0.6623901128768921,-0.026738997548818588,1.029045820236206,0.5656594038009644,-0.037295032292604446,1.0591915845870972,0.5104390978813171,-0.03605654090642929,1.082895278930664,0.463301420211792,-0.03460079804062843
0.844597578048706,0.8818366527557373,4.418669732331182e-07,0.7468912601470947,0.8092391490936279,-0.02551698498427868,0.6899527311325073,0.6908209919929504,-0.02951613813638687,0.6781888008117676,0.5794181227684021,-0.033649008721113205,0.6734179258346558,0.4850424528121948,-0.03501182049512863,0.7504538893699646,0.5262743234634399,0.016912832856178284,0.7419122457504272,0.40286582708358765,0.005055873189121485,0.7393069863319397,0.3301987946033478,-0.011595123447477818,0.7384111881256104,0.26682549715042114,-0.02508731186389923,0.8124816417694092,0.5112951993942261,0.013314676471054554,0.8159803152084351,0.37659162282943726,0.007112268824130297,0.8175312280654907,0.2994409203529358,-0.0070357914082705975,0.8182471990585327,0.23562973737716675,-0.01888198032975197,0.8709216713905334,0.5241518020629883,0.002278596628457308,0.8845571875572205,0.3959699273109436,-0.008191878907382488,0.8919152021408081,0.3241138160228729,-0.018381837755441666,0.8969336748123169,0.2606472671031952,-0.026791853830218315,0.9281840324401855,0.5586422085762024,-0.012894710525870323,0.949711799621582,0.4595739245414734,-0.024144141003489494,0.9613955020904541,0.3970332145690918,-0.02867010049521923,0.9713574051856995,0.3377043306827545,-0.031849924474954605
0.8427519202232361,0.8669219017028809,2.948237636246631e-07,0.7423350811004639,0.8096568584442139,-0.019864397123456,0.6773535013198853,0.689240574836731,-0.01819099672138691,0.6599268317222595,0.5757971405982971,-0.01782100647687912,0.6574044823646545,0.4897870421409607,-0.014799847267568111,0.7272089719772339,0.5333968997001648,0.02594197355210781,0.6986023187637329,0.414323091506958,0.01727977953851223,0.6840567588806152,0.3423728942871094,0.003351353807374835,0.6747563481330872,0.27917128801345825,-0.00876045972108841,0.7862381935119629,0.5097688436508179,0.0208358746021986,0.7682812809944153,0.378798246383667,0.01808813028037548,0.759626567363739,0.3016524016857147,0.006205487996339798,0.7537080645561218,0.2380181849002838,-0.004537501838058233,0.8452022075653076,0.5137293934822083,0.008469579741358757,0.8415312170982361,0.39194953441619873,2.2051095584174618e-05,0.8404643535614014,0.32032620906829834,-0.009992571547627449,0.8382713198661804,0.25797513127326965,-0.01873817667365074,0.9046779870986938,0.5374674201011658,-0.007690649479627609,0.9200235605239868,0.43914085626602173,-0.016295406967401505,0.930036187171936,0.3791511058807373,-0.02036920376121998,0.9383755326271057,0.32370367646217346,-0.023987360298633575
0.8489530086517334,0.8517395257949829,2.7748387765313964e-07,0.7490648031234741,0.8007911443710327,-0.02469254657626152,0.6804324984550476,0.6880711317062378,-0.025813739746809006,0.6563697457313538,0.5763059258460999,-0.02733633667230606,0.6538853645324707,0.48695075511932373,-0.025608664378523827,0.7172746062278748,0.533423662185669,0.023591816425323486,0.6766204237937927,0.4211328625679016,0.01289607584476471,0.6546855568885803,0.354543536901474,-0.002336660400032997,0.6390402317047119,0.2952640950679779,-0.014935615472495556,0.7749982476234436,0.5044981837272644,0.021088510751724243,0.7427982091903687,0.3782951533794403,0.017382541671395302,0.7243635654449463,0.30454346537590027,0.004996121861040592,0.7090674638748169,0.24445271492004395,-0.005546059459447861,0.835475504398346,0.5033676624298096,0.010807080194354057,0.8197987079620361,0.38296663761138916,0.0008723173523321748,0.8091611266136169,0.3142998218536377,-0.009126163087785244,0.7984981536865234,0.2552446126937866,-0.01697700284421444,0.8982738852500916,0.5218523144721985,-0.003557601710781455,0.9054232835769653,0.4248228073120117,-0.012759855948388577,0.9098650813102722,0.3654579222202301,-0.01634318009018898,0.9130234718322754,0.31047147512435913,-0.01899007149040699
0.8850102424621582,0.8087047934532166,6.121356364019448e-07,0.7932876944541931,0.7352306246757507,-0.02991708554327488,0.737450361251831,0.6073640584945679,-0.04017605260014534,0.7224869728088379,0.49991825222969055,-0.049234889447689056,0.718453586101532,0.41451334953308105,-0.05795210227370262,0.8128423690795898,0.45966577529907227,-0.013370141386985779,0.8011131286621094,0.3259176015853882,-0.03533468022942543,0.7936996817588806,0.2441386878490448,-0.055881205946207047,0.7882029414176941,0.17758825421333313,-0.06991930305957794,0.8804360628128052,0.4458702802658081,-0.01810316927731037,0.8959146738052368,0.2920258343219757,-0.02997049130499363,0.9012094140052795,0.20126599073410034,-0.046844445168972015,0.9056914448738098,0.13115176558494568,-0.06011486425995827,0.9418216943740845,0.4596015214920044,-0.028190499171614647,0.9684739708900452,0.3170853853225708,-0.042313352227211,0.9741273522377014,0.23065400123596191,-0.05298404395580292,0.9780541062355042,0.1638716161251068,-0.0611136332154274,0.9969596266746521,0.4993860721588135,-0.04171118885278702,1.0221079587936401,0.3870832324028015,-0.05299236625432968,1.0350333452224731,0.3144339919090271,-0.05183159559965134,1.044027328491211,0.25907620787620544,-0.050257571041584015
0.919791579246521,0.7910730242729187,6.669816912108217e-07,0.8169205188751221,0.7201849222183228,-0.03606864809989929,0.7611312866210938,0.5870875120162964,-0.04484797269105911,0.7517286539077759,0.4736095070838928,-0.05129403620958328,0.7477246522903442,0.3827381730079651,-0.055847782641649246,0.8520748615264893,0.43301814794540405,-0.005875450558960438,0.8599146008491516,0.2975389361381531,-0.02616165019571781,0.869391679763794,0.21524083614349365,-0.04663458466529846,0.8784723281860352,0.146987646818161,-0.061038028448820114,0.9235501289367676,0.4242918789386749,-0.006051297765225172,0.9602265357971191,0.27679747343063354,-0.016229428350925446,0.979348361492157,0.1879970133304596,-0.029517250135540962,0.9944372177124023,0.11813542246818542,-0.03990142419934273,0.9835975170135498,0.44366857409477234,-0.013636123389005661,1.0211414098739624,0.30393171310424805,-0.02646537311375141,1.0313122272491455,0.22203919291496277,-0.032365888357162476,1.0391942262649536,0.15387484431266785,-0.037062663584947586,1.0358167886734009,0.48910367488861084,-0.02597885951399803,1.072507381439209,0.3863551616668701,-0.036039192229509354,1.0891560316085815,0.321872353553772,-0.03327619656920433,1.1019258499145508,0.2665187120437622,-0.030756700783967972
0.91988605260849,0.8109793066978455,3.3144294775411254e-07,0.8194199204444885,0.7504709959030151,-0.034780457615852356,0.7549449801445007,0.6294181942939758,-0.047211695462465286,0.7410705089569092,0.5173582434654236,-0.05910048261284828,0.7420914769172668,0.41720300912857056,-0.06864829361438751,0.8049703240394592,0.4720126986503601,-0.00015847654140088707,0.7801352739334106,0.347231924533844,-0.02734135091304779,0.7685154676437378,0.2707884907722473,-0.05417897179722786,0.7655335664749146,0.2061934769153595,-0.07346554100513458,0.8685048222541809,0.44579049944877625,-0.004043089225888252,0.8632329106330872,0.3008863627910614,-0.022499533370137215,0.8692634105682373,0.21615874767303467,-0.0420055016875267,0.8833039402961731,0.150018572807312,-0.0571613684296608,0.9304284453392029,0.4512430727481842,-0.016486164182424545,0.9434760212898254,0.31600433588027954,-0.03771453723311424,0.9574154615402222,0.2355896532535553,-0.05151920020580292,0.9716443419456482,0.17091143131256104,-0.06168445572257042,0.9942198991775513,0.4813363552093506,-0.03368756175041199,1.0174542665481567,0.37622278928756714,-0.050278495997190475,1.03160560131073,0.311195433139801,-0.054852068424224854,1.0412437915802002,0.25428682565689087,-0.05820788815617561
0.9459546208381653,0.7993229031562805,2.902804112636659e-07,0.8326247334480286,0.7505449056625366,-0.029073679819703102,0.7575719952583313,0.6484954357147217,-0.03327656164765358,0.7338269948959351,0.534757673740387,-0.03763362765312195,0.7297319173812866,0.4382542669773102,-0.03845251724123955,0.7946788668632507,0.48849165439605713,0.024116171523928642,0.7561742067337036,0.37260353565216064,0.01055986899882555,0.7358167171478271,0.30371153354644775,-0.007486940361559391,0.7199516892433167,0.24329900741577148,-0.021250208839774132,0.8549586534500122,0.4567515254020691,0.022783758118748665,0.8318808674812317,0.3232024908065796,0.01722201146185398,0.8186063766479492,0.24915802478790283,0.0029758894816040993,0.8099415302276611,0.18948304653167725,-0.008524814620614052,0.916761577129364,0.4522631764411926,0.012844342738389969,0.9016026258468628,0.3281847834587097,0.0029991096816956997,0.8914912343025208,0.25960680842399597,-0.006226050201803446,0.8821269869804382,0.20384645462036133,-0.013543237932026386,0.9843776822090149,0.46910783648490906,-0.001829892280511558,0.9877552390098572,0.37265974283218384,-0.008851313963532448,0.9855550527572632,0.3144684135913849,-0.009902304969727993,0.9816246032714844,0.2633715867996216,-0.010731897316873074
0.9374166131019592,0.7891310453414917,4.835650315726525e-07,0.8366002440452576,0.722363293170929,-0.029809145256876945,0.7795212864875793,0.6102102994918823,-0.03852538764476776,0.7657868266105652,0.5020915269851685,-0.04674290865659714,0.7606359720230103,0.4094266891479492,-0.053509991616010666,0.8372108340263367,0.45721060037612915,0.005925274919718504,0.8151612877845764,0.33688393235206604,-0.012737826444208622,0.7994816303253174,0.2596413493156433,-0.033433448523283005,0.787138044834137,0.19450366497039795,-0.04832407087087631,0.9010555744171143,0.43539971113204956,0.002380999503657222,0.8979054093360901,0.29631757736206055,-0.00894040334969759,0.8937815427780151,0.21453040838241577,-0.02619912475347519,0.8934842944145203,0.15069225430488586,-0.03881382569670677,0.9621648788452148,0.4405950903892517,-0.008042152971029282,0.9655408263206482,0.30543774366378784,-0.02304038405418396,0.9594534039497375,0.2234383225440979,-0.031209278851747513,0.9553274512290955,0.15611013770103455,-0.03614741936326027,1.022857904434204,0.46812084317207336,-0.02245737984776497,1.0313080549240112,0.3526848554611206,-0.03429320827126503,1.0288242101669312,0.2781026363372803,-0.03297178074717522,1.0235825777053833,0.21481072902679443,-0.030543817207217216
0.9424910545349121,0.7763104438781738,6.186648988659726e-07,0.8459442257881165,0.7081537842750549,-0.03731013461947441,0.7944101691246033,0.5890088081359863,-0.04913003370165825,0.7911245226860046,0.48007720708847046,-0.05869507044553757,0.7904990911483765,0.3888533115386963,-0.0662279799580574,0.8757969737052917,0.4347883462905884,-0.007177338935434818,0.8753227591514587,0.30573081970214844,-0.02891828864812851,0.8783152103424072,0.225920170545578,-0.049886804074048996,0.8810135126113892,0.15998247265815735,-0.06425026059150696,0.9418455362319946,0.4250010848045349,-0.006949195638298988,0.9633050560951233,0.284112811088562,-0.018865173682570457,0.9717958569526672,0.20035597681999207,-0.03251270204782486,0.9784882664680481,0.13483747839927673,-0.04272685572504997,0.9998429417610168,0.44074690341949463,-0.014269272796809673,1.0263742208480835,0.31340834498405457,-0.026446504518389702,1.031319499015808,0.2361961305141449,-0.02922692522406578,1.0352425575256348,0.17315158247947693,-0.03130193054676056,1.0514029264450073,0.47904226183891296,-0.02697863057255745,1.0795685052871704,0.3800661861896515,-0.03511480987071991,1.091933250427246,0.3143310546875,-0.03089706413447857,1.1001107692718506,0.26015424728393555,-0.026928339153528214
0.9430420398712158,0.7991529703140259,5.745324642703054e-07,0.8557844758033752,0.7252368927001953,-0.042415425181388855,0.8127855658531189,0.5994020700454712,-0.05715206637978554,0.8154342770576477,0.4884788691997528,-0.06791707873344421,0.8121476769447327,0.39200082421302795,-0.07622110843658447,0.8902037143707275,0.4391515851020813,-0.009059164673089981,0.9085097312927246,0.31399059295654297,-0.030675537884235382,0.9236348271369934,0.2354830950498581,-0.053559210151433945,0.9370453953742981,0.1686437726020813,-0.07015272229909897,0.9536055326461792,0.44507789611816406,-0.005804022308439016,0.9861024618148804,0.31886476278305054,-0.017197515815496445,1.004323124885559,0.24492232501506805,-0.03131067752838135,1.0185245275497437,0.1875368058681488,-0.04329494386911392,1.0074853897094727,0.4734255373477936,-0.01079285703599453,1.0432597398757935,0.35789754986763,-0.022804411128163338,1.060176134109497,0.2874606251716614,-0.02575051039457321,1.075266718864441,0.23087432980537415,-0.028984246775507927,1.0543688535690308,0.5202924013137817,-0.021753698587417603,1.0870002508163452,0.4245627224445343,-0.03128732368350029,1.1062008142471313,0.3655213713645935,-0.029136110097169876,1.1227091550827026,0.3168473243713379,-0.027260882779955864
0.9752292037010193,0.8086527585983276,3.8166655258464743e-07,0.8759577870368958,0.7555730938911438,-0.03849860653281212,0.8155838251113892,0.6390760540962219,-0.048607341945171356,0.8078099489212036,0.5213744044303894,-0.056635912507772446,0.805172860622406,0.4186047315597534,-0.06168602034449577,0.8596854209899902,0.4828176498413086,0.004328386392444372,0.8304615020751953,0.35291600227355957,-0.016797509044408798,0.8176745772361755,0.2698115408420563,-0.039957135915756226,0.8139599561691284,0.19571107625961304,-0.05808606743812561,0.915884792804718,0.4580465257167816,0.00381815480068326,0.8985940217971802,0.3141944706439972,-0.011879878118634224,0.8915359973907471,0.22490206360816956,-0.03229968994855881,0.8892537355422974,0.15351006388664246,-0.04832819476723671,0.9707873463630676,0.4624929428100586,-0.005486370529979467,0.972831130027771,0.32422518730163574,-0.026854893192648888,0.9722576141357422,0.23530393838882446,-0.04453221336007118,0.9719989895820618,0.1617053747177124,-0.057150259613990784,1.0312374830245972,0.4907159209251404,-0.01937423273921013,1.0482425689697266,0.3823027014732361,-0.03844723477959633,1.0584442615509033,0.31452488899230957,-0.04703209176659584,1.0659821033477783,0.2524169683456421,-0.053226929157972336
0.9799873232841492,0.8050774931907654,4.2514466258580796e-07,0.8861522674560547,0.7591109275817871,-0.029610615223646164,0.8259621858596802,0.6518059372901917,-0.03477929159998894,0.8189775943756104,0.5397030115127563,-0.039104994386434555,0.8251296281814575,0.45216408371925354,-0.04121152311563492,0.8479264378547668,0.4907259941101074,0.0059610772877931595,0.8038941025733948,0.3675217628479004,-0.009701467119157314,0.7780413627624512,0.2902619242668152,-0.02741703763604164,0.7591314315795898,0.22236725687980652,-0.04183676093816757,0.9059950709342957,0.4598842263221741,0.0023768350947648287,0.8759276866912842,0.3209650218486786,-0.007434512488543987,0.8568382263183594,0.23737624287605286,-0.02477499283850193,0.8417475819587708,0.17269566655158997,-0.03924359008669853,0.9641021490097046,0.4602082371711731,-0.008387538604438305,0.964795708656311,0.32690829038619995,-0.025442928075790405,0.9625765681266785,0.24934229254722595,-0.04263857379555702,0.9583223462104797,0.18724459409713745,-0.05608334392309189,1.0228849649429321,0.48315683007240295,-0.022855354472994804,1.0437718629837036,0.37925779819488525,-0.03928426280617714,1.0595169067382812,0.31790024042129517,-0.046931225806474686,1.070300579071045,0.26409226655960083,-0.05298329517245293
0.9857622385025024,0.8078823089599609,3.8014863434909785e-07,0.8911715745925903,0.7664013504981995,-0.03189031779766083,0.8334497809410095,0.650858461856842,-0.035275958478450775,0.8279959559440613,0.5320526957511902,-0.03750469908118248,0.8288064002990723,0.44100895524024963,-0.03713078051805496,0.8463659286499023,0.4973357319831848,0.010250557214021683,0.7967543601989746,0.37862277030944824,-0.004185340367257595,0.7673259377479553,0.3047386407852173,-0.02183832786977291,0.7449092864990234,0.23838672041893005,-0.036374613642692566,0.9021574258804321,0.463542103767395,0.008878589607775211,0.8627970218658447,0.33173662424087524,0.0018219230696558952,0.8355074524879456,0.2515833377838135,-0.014722350053489208,0.8121944665908813,0.1894930899143219,-0.029044147580862045,0.9584864974021912,0.46102869510650635,-0.0003889828803949058,0.9531571269035339,0.3336045742034912,-0.014593036845326424,0.9435936808586121,0.25718921422958374,-0.03119291365146637,0.9325650930404663,0.1981191635131836,-0.044900886714458466,1.0157047510147095,0.48009878396987915,-0.014057058840990067,1.0281912088394165,0.3831445574760437,-0.02825828269124031,1.0360772609710693,0.32927918434143066,-0.03535902872681618,1.039594054222107,0.28420764207839966,-0.0415370799601078
1.0062435865402222,0.8170428276062012,6.400368306458404e-07,0.9090371131896973,0.7598905563354492,-0.04431364685297012,0.8567696809768677,0.6413311958312988,-0.06227435544133186,0.8531404733657837,0.5258387923240662,-0.07521288841962814,0.8409448862075806,0.4291520118713379,-0.08660481125116348,0.9061797261238098,0.4780493378639221,-0.027301333844661713,0.877699077129364,0.3473535180091858,-0.05572899058461189,0.8569564819335938,0.2639586925506592,-0.08153418451547623,0.8395848274230957,0.19223392009735107,-0.09982859343290329,0.9718196392059326,0.45616886019706726,-0.02481783553957939,0.975788950920105,0.3053247332572937,-0.0424739271402359,0.9733173251152039,0.2159104347229004,-0.060946024954319,0.9712600111961365,0.14502409100532532,-0.07529059797525406,1.0315784215927124,0.4690353274345398,-0.029176920652389526,1.0448986291885376,0.329484224319458,-0.04718289524316788,1.0446346998214722,0.24559953808784485,-0.056057870388031006,1.0450931787490845,0.17736467719078064,-0.06302820146083832,1.0862656831741333,0.5066661238670349,-0.03862485662102699,1.1109086275100708,0.3992771506309509,-0.05384114757180214,1.1232731342315674,0.3298570513725281,-0.05447790026664734,1.1328715085983276,0.2729043960571289,-0.05419232323765755
1.0227587223052979,0.825624942779541,5.892007379770803e-07,0.9282772541046143,0.7591360211372375,-0.0543888658285141,0.8720842599868774,0.6357843279838562,-0.07130280137062073,0.8630075454711914,0.5143353343009949,-0.08179670572280884,0.8453508019447327,0.4149756133556366,-0.08876609057188034,0.9289563894271851,0.48340103030204773,-0.023033374920487404,0.9136971235275269,0.34509995579719543,-0.0455932691693306,0.9037753343582153,0.2561335563659668,-0.06708350032567978,0.8984718918800354,0.1801905333995819,-0.08261795341968536,0.9977593421936035,0.477242648601532,-0.01178079191595316,1.0115857124328613,0.345339298248291,-0.02872895635664463,1.022091269493103,0.2804490625858307,-0.042952947318553925,1.0398920774459839,0.22695520520210266,-0.05312309414148331,1.0548981428146362,0.49846580624580383,-0.008757464587688446,1.0682512521743774,0.37816905975341797,-0.03037736937403679,1.0759271383285522,0.3313617706298828,-0.03322337940335274,1.0920002460479736,0.29523032903671265,-0.03232499212026596,1.1020994186401367,0.5331013202667236,-0.011659551411867142,1.1213220357894897,0.43586984276771545,-0.028122957795858383,1.131945252418518,0.40029239654541016,-0.025195689871907234,1.1475133895874023,0.3783419132232666,-0.019970983266830444
1.0335493087768555,0.8285704255104065,5.271529630590521e-07,0.9366270899772644,0.7624385356903076,-0.06037129834294319,0.8821218609809875,0.6437588930130005,-0.07823051512241364,0.8740203976631165,0.522133469581604,-0.08767998218536377,0.8553116321563721,0.4174248278141022,-0.09264428913593292,0.9391706585884094,0.4868452250957489,-0.018499959260225296,0.9329434037208557,0.3499341309070587,-0.03305920213460922,0.9311874508857727,0.2629106342792511,-0.04979930445551872,0.9318619966506958,0.1860821545124054,-0.06354165077209473,1.0056971311569214,0.484424352645874,0.00014842339442111552,1.011366367340088,0.38463687896728516,-0.010154464282095432,1.016850233078003,0.3547876179218292,-0.01849627122282982,1.031369686126709,0.3284521698951721,-0.024876469746232033,1.0578304529190063,0.5072121024131775,0.00976525992155075,1.0688681602478027,0.4026656150817871,-0.003322846256196499,1.0734223127365112,0.35728272795677185,-0.00222629657946527,1.0858157873153687,0.320321261882782,-0.0011870133457705379,1.0972087383270264,0.5398743152618408,0.012610774487257004,1.1130350828170776,0.45213234424591064,0.0022639166563749313,1.122918963432312,0.4146614670753479,0.005141065921634436,1.1367027759552002,0.3886583745479584,0.008963103406131268
1.0370099544525146,0.8301268219947815,7.470257656905233e-08,0.941567063331604,0.7618178129196167,-0.05036191642284393,0.888335645198822,0.6392650604248047,-0.06632834672927856,0.8825093507766724,0.5189487934112549,-0.07762563973665237,0.8657622337341309,0.42222413420677185,-0.08482248336076736,0.9534709453582764,0.4885543882846832,-0.01947256177663803,0.9474136829376221,0.3539499342441559,-0.04008764028549194,0.9465583562850952,0.2693631649017334,-0.05613229051232338,0.9477184414863586,0.19287109375,-0.06869275867938995,1.0207812786102295,0.48893263936042786,-0.008045773953199387,0.9934254884719849,0.42335018515586853,-0.04215436801314354,0.9839833974838257,0.46862173080444336,-0.05290057882666588,0.994828462600708,0.5026521682739258,-0.05259411036968231,1.0720973014831543,0.5140002965927124,-0.0036934183444827795,1.0545185804367065,0.44238078594207764,-0.03707181662321091,1.0426549911499023,0.47189760208129883,-0.03320377320051193,1.0497815608978271,0.4996180534362793,-0.02210499718785286,1.1118289232254028,0.5475526452064514,-0.004293837118893862,1.104232668876648,0.48674196004867554,-0.02576398104429245,1.098002314567566,0.49834883213043213,-0.022319532930850983,1.106884479522705,0.5148801803588867,-0.012815926223993301
1.0420817136764526,0.8261833190917969,1.2135043903072074e-07,0.9487152099609375,0.7613952159881592,-0.05574188008904457,0.8981360197067261,0.6417432427406311,-0.07203928381204605,0.8905068039894104,0.5230356454849243,-0.08144568651914597,0.8751219511032104,0.4252302348613739,-0.08582683652639389,0.9592404961585999,0.4844796657562256,-0.020271074026823044,0.9500681161880493,0.3539910316467285,-0.03746839612722397,0.948261559009552,0.2707577347755432,-0.052021678537130356,0.9495458602905273,0.1969895362854004,-0.06361737847328186,1.0236430168151855,0.48521706461906433,-0.005055074580013752,1.0086398124694824,0.40413516759872437,-0.033748313784599304,0.9983585476875305,0.4422260522842407,-0.044288065284490585,1.0038315057754517,0.4785034656524658,-0.04456787556409836,1.0723828077316284,0.5103238821029663,0.0026627525221556425,1.066536545753479,0.427090585231781,-0.027437493205070496,1.0554739236831665,0.45266640186309814,-0.02665199711918831,1.059359073638916,0.4784032106399536,-0.01846897229552269,1.109817385673523,0.5437102317810059,0.005199983716011047,1.109805941581726,0.4744599461555481,-0.013929270207881927,1.1041042804718018,0.48733091354370117,-0.011691796593368053,1.1102745532989502,0.5072258710861206,-0.004141688346862793
1.0550874471664429,0.8194326758384705,6.359157964652695e-07,0.9652916193008423,0.7527252435684204,-0.04955609515309334,0.9224767088890076,0.649337112903595,-0.0701843723654747,0.9227264523506165,0.5408185720443726,-0.08629187941551208,0.9092720150947571,0.4429090619087219,-0.09731472283601761,0.9797747731208801,0.49747300148010254,-0.027527673169970512,0.9623427391052246,0.36729830503463745,-0.05370064079761505,0.9571996927261353,0.28371599316596985,-0.07425795495510101,0.9582380056381226,0.20738643407821655,-0.08751116693019867,1.0238792896270752,0.4937787353992462,-0.018391534686088562,1.0006721019744873,0.36935853958129883,-0.04270210862159729,0.9807186126708984,0.3027029037475586,-0.055162593722343445,0.9734832048416138,0.24953961372375488,-0.061407655477523804,1.0562770366668701,0.5200351476669312,-0.01643342897295952,1.0086584091186523,0.45375269651412964,-0.049090493470430374,0.9792394042015076,0.5045852661132812,-0.04645131155848503,0.9775791168212891,0.5487382411956787,-0.034870028495788574,1.0797573328018188,0.5580737590789795,-0.01961412839591503,1.035936951637268,0.5081267952919006,-0.04359593987464905,1.0116260051727295,0.538529634475708,-0.0389411598443985,1.0100648403167725,0.5702113509178162,-0.028500637039542198
1.0634303092956543,0.8083490133285522,7.71925385834038e-07,0.9737385511398315,0.7625455260276794,-0.06688357144594193,0.9272076487541199,0.6625361442565918,-0.09469367563724518,0.9247114658355713,0.5483622550964355,-0.11110192537307739,0.9099019765853882,0.44745758175849915,-0.12396736443042755,0.976329505443573,0.512290894985199,-0.05477088317275047,0.9627909660339355,0.37327608466148376,-0.08269743621349335,0.9586524963378906,0.28343793749809265,-0.1062258705496788,0.9578138589859009,0.2070082128047943,-0.1215767189860344,1.0307320356369019,0.491985946893692,-0.03585236519575119,1.0260967016220093,0.3410520553588867,-0.05559268593788147,1.021437168121338,0.24342665076255798,-0.07315383106470108,1.0216569900512695,0.1679314374923706,-0.08621666580438614,1.074838638305664,0.4987044334411621,-0.024068478494882584,1.0796451568603516,0.3643621802330017,-0.04364833980798721,1.0802768468856812,0.28032127022743225,-0.05581584945321083,1.085182547569275,0.21497228741645813,-0.06364385038614273,1.1103321313858032,0.5185633301734924,-0.01852315105497837,1.1218314170837402,0.41203027963638306,-0.03495583310723305,1.1282367706298828,0.3467155694961548,-0.041566040366888046,1.135324239730835,0.29343628883361816,-0.04504168778657913
1.0867220163345337,0.8139827251434326,7.389570555460523e-07,0.9870933294296265,0.7792118787765503,-0.06527120620012283,0.9268811941146851,0.6761274933815002,-0.09303123503923416,0.9185990691184998,0.5556163787841797,-0.1098240315914154,0.9087870717048645,0.4515838027000427,-0.12266813218593597,0.9743801355361938,0.5202139019966125,-0.05583052709698677,0.9571697115898132,0.3780684471130371,-0.08595015108585358,0.9496216177940369,0.2853091359138489,-0.11077351868152618,0.946160614490509,0.2054184079170227,-0.12714581191539764,1.0326482057571411,0.4954923987388611,-0.03961480036377907,1.0240343809127808,0.341235876083374,-0.06097690388560295,1.0149470567703247,0.2398565709590912,-0.07864644378423691,1.0119606256484985,0.16158470511436462,-0.09191767126321793,1.0816484689712524,0.4983762800693512,-0.030480392277240753,1.081688404083252,0.3576129078865051,-0.050901006907224655,1.077743411064148,0.2701807916164398,-0.0617661215364933,1.0785953998565674,0.20240545272827148,-0.06894287467002869,1.1230251789093018,0.515314519405365,-0.02763093076646328,1.1294854879379272,0.4037259817123413,-0.04539885371923447,1.1310689449310303,0.33681973814964294,-0.05153355374932289,1.1332638263702393,0.28207966685295105,-0.054468896239995956
0.9945628046989441,0.8388527631759644,7.006609621384996e-07,0.8876041173934937,0.7921348810195923,-0.030900198966264725,0.826211154460907,0.6791558861732483,-0.039288099855184555,0.8201019763946533,0.5656530261039734,-0.04560235142707825,0.8063017725944519,0.4731816053390503,-0.05028490722179413,0.8845040202140808,0.5154923796653748,-0.005041048862040043,0.8626197576522827,0.3818512260913849,-0.023887787014245987,0.8494900465011597,0.29713886976242065,-0.043632905930280685,0.8397725224494934,0.223795086145401,-0.05786394700407982,0.9493191838264465,0.49017447233200073,-0.008659085258841515,0.9365347623825073,0.3385828137397766,-0.019556064158678055,0.9238603115081787,0.24246636033058167,-0.037229061126708984,0.914014995098114,0.1638435423374176,-0.051228463649749756,1.0078496932983398,0.4947297275066376,-0.018741164356470108,1.0088261365890503,0.34694167971611023,-0.03191186487674713,0.9992578029632568,0.25741347670555115,-0.045592255890369415,0.9894086718559265,0.18288585543632507,-0.056630633771419525,1.06739342212677,0.520770251750946,-0.03274057060480118,1.0792957544326782,0.4040106236934662,-0.04482146352529526,1.0809412002563477,0.333832710981369,-0.049153298139572144,1.0775076150894165,0.27362602949142456,-0.0522410050034523
0.8929325342178345,0.8848402500152588,5.923265007368173e-07,0.7821545600891113,0.8277748823165894,-0.027680471539497375,0.7195600271224976,0.7032405138015747,-0.03353893384337425,0.7031301259994507,0.5884870290756226,-0.03792331740260124,0.6815124750137329,0.4966205358505249,-0.0405770018696785,0.7595182657241821,0.5296050906181335,0.0004096563206985593,0.7326338291168213,0.39423999190330505,-0.01603858917951584,0.7188332080841064,0.30717742443084717,-0.03385792300105095,0.7092738151550293,0.23181432485580444,-0.04800579324364662,0.8229795098304749,0.5067873001098633,-0.006151287350803614,0.8095846176147461,0.3565230369567871,-0.015708638355135918,0.8023927211761475,0.26255741715431213,-0.032415151596069336,0.7964524030685425,0.18470799922943115,-0.046180352568626404,0.8854583501815796,0.514326810836792,-0.019268209114670753,0.8809786438941956,0.36830002069473267,-0.03238838165998459,0.8778267502784729,0.2772715389728546,-0.048734381794929504,0.8723984956741333,0.19786393642425537,-0.06199406832456589,0.9494021534919739,0.5466606616973877,-0.03625836968421936,0.9585843086242676,0.4310501217842102,-0.050257183611392975,0.9643122553825378,0.35638099908828735,-0.05827753245830536,0.9656115770339966,0.28790345788002014,-0.0641419067978859
0.8431037068367004,0.8990665674209595,6.548765441038995e-07,0.7332148551940918,0.8504268527030945,-0.03760549798607826,0.6655247211456299,0.7304589748382568,-0.04959254711866379,0.6454259753227234,0.6108969449996948,-0.058964066207408905,0.622164249420166,0.5114033818244934,-0.06625121086835861,0.7149540185928345,0.5347384214401245,-0.007435723673552275,0.6908149719238281,0.3975413143634796,-0.028542205691337585,0.6777105331420898,0.3113305866718292,-0.05086103454232216,0.6677232980728149,0.23436453938484192,-0.06835149973630905,0.7807788848876953,0.5087645053863525,-0.010757704265415668,0.7719319462776184,0.3534170985221863,-0.024871693924069405,0.7666928768157959,0.2593575119972229,-0.04403882473707199,0.7607250213623047,0.1804068386554718,-0.059565991163253784,0.842991292476654,0.5166763663291931,-0.02166840434074402,0.8428227305412292,0.3663775622844696,-0.04063015803694725,0.8400126099586487,0.27714434266090393,-0.055808454751968384,0.8335320353507996,0.1974782943725586,-0.06756822764873505,0.9059579968452454,0.5513783097267151,-0.03722643479704857,0.9195077419281006,0.430653840303421,-0.05709090456366539,0.9273862838745117,0.35539233684539795,-0.06529547274112701,0.9319103956222534,0.2864639461040497,-0.07066819816827774
0.8246877193450928,0.9058396816253662,5.617586111839046e-07,0.7131409645080566,0.8564475774765015,-0.03542759269475937,0.6422742605209351,0.7304465174674988,-0.044974908232688904,0.6231445670127869,0.6068780422210693,-0.052331533282995224,0.5966504812240601,0.5067891478538513,-0.05767498537898064,0.6900799870491028,0.5360604524612427,-0.004420490004122257,0.6645034551620483,0.39655137062072754,-0.02592928148806095,0.652511715888977,0.31001365184783936,-0.04832300543785095,0.6437139511108398,0.23121273517608643,-0.0659867376089096,0.7573683261871338,0.5079033970832825,-0.009177196770906448,0.746116042137146,0.3503786325454712,-0.023738546296954155,0.740418553352356,0.25583967566490173,-0.04282841458916664,0.7345651388168335,0.17454364895820618,-0.05837178975343704,0.8207492828369141,0.5156001448631287,-0.021618101745843887,0.8192682862281799,0.3631853759288788,-0.041126951575279236,0.8177151679992676,0.2736184597015381,-0.05615021660923958,0.8126770257949829,0.1919853687286377,-0.06786759197711945,0.8845006227493286,0.5493330955505371,-0.03858347609639168,0.8962879776954651,0.42813992500305176,-0.05865539237856865,0.9041566848754883,0.35132527351379395,-0.06663732975721359,0.908831000328064,0.27924996614456177,-0.07211924344301224
0.8111191987991333,0.9082305431365967,5.455252107822162e-07,0.6968480944633484,0.8580917119979858,-0.03368564322590828,0.625207245349884,0.7278390526771545,-0.041478514671325684,0.6049019694328308,0.6010013818740845,-0.04735000059008598,0.5750864744186401,0.5021072626113892,-0.05135196074843407,0.6697272658348083,0.5335876941680908,-0.00206461432389915,0.6436765193939209,0.39100182056427,-0.022313427180051804,0.6325215101242065,0.30317649245262146,-0.04410742595791817,0.6247312426567078,0.22297218441963196,-0.0616762600839138,0.7386608719825745,0.5042524933815002,-0.00754213472828269,0.7242828607559204,0.34528669714927673,-0.020599495619535446,0.7180889844894409,0.2504701614379883,-0.03953162580728531,0.7111577987670898,0.16851601004600525,-0.05556027591228485,0.8030682802200317,0.51140958070755,-0.0206452589482069,0.8001402616500854,0.3574826419353485,-0.03935394436120987,0.7974979877471924,0.2666199803352356,-0.05511414259672165,0.7907311320304871,0.1831946074962616,-0.06794288754463196,0.867501974105835,0.5448369979858398,-0.038117095828056335,0.8784942626953125,0.4226587116718292,-0.058088041841983795,0.8858798146247864,0.343588650226593,-0.06677430868148804,0.889625608921051,0.2683960795402527,-0.07311698794364929
0.7742054462432861,0.876886248588562,4.5047860908198345e-07,0.6643031239509583,0.8338732123374939,-0.032054852694272995,0.5897237062454224,0.7151247262954712,-0.03826460242271423,0.5659980773925781,0.5899488925933838,-0.04358579218387604,0.5386328101158142,0.4935530424118042,-0.046402979642152786,0.6215358972549438,0.5208380222320557,0.006007800344377756,0.5751033425331116,0.3910009264945984,-0.009723535738885403,0.5478284358978271,0.3089039921760559,-0.028205756098031998,0.5273181796073914,0.2353818714618683,-0.0441117100417614,0.6864801645278931,0.4835057258605957,0.0014149927301332355,0.6538317203521729,0.3304938077926636,-0.008603022433817387,0.6313479542732239,0.23902010917663574,-0.025618968531489372,0.6116605997085571,0.16529223322868347,-0.040091607719659805,0.7518478631973267,0.48456019163131714,-0.010905873961746693,0.7357516288757324,0.33172887563705444,-0.028279434889554977,0.723166823387146,0.2436426281929016,-0.04352450370788574,0.709190845489502,0.16305801272392273,-0.0559396855533123,0.8191085457801819,0.5133029222488403,-0.027576804161071777,0.8289719820022583,0.3941269516944885,-0.04761466756463051,0.8318619132041931,0.31699076294898987,-0.057537637650966644,0.831761360168457,0.2420085370540619,-0.06466276198625565
0.7646525502204895,0.8622445464134216,2.7761586807173444e-07,0.6581754088401794,0.825229823589325,-0.027945486828684807,0.5805491209030151,0.7118585705757141,-0.03335032984614372,0.5509296655654907,0.5963168144226074,-0.038704246282577515,0.5185322165489197,0.5063602924346924,-0.041902415454387665,0.6033579111099243,0.5264974236488342,0.006182380486279726,0.5487308502197266,0.40345674753189087,-0.011759296990931034,0.5165526866912842,0.32686012983322144,-0.03129202499985695,0.49213117361068726,0.25845271348953247,-0.047326549887657166,0.6612647175788879,0.4847763478755951,-0.0009288989822380245,0.6135364770889282,0.3374132215976715,-0.014389082789421082,0.5830405354499817,0.24843046069145203,-0.03271104022860527,0.5571646690368652,0.17704999446868896,-0.047508325427770615,0.7238861322402954,0.47667795419692993,-0.015292221680283546,0.6922876834869385,0.32916855812072754,-0.0339808464050293,0.6718346476554871,0.23942789435386658,-0.05031130462884903,0.6513786315917969,0.16051247715950012,-0.0632140040397644,0.7914565801620483,0.4928814768791199,-0.03364936262369156,0.7903988361358643,0.37414437532424927,-0.05210806056857109,0.7869404554367065,0.2967504560947418,-0.06153194606304169,0.7809000015258789,0.2254367470741272,-0.06868041306734085
0.7718852758407593,0.8565659523010254,3.0242651405387733e-07,0.6604854464530945,0.8232166767120361,-0.028153572231531143,0.577978253364563,0.7179819941520691,-0.035569824278354645,0.5445436835289001,0.605618417263031,-0.04310886561870575,0.5179480910301208,0.5144815444946289,-0.04846694692969322,0.5954914093017578,0.5307167172431946,0.007748072501271963,0.5399492979049683,0.40922287106513977,-0.01087634451687336,0.5080327391624451,0.33498916029930115,-0.0313691683113575,0.4833144545555115,0.2669821083545685,-0.048207443207502365,0.6522176265716553,0.487958163022995,6.08476602792507e-06,0.5978443622589111,0.34630727767944336,-0.015233930200338364,0.5649861693382263,0.2616635859012604,-0.03540398180484772,0.5369202494621277,0.19077029824256897,-0.05128277465701103,0.7139237523078918,0.4761934280395508,-0.015013284049928188,0.6757827401161194,0.33482110500335693,-0.03541671857237816,0.6502028107643127,0.2469543218612671,-0.0522802397608757,0.6255228519439697,0.17020061612129211,-0.06516505032777786,0.7820419669151306,0.487465500831604,-0.03389202058315277,0.7724507451057434,0.3709820508956909,-0.05282346159219742,0.7656538486480713,0.2940980792045593,-0.06118772178888321,0.7574251890182495,0.22346782684326172,-0.06744298338890076
0.777445375919342,0.858513355255127,2.7499703492139815e-07,0.6657677292823792,0.8320397138595581,-0.024057645350694656,0.5800405740737915,0.7268364429473877,-0.02761463075876236,0.5434780716896057,0.6129472851753235,-0.03186861798167229,0.5111365914344788,0.5254808068275452,-0.034048452973365784,0.5914759635925293,0.5374523997306824,0.015241493470966816,0.5317448973655701,0.41897112131118774,0.0006796325324103236,0.4977327883243561,0.3475484848022461,-0.017500070855021477,0.47060728073120117,0.2820155918598175,-0.033216651529073715,0.6464415192604065,0.49172502756118774,0.006627944763749838,0.5863564610481262,0.35473594069480896,-0.0049435910768806934,0.5497709512710571,0.27362245321273804,-0.023617176339030266,0.518096923828125,0.2056732475757599,-0.03871205821633339,0.7071434259414673,0.47673019766807556,-0.009071757085621357,0.6605371236801147,0.33871525526046753,-0.025903047993779182,0.6289699673652649,0.2546742558479309,-0.04147833585739136,0.5986242294311523,0.18104121088981628,-0.054109033197164536,0.7752842903137207,0.4843202233314514,-0.028522519394755363,0.7576488256454468,0.3698253035545349,-0.044730983674526215,0.745297372341156,0.294666588306427,-0.052155185490846634,0.7320857048034668,0.2248557209968567,-0.05814824625849724
0.7891351580619812,0.858981728553772,2.890616315198713e-07,0.6767701506614685,0.8384343385696411,-0.025498852133750916,0.5860048532485962,0.7355150580406189,-0.028257515281438828,0.5454572439193726,0.6221862435340881,-0.03155762702226639,0.5137220621109009,0.5357394814491272,-0.03237420320510864,0.5905448198318481,0.5445559620857239,0.017965903505682945,0.5288324356079102,0.42815253138542175,0.004621405620127916,0.49330490827560425,0.35789644718170166,-0.013363059610128403,0.4642590284347534,0.2925006151199341,-0.02925679087638855,0.6432156562805176,0.49618715047836304,0.010398387908935547,0.5802825689315796,0.36107611656188965,0.0007194897043518722,0.5428038835525513,0.28159838914871216,-0.016328519210219383,0.5103405714035034,0.21489164233207703,-0.030269313603639603,0.7027844190597534,0.4794870615005493,-0.0047601680271327496,0.6485228538513184,0.3438655734062195,-0.01969805918633938,0.6137503981590271,0.2633085250854492,-0.0330975241959095,0.5811000466346741,0.19245150685310364,-0.04429139569401741,0.7719323039054871,0.4842335879802704,-0.02417694218456745,0.7461315393447876,0.3706851303577423,-0.038895707577466965,0.7295222282409668,0.29754164814949036,-0.04485839977860451,0.7132818102836609,0.2287192940711975,-0.04979955032467842
0.7947572469711304,0.8570146560668945,3.109894635144883e-07,0.6816439628601074,0.8355205059051514,-0.022828642278909683,0.5905819535255432,0.7288549542427063,-0.024287931621074677,0.5491505265235901,0.6147959232330322,-0.02691253460943699,0.511834979057312,0.5294618606567383,-0.02745576947927475,0.5957915782928467,0.5412889122962952,0.021060073748230934,0.5344825983047485,0.4273839592933655,0.007959224283695221,0.49833840131759644,0.35913071036338806,-0.010226799175143242,0.46888870000839233,0.2941664755344391,-0.026037344709038734,0.6475397348403931,0.4937920570373535,0.012652802281081676,0.5854697227478027,0.3579450249671936,0.0036785125266760588,0.5469077825546265,0.2773285508155823,-0.01374297309666872,0.5133402347564697,0.20781466364860535,-0.028012285009026527,0.706972062587738,0.4769418239593506,-0.003123758127912879,0.6525439620018005,0.34065479040145874,-0.017371097579598427,0.616733968257904,0.2628512382507324,-0.030480392277240753,0.5828246474266052,0.1949290633201599,-0.041434720158576965,0.7756257057189941,0.48110073804855347,-0.022978728637099266,0.7488207817077637,0.3682282865047455,-0.03728283941745758,0.730372965335846,0.2960134446620941,-0.042884983122348785,0.7122014164924622,0.22796499729156494,-0.047437526285648346
0.8023354411125183,0.8282567858695984,5.654639494423463e-07,0.6895186305046082,0.7830606698989868,-0.03130273148417473,0.6131502389907837,0.6676352620124817,-0.041082438081502914,0.5839110016822815,0.5460574626922607,-0.049901995807886124,0.5445250272750854,0.4553796648979187,-0.05779244378209114,0.6416890621185303,0.47657257318496704,-0.0027234070003032684,0.605889081954956,0.340610533952713,-0.026212960481643677,0.5876952409744263,0.258082777261734,-0.050445009022951126,0.5730075240135193,0.1792750358581543,-0.06913803517818451,0.7025260925292969,0.4377916753292084,-0.009871182963252068,0.6715152859687805,0.27700677514076233,-0.02499677799642086,0.655127227306366,0.1801377236843109,-0.045905716717243195,0.6408532857894897,0.09729507565498352,-0.0631926953792572,0.7645664811134338,0.43557342886924744,-0.024226056411862373,0.7402063012123108,0.27847376465797424,-0.043914202600717545,0.7235037684440613,0.1813325583934784,-0.058627478778362274,0.705918550491333,0.09393832087516785,-0.07062742114067078,0.8301348090171814,0.4607519507408142,-0.042793113738298416,0.812827467918396,0.33548328280448914,-0.06261061131954193,0.7984215021133423,0.25514817237854004,-0.06889872252941132,0.7817655801773071,0.1821404993534088,-0.07362772524356842
0.8072746992111206,0.8193635940551758,5.375516707317729e-07,0.6976930499076843,0.7784028649330139,-0.03612738847732544,0.6180996298789978,0.665501058101654,-0.04813706874847412,0.5843309164047241,0.5472535490989685,-0.05869966745376587,0.5454903841018677,0.45101624727249146,-0.06809401512145996,0.6486760973930359,0.46947231888771057,-0.002047647023573518,0.6162092685699463,0.3353312015533447,-0.02482515387237072,0.5980826616287231,0.2516494393348694,-0.0495566688477993,0.5856592655181885,0.17184102535247803,-0.06921214610338211,0.7112193703651428,0.4311103820800781,-0.008338304236531258,0.6885046362876892,0.26823920011520386,-0.023994775488972664,0.6767300367355347,0.16766038537025452,-0.046143788844347,0.6661829352378845,0.079570472240448,-0.06465430557727814,0.7715662717819214,0.4294366240501404,-0.02280501089990139,0.757070004940033,0.27478480339050293,-0.042238470166921616,0.7453576922416687,0.17718106508255005,-0.060331299901008606,0.7315793037414551,0.08829188346862793,-0.075530044734478,0.8333700895309448,0.4529021382331848,-0.04198324680328369,0.8242285847663879,0.3307028114795685,-0.06077910214662552,0.8170266151428223,0.25014805793762207,-0.06930539011955261,0.8073858618736267,0.17317792773246765,-0.07672909647226334
0.8101835250854492,0.8127673864364624,5.53946108539094e-07,0.7003569602966309,0.7750976085662842,-0.0373794250190258,0.6199973225593567,0.6630424857139587,-0.049555402249097824,0.5830134153366089,0.5467120409011841,-0.059666089713573456,0.5415655374526978,0.45483389496803284,-0.06842324882745743,0.6458908915519714,0.46572500467300415,-0.004149570129811764,0.6131481528282166,0.33056315779685974,-0.02604333683848381,0.5949360132217407,0.2474418729543686,-0.049770716577768326,0.5819926261901855,0.16922137141227722,-0.06882286816835403,0.7107164859771729,0.4258114695549011,-0.009470727294683456,0.6888905167579651,0.26313579082489014,-0.024431094527244568,0.6771417260169983,0.16324010491371155,-0.04584076255559921,0.6662343740463257,0.07667246460914612,-0.06384945660829544,0.773145318031311,0.42268261313438416,-0.02283337153494358,0.7609155178070068,0.2678816318511963,-0.04221220314502716,0.7520653605461121,0.17004117369651794,-0.05992691218852997,0.7407275438308716,0.08113214373588562,-0.07479283958673477,0.8356361389160156,0.4465259909629822,-0.04083721339702606,0.8288091421127319,0.32533693313598633,-0.05974563956260681,0.8244089484214783,0.24570026993751526,-0.06798014044761658,0.8174008131027222,0.16944032907485962,-0.07503581792116165
0.8140312433242798,0.8042805194854736,4.009023939488543e-07,0.696337878704071,0.7874237298965454,-0.03383224830031395,0.6032458543777466,0.685430645942688,-0.041953328996896744,0.5573703050613403,0.5702519416809082,-0.04850161075592041,0.5047203898429871,0.49357596039772034,-0.05330943688750267,0.61351078748703,0.49007049202919006,0.001401364803314209,0.5618034601211548,0.36165866255760193,-0.01741475611925125,0.5343400835990906,0.28004932403564453,-0.03821199759840965,0.5138901472091675,0.20662444829940796,-0.05561698600649834,0.6734148859977722,0.43873006105422974,-0.0036497795954346657,0.6281628012657166,0.2864230275154114,-0.016963573172688484,0.6029433608055115,0.19367000460624695,-0.036123767495155334,0.581587553024292,0.11738312244415283,-0.05237250402569771,0.7359899878501892,0.4241127371788025,-0.016488809138536453,0.7035567760467529,0.2730162739753723,-0.035432714968919754,0.6840291023254395,0.17944449186325073,-0.05344196781516075,0.6641384959220886,0.09603098034858704,-0.06827939301729202,0.8050622940063477,0.4346729815006256,-0.033611346036195755,0.793884813785553,0.31512710452079773,-0.05322466418147087,0.7844823002815247,0.23869866132736206,-0.0635007917881012,0.77348792552948,0.16748479008674622,-0.07186347246170044
0.8124922513961792,0.8034965991973877,4.73329777150866e-07,0.698879063129425,0.7964402437210083,-0.033594902604818344,0.6036984920501709,0.693071186542511,-0.04134766384959221,0.5541247725486755,0.5772340297698975,-0.047115374356508255,0.497901976108551,0.4988754391670227,-0.051367953419685364,0.6059349179267883,0.49765804409980774,-0.005054666195064783,0.5493256449699402,0.3697611689567566,-0.02535547874867916,0.5197315216064453,0.2908591032028198,-0.04553718492388725,0.4969739019870758,0.21893921494483948,-0.061836447566747665,0.6658658385276794,0.44464072585105896,-0.010976986959576607,0.6139200925827026,0.2922791838645935,-0.025678010657429695,0.5859622359275818,0.20065829157829285,-0.04452253878116608,0.562220573425293,0.12361449003219604,-0.06006943807005882,0.7297390699386597,0.427915096282959,-0.02422408200800419,0.6915352940559387,0.27788716554641724,-0.04457404091954231,0.6694971323013306,0.18630218505859375,-0.06125764921307564,0.6468697190284729,0.10412704944610596,-0.07485246658325195,0.7981842160224915,0.43617382645606995,-0.04154757782816887,0.7820719480514526,0.3166095018386841,-0.06233195587992668,0.7727252244949341,0.23789697885513306,-0.0715249553322792,0.7615607976913452,0.1642753779888153,-0.07862037420272827
0.8117558360099792,0.8002476692199707,4.165592031313281e-07,0.6989113688468933,0.7930465936660767,-0.03199243173003197,0.602849006652832,0.6926950216293335,-0.03902113810181618,0.5499972701072693,0.5801428556442261,-0.04460065811872482,0.4923763573169708,0.5048173666000366,-0.04857174679636955,0.599970281124115,0.5030370950698853,-0.0014808010309934616,0.5377771854400635,0.3814898133277893,-0.020816035568714142,0.5036402940750122,0.30672430992126465,-0.04045594483613968,0.4765300750732422,0.23783975839614868,-0.056746114045381546,0.658107340335846,0.4469220042228699,-0.008113715797662735,0.5991793870925903,0.3016020655632019,-0.022936830297112465,0.5659688711166382,0.21516597270965576,-0.04242076724767685,0.5368123650550842,0.1411241590976715,-0.058326609432697296,0.7219465970993042,0.4268336594104767,-0.021924715489149094,0.679114580154419,0.27969932556152344,-0.042948782444000244,0.6537973880767822,0.19128406047821045,-0.05976514145731926,0.627727210521698,0.11185625195503235,-0.07325948029756546,0.7915235161781311,0.43290579319000244,-0.03960920497775078,0.7745925188064575,0.31614434719085693,-0.06098834425210953,0.7641769051551819,0.23812264204025269,-0.07021196186542511,0.7516244649887085,0.16475462913513184,-0.07716326415538788
0.8210890293121338,0.7870481014251709,3.0097555736574577e-07,0.7083266973495483,0.7802104949951172,-0.029660619795322418,0.6098348498344421,0.6907181739807129,-0.035761259496212006,0.5529949069023132,0.5870462656021118,-0.041385941207408905,0.49610278010368347,0.5119941234588623,-0.04532697796821594,0.602440357208252,0.5083622932434082,0.0023578403051942587,0.5261695384979248,0.4029313623905182,-0.017557263374328613,0.4807765781879425,0.3374350070953369,-0.03779367357492447,0.44351959228515625,0.2758851945400238,-0.05446373671293259,0.6567626595497131,0.44696614146232605,-0.005180246662348509,0.585597038269043,0.314046174287796,-0.02109479159116745,0.5422681570053101,0.2343747615814209,-0.04169655218720436,0.5040684342384338,0.1673504114151001,-0.0580008365213871,0.719117283821106,0.4210261404514313,-0.019813774153590202,0.6713510155677795,0.28238606452941895,-0.042256198823451996,0.6408757567405701,0.19815486669540405,-0.060317642986774445,0.6093523502349854,0.12424534559249878,-0.07403609156608582,0.7888501882553101,0.4221460819244385,-0.03809220716357231,0.771511435508728,0.31022146344184875,-0.05963917449116707,0.7583869695663452,0.23462963104248047,-0.06896727532148361,0.7421656250953674,0.16564911603927612,-0.0757746621966362
0.8234570622444153,0.7844472527503967,3.6104259493185964e-07,0.7120622396469116,0.7772763967514038,-0.027361856773495674,0.6140864491462708,0.686508059501648,-0.03260433301329613,0.5575926899909973,0.5838080644607544,-0.0371861606836319,0.5001256465911865,0.5145988464355469,-0.04032069817185402,0.604580819606781,0.5018825531005859,0.0034113808069378138,0.5310178399085999,0.3954921066761017,-0.013311212882399559,0.48766854405403137,0.3300292491912842,-0.03176083415746689,0.4521733522415161,0.2698264718055725,-0.047470979392528534,0.6608166694641113,0.4412853419780731,-0.004652493633329868,0.5954378843307495,0.3051009774208069,-0.01592988148331642,0.5557922124862671,0.2255820333957672,-0.034200042486190796,0.5206912755966187,0.15982580184936523,-0.04969131946563721,0.7248172760009766,0.4162643253803253,-0.019355641677975655,0.6814157366752625,0.27253276109695435,-0.03762245550751686,0.655242919921875,0.1871008276939392,-0.05323253571987152,0.6276763081550598,0.11267948150634766,-0.06626369804143906,0.7948731184005737,0.42029011249542236,-0.03744947537779808,0.7797789573669434,0.30623501539230347,-0.05611930787563324,0.7698152661323547,0.2304227650165558,-0.06300003081560135,0.7563554048538208,0.16063076257705688,-0.06849191337823868
0.8164650201797485,0.7934236526489258,6.181923026815639e-07,0.7046788930892944,0.7672579288482666,-0.031737953424453735,0.6147528290748596,0.662729024887085,-0.037532221525907516,0.5713041424751282,0.5527945756912231,-0.04146964102983475,0.5227142572402954,0.4790523052215576,-0.04532024264335632,0.6377987265586853,0.4618552625179291,-0.008638417348265648,0.5928223133087158,0.33554160594940186,-0.02650989219546318,0.5667681097984314,0.25560927391052246,-0.04401492699980736,0.5471301078796387,0.1836114227771759,-0.05843506008386612,0.7059615850448608,0.41726231575012207,-0.014879022724926472,0.6828032732009888,0.25509220361709595,-0.028323618695139885,0.670966386795044,0.15676110982894897,-0.04703052341938019,0.6624041199684143,0.07408183813095093,-0.06237276643514633,0.770988941192627,0.41209298372268677,-0.027838224545121193,0.771134614944458,0.25355949997901917,-0.05277012288570404,0.7707679867744446,0.157846599817276,-0.07277131825685501,0.7673253417015076,0.07343551516532898,-0.08650849014520645,0.8336064219474792,0.4373724162578583,-0.04378382861614227,0.8450672626495361,0.3136877417564392,-0.0701768770813942,0.8532037138938904,0.23361071944236755,-0.08143030852079391,0.857064962387085,0.15802577137947083,-0.08850625157356262
0.8160447478294373,0.793242335319519,6.269962113947258e-07,0.7037672400474548,0.775300145149231,-0.03933561220765114,0.6162160634994507,0.6695392727851868,-0.051317356526851654,0.5728965401649475,0.5589197278022766,-0.059656772762537,0.5200693607330322,0.4830338656902313,-0.06733343750238419,0.6414240002632141,0.4686239957809448,-0.01778639853000641,0.59670090675354,0.3413969874382019,-0.038666438311338425,0.5723129510879517,0.26062461733818054,-0.05811642110347748,0.5562905669212341,0.18822139501571655,-0.07388964295387268,0.7104122042655945,0.42169857025146484,-0.022204505279660225,0.691845715045929,0.25414013862609863,-0.037053000181913376,0.6815646886825562,0.15358644723892212,-0.05513567849993706,0.6739926338195801,0.07159513235092163,-0.07044897973537445,0.7753807306289673,0.41571298241615295,-0.033902693539857864,0.7767670154571533,0.2523542046546936,-0.05801937356591225,0.7758653163909912,0.1521274447441101,-0.07678521424531937,0.7722318172454834,0.06298545002937317,-0.09130564332008362,0.837952733039856,0.4402906596660614,-0.049353618174791336,0.8531917333602905,0.3165668249130249,-0.07406038045883179,0.864844799041748,0.23546673357486725,-0.08404570817947388,0.8725526332855225,0.15832281112670898,-0.09143193066120148
0.8199586272239685,0.7942187786102295,3.137933219932165e-07,0.709420919418335,0.7867226600646973,-0.029417339712381363,0.6122130751609802,0.7010364532470703,-0.037686437368392944,0.55696040391922,0.6071524620056152,-0.0458383746445179,0.5007220506668091,0.5438994765281677,-0.05283760279417038,0.598816990852356,0.5133383870124817,-0.0015726883430033922,0.5285650491714478,0.4084726572036743,-0.020915169268846512,0.48407959938049316,0.3406035304069519,-0.04128040000796318,0.44761568307876587,0.27908849716186523,-0.05820869654417038,0.6550735831260681,0.4530002176761627,-0.00976040493696928,0.5977197289466858,0.3143429756164551,-0.025330865755677223,0.5611679553985596,0.22944624722003937,-0.04565226659178734,0.530265748500824,0.15927162766456604,-0.06206485629081726,0.721269428730011,0.4307793080806732,-0.024655567482113838,0.6883069276809692,0.28404295444488525,-0.04722835496068001,0.6679967045783997,0.19484037160873413,-0.0676642581820488,0.6459466218948364,0.11478957533836365,-0.08303865790367126,0.7927548289299011,0.436296284198761,-0.042721111327409744,0.7917481064796448,0.31642913818359375,-0.0642557218670845,0.7915605902671814,0.2381344437599182,-0.07482156902551651,0.7882847189903259,0.1643868088722229,-0.08259908854961395
0.8181238770484924,0.7947334051132202,3.512080581913324e-07,0.7081237435340881,0.8000514507293701,-0.026990527287125587,0.6079469919204712,0.7169800996780396,-0.031349945813417435,0.550406277179718,0.6211901903152466,-0.03524699807167053,0.4919053018093109,0.5608797073364258,-0.037711191922426224,0.5871156454086304,0.5282157063484192,0.00262649729847908,0.5084468126296997,0.4307342767715454,-0.01489956583827734,0.46157634258270264,0.3691369295120239,-0.033872559666633606,0.42238283157348633,0.3137049674987793,-0.049505919218063354,0.6408582329750061,0.463871568441391,-0.0057556950487196445,0.5714288949966431,0.3342685401439667,-0.017807897180318832,0.5287363529205322,0.2555212676525116,-0.036213863641023636,0.4913662075996399,0.1912550926208496,-0.051213715225458145,0.7051848769187927,0.4356797933578491,-0.020863523706793785,0.662546694278717,0.2981642782688141,-0.041647735983133316,0.6366927027702332,0.21216470003128052,-0.06104500964283943,0.6092507839202881,0.13605117797851562,-0.0757947489619255,0.776145339012146,0.4354737401008606,-0.03916136175394058,0.7689850330352783,0.3171285390853882,-0.061188146471977234,0.7655574083328247,0.23894840478897095,-0.07152252644300461,0.7576090097427368,0.16729742288589478,-0.0789111852645874
0.8211145401000977,0.7917203903198242,2.89797043251383e-07,0.7117903232574463,0.8053176403045654,-0.02800193801522255,0.6068465709686279,0.7266892194747925,-0.032231442630290985,0.5457313060760498,0.6303554773330688,-0.03585707023739815,0.4844730496406555,0.5690218806266785,-0.03779534623026848,0.5816765427589417,0.5396863222122192,0.003297315211966634,0.4985255300998688,0.44930824637413025,-0.014607994817197323,0.4479788839817047,0.39237892627716064,-0.034020502120256424,0.4052749574184418,0.34154295921325684,-0.05000166594982147,0.6321080327033997,0.4729873836040497,-0.004383506719022989,0.5542860627174377,0.3526241183280945,-0.01696164347231388,0.5056784749031067,0.28042203187942505,-0.035850103944540024,0.4633828401565552,0.22186437249183655,-0.05123867839574814,0.6944905519485474,0.44030389189720154,-0.01900542341172695,0.6432735323905945,0.30990278720855713,-0.04008657485246658,0.6124522686004639,0.22899460792541504,-0.058994632214307785,0.5808925032615662,0.15756508708000183,-0.07340653985738754,0.7647054195404053,0.4340701103210449,-0.03701484948396683,0.7506728768348694,0.3187427222728729,-0.05864007771015167,0.743881106376648,0.24225175380706787,-0.06879813224077225,0.7334980964660645,0.17184779047966003,-0.0761822909116745
0.8340152502059937,0.7759405374526978,3.160373012178752e-07,0.7249631881713867,0.7920290231704712,-0.029943453148007393,0.6174331903457642,0.7233371734619141,-0.03500444442033768,0.5520955324172974,0.633675217628479,-0.039243243634700775,0.4910658001899719,0.568605899810791,-0.04120709002017975,0.586519181728363,0.5421391129493713,0.0036046018358319998,0.4997459352016449,0.4576316475868225,-0.01554465014487505,0.4459218382835388,0.40443554520606995,-0.03540799766778946,0.3996730446815491,0.3560417890548706,-0.051494646817445755,0.6334973573684692,0.4718451201915741,-0.0030272584408521652,0.5505667328834534,0.35667532682418823,-0.017124690115451813,0.4998151659965515,0.28785037994384766,-0.03608594089746475,0.45537006855010986,0.2317194938659668,-0.0508795902132988,0.693487286567688,0.43481144309043884,-0.01696006767451763,0.6359649300575256,0.311367392539978,-0.03869340568780899,0.5990158319473267,0.23653826117515564,-0.055958811193704605,0.5615281462669373,0.17169448733329773,-0.06855347752571106,0.7632309794425964,0.4227181077003479,-0.034589383751153946,0.7430091500282288,0.31180986762046814,-0.05552572384476662,0.7290725111961365,0.23733043670654297,-0.06424707919359207,0.7116053700447083,0.16976425051689148,-0.07018517702817917
0.8365795016288757,0.7809603214263916,4.27148165726976e-07,0.7268174886703491,0.7917384505271912,-0.027720412239432335,0.6193084716796875,0.712312638759613,-0.03079037368297577,0.5551412105560303,0.6174846291542053,-0.0331229604780674,0.49510860443115234,0.5549409985542297,-0.03359484672546387,0.5895528793334961,0.5330417156219482,0.004827671218663454,0.5053715705871582,0.4419655203819275,-0.011039761826395988,0.45444193482398987,0.38441145420074463,-0.028860732913017273,0.4123300015926361,0.3312249779701233,-0.043937865644693375,0.6400520205497742,0.4638095498085022,-0.002409246051684022,0.5633182525634766,0.34119290113449097,-0.011738551780581474,0.5171989798545837,0.2685919404029846,-0.02892090007662773,0.47803497314453125,0.2093925178050995,-0.0433725081384182,0.7028179168701172,0.4287237524986267,-0.016411887481808662,0.6472489833831787,0.2961595058441162,-0.033372875303030014,0.6153175234794617,0.21667781472206116,-0.04815549775958061,0.5839195251464844,0.14891892671585083,-0.06039637699723244,0.7745904922485352,0.421590119600296,-0.03403849899768829,0.7548052072525024,0.30815839767456055,-0.05177312344312668,0.7433738708496094,0.2316749393939972,-0.05796704813838005,0.7301723957061768,0.16214734315872192,-0.06267707794904709
0.838486909866333,0.7813842296600342,5.379507115321758e-07,0.7265886068344116,0.7707198858261108,-0.028877392411231995,0.631649374961853,0.6731208562850952,-0.032957423478364944,0.5801445841789246,0.5645628571510315,-0.03593875840306282,0.5232273936271667,0.49420711398124695,-0.03853359445929527,0.6287932991981506,0.4849781394004822,-0.004766562953591347,0.5641871690750122,0.3720030188560486,-0.02224760502576828,0.5251023769378662,0.2999083995819092,-0.038888055831193924,0.49365586042404175,0.2341766357421875,-0.052814215421676636,0.6901353001594543,0.42679083347320557,-0.012479154393076897,0.6422120332717896,0.27742111682891846,-0.025612542405724525,0.6152993440628052,0.18483281135559082,-0.04430321231484413,0.5936111807823181,0.10663703083992004,-0.059578243643045425,0.7554202079772949,0.4088543951511383,-0.026695748791098595,0.7324141263961792,0.25734400749206543,-0.05170484259724617,0.7176021933555603,0.1641232669353485,-0.0723297968506813,0.7000433206558228,0.08130031824111938,-0.086862713098526,0.823131263256073,0.421841025352478,-0.04363980144262314,0.8236166834831238,0.2992557883262634,-0.0712043046951294,0.8255486488342285,0.21678507328033447,-0.08335522562265396,0.822554349899292,0.1409977376461029,-0.09094987064599991
0.8416002988815308,0.77812659740448,5.930658630859398e-07,0.7308511734008789,0.7706719636917114,-0.03536279872059822,0.6380698680877686,0.6753134727478027,-0.045228466391563416,0.5878078937530518,0.5685458779335022,-0.05265963450074196,0.5321994423866272,0.492963969707489,-0.05873348191380501,0.6356646418571472,0.4816124439239502,-0.009995568543672562,0.5710354447364807,0.3672698736190796,-0.030212700366973877,0.533608615398407,0.29354146122932434,-0.04948076978325844,0.505478024482727,0.2278885543346405,-0.06489846110343933,0.6985462307929993,0.4232773780822754,-0.015905750915408134,0.6551353931427002,0.2641052007675171,-0.030120115727186203,0.6302040815353394,0.16875874996185303,-0.04849747195839882,0.6094505190849304,0.09197664260864258,-0.06335492432117462,0.7643777132034302,0.4057919979095459,-0.028923628851771355,0.740503191947937,0.24730296432971954,-0.05223587527871132,0.7265889644622803,0.15085217356681824,-0.07033813744783401,0.7106526494026184,0.06539830565452576,-0.08403573930263519,0.8327978849411011,0.41908925771713257,-0.04549190402030945,0.8355385661125183,0.29545336961746216,-0.06965049356222153,0.8400023579597473,0.21331310272216797,-0.07874745875597,0.8407273888587952,0.1367872655391693,-0.08484341949224472
0.8430526256561279,0.7784562110900879,5.399131168815074e-07,0.7317380905151367,0.7714658379554749,-0.03410131111741066,0.6388596892356873,0.6734517216682434,-0.04260854795575142,0.5883216857910156,0.5653499960899353,-0.04904630407691002,0.529708743095398,0.493345707654953,-0.054735176265239716,0.639458179473877,0.480264812707901,-0.009113182313740253,0.5735362768173218,0.36607760190963745,-0.029313717037439346,0.5346826910972595,0.2926141023635864,-0.04859254136681557,0.5052037239074707,0.2256263941526413,-0.06434556096792221,0.7015735507011414,0.42193663120269775,-0.0157349593937397,0.6563833951950073,0.264618456363678,-0.029943382367491722,0.6314103007316589,0.17015913128852844,-0.04826565831899643,0.6114652752876282,0.09229543805122375,-0.06354465335607529,0.7669869065284729,0.4052158296108246,-0.029435601085424423,0.7442119717597961,0.24661363661289215,-0.05311336740851402,0.7320033311843872,0.15058934688568115,-0.07177609950304031,0.7181715369224548,0.06495949625968933,-0.08614233881235123,0.8349936008453369,0.4191448986530304,-0.046641234308481216,0.8385941982269287,0.2957645058631897,-0.07121793925762177,0.8434231281280518,0.21293392777442932,-0.0811891183257103,0.8443008065223694,0.13471317291259766,-0.08837274461984634
0.8420177698135376,0.7802929878234863,5.134573939358233e-07,0.7307010293006897,0.7725337743759155,-0.03286287188529968,0.6364683508872986,0.6734424829483032,-0.04104894772171974,0.5841695070266724,0.5649666786193848,-0.04749727621674538,0.5236431956291199,0.4961286783218384,-0.05323401093482971,0.6349596977233887,0.4860042333602905,-0.007641761098057032,0.568534255027771,0.37058913707733154,-0.028253979980945587,0.5305759906768799,0.2961254119873047,-0.04793848469853401,0.5018948316574097,0.22809021174907684,-0.06378865242004395,0.6965517401695251,0.42744699120521545,-0.01456643920391798,0.6468232274055481,0.2732269763946533,-0.0289644505828619,0.6210956573486328,0.18048468232154846,-0.047468025237321854,0.6017682552337646,0.10375940799713135,-0.06276815384626389,0.7624564170837402,0.40869027376174927,-0.02844754233956337,0.735684335231781,0.2521415948867798,-0.05188191682100296,0.723332941532135,0.15585651993751526,-0.07057350128889084,0.7106509804725647,0.07103213667869568,-0.08488723635673523,0.8318898677825928,0.419717013835907,-0.04572150483727455,0.8335647583007812,0.2964918613433838,-0.06954732537269592,0.837635338306427,0.21351847052574158,-0.07931170612573624,0.8383613228797913,0.13596129417419434,-0.08642510324716568
0.8533045053482056,0.7755005359649658,2.5139365789073054e-07,0.7435440421104431,0.7865482568740845,-0.02667994797229767,0.637694776058197,0.7133525609970093,-0.03200029581785202,0.5750445127487183,0.6289663314819336,-0.03815463185310364,0.5156933665275574,0.5807979106903076,-0.04314311221241951,0.5988104343414307,0.5360175967216492,0.0038029488641768694,0.5177757143974304,0.44520968198776245,-0.015292930416762829,0.46837499737739563,0.38559532165527344,-0.035933636128902435,0.4270821809768677,0.3297778069972992,-0.05322792008519173,0.6460557579994202,0.46740880608558655,-0.005067538470029831,0.5694642663002014,0.3482784628868103,-0.019893258810043335,0.5225341320037842,0.2740635871887207,-0.0393262542784214,0.4823506474494934,0.21139854192733765,-0.05530983954668045,0.7083176374435425,0.43196988105773926,-0.020885290578007698,0.6537166237831116,0.3016231060028076,-0.04182576760649681,0.6210008859634399,0.22158285975456238,-0.06041276082396507,0.5884460806846619,0.15074384212493896,-0.07481699436903,0.7800691723823547,0.42130589485168457,-0.04031223803758621,0.7632134556770325,0.3077644407749176,-0.06144820153713226,0.7524806261062622,0.23250716924667358,-0.07241655141115189,0.739841878414154,0.16126161813735962,-0.08057155460119247
0.8533421158790588,0.7742477655410767,2.865168937660201e-07,0.7465029954910278,0.8021245002746582,-0.025902962312102318,0.6341250538825989,0.7396494150161743,-0.027595408260822296,0.5652782320976257,0.6567566394805908,-0.02938828431069851,0.4988832473754883,0.6124854683876038,-0.02948974259197712,0.5873807072639465,0.5638386607170105,0.008301046676933765,0.4972500801086426,0.4844687879085541,-0.00677788769826293,0.44326454401016235,0.43211084604263306,-0.024345653131604195,0.3980841636657715,0.38405710458755493,-0.039178524166345596,0.6306015253067017,0.48863378167152405,0.00048211190733127296,0.5431035161018372,0.38554877042770386,-0.009303647093474865,0.4891187250614166,0.3223227262496948,-0.026590576395392418,0.44410744309425354,0.27105411887168884,-0.041076939553022385,0.6894310116767883,0.4444672763347626,-0.01424936018884182,0.6248223781585693,0.3271310329437256,-0.03181339427828789,0.5863157510757446,0.25515854358673096,-0.049472615122795105,0.549659013748169,0.19316557049751282,-0.0635923370718956,0.7589104771614075,0.424013614654541,-0.032571230083703995,0.7325778007507324,0.3150123953819275,-0.05132339522242546,0.718256413936615,0.24441924691200256,-0.06073316931724548,0.7030810713768005,0.18069207668304443,-0.06782300025224686
0.8648770451545715,0.7863221168518066,3.311108685011277e-07,0.7547478675842285,0.8172723054885864,-0.026824994012713432,0.6416487097740173,0.7542601227760315,-0.030626825988292694,0.5724252462387085,0.6691168546676636,-0.034347303211688995,0.5028093457221985,0.623292088508606,-0.03695175051689148,0.5950297117233276,0.5826917290687561,0.0035624178126454353,0.501833975315094,0.5039291381835938,-0.016604488715529442,0.4442238211631775,0.45160919427871704,-0.0371437706053257,0.394660621881485,0.4044177830219269,-0.053621068596839905,0.6381049156188965,0.5060631036758423,-0.005929859355092049,0.5456075072288513,0.3986909091472626,-0.020697886124253273,0.4877951145172119,0.33556705713272095,-0.04062151536345482,0.43808138370513916,0.28606313467025757,-0.05623144283890724,0.6962885856628418,0.4613228440284729,-0.022200701758265495,0.6247408986091614,0.343511700630188,-0.04373832046985626,0.5797713398933411,0.2736702561378479,-0.06040024384856224,0.5367433428764343,0.2154739797115326,-0.0730007216334343,0.7659367918968201,0.4406115710735321,-0.04203777387738228,0.7306777834892273,0.33384060859680176,-0.06303991377353668,0.7076156139373779,0.26304638385772705,-0.07084471732378006,0.6825913190841675,0.19994774460792542,-0.07637568563222885
0.8706777095794678,0.7952498197555542,4.3995592591272725e-07,0.7589185237884521,0.8150376081466675,-0.02794220857322216,0.6466570496559143,0.7441381216049194,-0.030960118398070335,0.5789318680763245,0.6547824144363403,-0.033207036554813385,0.5172134637832642,0.6035611033439636,-0.03401877358555794,0.6050525307655334,0.5683800578117371,0.001759798964485526,0.5169183015823364,0.4807872176170349,-0.01616734266281128,0.4611720144748688,0.425601989030838,-0.03529642894864082,0.41426196694374084,0.37564560770988464,-0.05117853730916977,0.6511982083320618,0.4947405755519867,-0.006227307487279177,0.5674896240234375,0.3736805021762848,-0.01803189516067505,0.5146286487579346,0.3028905391693115,-0.03626636415719986,0.46963921189308167,0.24606817960739136,-0.05116979777812958,0.7116332054138184,0.45424872636795044,-0.02086922712624073,0.6462932825088501,0.3246575593948364,-0.03935408964753151,0.6061655282974243,0.2504194378852844,-0.05461612716317177,0.5670139789581299,0.18840673565864563,-0.06705428659915924,0.7834075689315796,0.43951651453971863,-0.03925124183297157,0.7527741193771362,0.3274111747741699,-0.058206282556056976,0.7325882315635681,0.254367858171463,-0.06488680094480515,0.7107190489768982,0.18838849663734436,-0.06990975141525269
0.870550274848938,0.8055168390274048,4.822875325771747e-07,0.7570639848709106,0.813309907913208,-0.02798273414373398,0.6522378325462341,0.7343512773513794,-0.03224272280931473,0.592820942401886,0.6390155553817749,-0.03582087159156799,0.5380919575691223,0.5779754519462585,-0.03813771530985832,0.6192281246185303,0.5477540493011475,0.0024101221933960915,0.5378311276435852,0.4523809254169464,-0.01519576832652092,0.48483771085739136,0.39398497343063354,-0.03415917977690697,0.44085630774497986,0.3418143689632416,-0.04968925938010216,0.6704805493354797,0.48053544759750366,-0.005665943957865238,0.598281979560852,0.34704408049583435,-0.017103733494877815,0.5524394512176514,0.2677375376224518,-0.03496721759438515,0.5135553479194641,0.20453572273254395,-0.04964954033493996,0.7322352528572083,0.44769951701164246,-0.0206594280898571,0.6786907315254211,0.31181633472442627,-0.039628639817237854,0.6431856751441956,0.23066726326942444,-0.0561538003385067,0.6072944402694702,0.16255027055740356,-0.06934347003698349,0.8028014898300171,0.440318763256073,-0.03930465131998062,0.7812788486480713,0.3230949640274048,-0.05840945616364479,0.7676759362220764,0.24710172414779663,-0.0656275823712349,0.7514448165893555,0.17862582206726074,-0.07114744931459427
0.8726218938827515,0.8153997659683228,4.913202928946703e-07,0.760163426399231,0.8151397705078125,-0.0308125801384449,0.6577358245849609,0.7254455089569092,-0.037015851587057114,0.6010425090789795,0.6231101751327515,-0.04172506555914879,0.5435402393341064,0.5587111115455627,-0.0452103316783905,0.6368299722671509,0.5340198278427124,-0.002763366559520364,0.5616471171379089,0.43218427896499634,-0.022118959575891495,0.514352560043335,0.3689541220664978,-0.04180726036429405,0.47536182403564453,0.3122585415840149,-0.05765651911497116,0.6926808953285217,0.47024965286254883,-0.010277766734361649,0.6309622526168823,0.3254074156284332,-0.02318732626736164,0.5929095149040222,0.23889988660812378,-0.04145273566246033,0.5600558519363403,0.16945630311965942,-0.05646245554089546,0.75603848695755,0.445056676864624,-0.024821490049362183,0.7146691083908081,0.3000909686088562,-0.045755937695503235,0.6866591572761536,0.2129213809967041,-0.0625690147280693,0.6567729115486145,0.13897621631622314,-0.07575646042823792,0.8263453245162964,0.4478324353694916,-0.04303533956408501,0.8131015300750732,0.3264147639274597,-0.06376664340496063,0.8054525852203369,0.2482084333896637,-0.07125664502382278,0.7940436005592346,0.17774438858032227,-0.07688702642917633
0.8609866499900818,0.8458399176597595,6.035165256434993e-07,0.7496596574783325,0.816949725151062,-0.039004135876894,0.6659764051437378,0.7079912424087524,-0.048445746302604675,0.627901554107666,0.5879296064376831,-0.05462132766842842,0.5785874724388123,0.5072576999664307,-0.059608567506074905,0.6873552203178406,0.5155760645866394,-0.014323092997074127,0.6372771859169006,0.3894364833831787,-0.03406207263469696,0.6089534759521484,0.3103996813297272,-0.052491992712020874,0.587547242641449,0.23837032914161682,-0.06791366636753082,0.7555574774742126,0.4708264470100403,-0.01759825274348259,0.7264463305473328,0.30650240182876587,-0.032295238226652145,0.7153360843658447,0.20907095074653625,-0.051519542932510376,0.7065989971160889,0.12695637345314026,-0.06786280870437622,0.8209702372550964,0.46675917506217957,-0.028255818411707878,0.8154102563858032,0.30642572045326233,-0.05517905578017235,0.8150812387466431,0.21358782052993774,-0.07447792589664459,0.8108442425727844,0.13142377138137817,-0.08823327720165253,0.8873709440231323,0.49105164408683777,-0.04268309846520424,0.9027262330055237,0.3720991611480713,-0.07168684154748917,0.9159234166145325,0.2969619035720825,-0.08321491628885269,0.923700213432312,0.22656258940696716,-0.09054054319858551
0.8540879487991333,0.8497300148010254,5.447941475722473e-07,0.7464803457260132,0.8244137167930603,-0.03631703183054924,0.6656513810157776,0.7134625911712646,-0.04617629945278168,0.6295322179794312,0.5972564220428467,-0.053728025406599045,0.5792235136032104,0.5152077078819275,-0.06079379469156265,0.6909970641136169,0.5244858860969543,-0.014195198193192482,0.63953697681427,0.39860737323760986,-0.03655072674155235,0.6092966794967651,0.3173596262931824,-0.05666344240307808,0.587260365486145,0.24387770891189575,-0.072789765894413,0.7577266693115234,0.4791003167629242,-0.019841616973280907,0.732452929019928,0.3147800862789154,-0.0355648435652256,0.7206454873085022,0.21570178866386414,-0.05364445224404335,0.7118149995803833,0.1341077983379364,-0.0687844380736351,0.8219900727272034,0.47411102056503296,-0.032721493393182755,0.8177474141120911,0.31612256169319153,-0.05661206319928169,0.8173325061798096,0.2199721336364746,-0.07446404546499252,0.8134047985076904,0.13378053903579712,-0.08845218271017075,0.885698676109314,0.49882587790489197,-0.049484241753816605,0.903440535068512,0.3820858597755432,-0.07336873561143875,0.9178962707519531,0.305339515209198,-0.08295128494501114,0.9274789094924927,0.23319202661514282,-0.09022589027881622
0.8476429581642151,0.8527671694755554,5.241957410362375e-07,0.7414314150810242,0.8266704678535461,-0.03395586460828781,0.6601195335388184,0.7185737490653992,-0.043990686535835266,0.6244081854820251,0.6034051179885864,-0.05199732631444931,0.5752370357513428,0.5225456357002258,-0.05962498113512993,0.6826525330543518,0.5348158478736877,-0.01528626587241888,0.6298234462738037,0.4087495505809784,-0.038079217076301575,0.5999597907066345,0.3283465504646301,-0.05855495110154152,0.5782981514930725,0.25599759817123413,-0.07460437715053558,0.7491070628166199,0.4891279935836792,-0.021776888519525528,0.7207277417182922,0.32561194896698,-0.037955280393362045,0.7075526714324951,0.2281123697757721,-0.05689093843102455,0.6976764798164368,0.1479116678237915,-0.07252489775419235,0.8139689564704895,0.48269036412239075,-0.03485574945807457,0.8095818758010864,0.323195219039917,-0.0589403435587883,0.8109936714172363,0.22749090194702148,-0.07755650579929352,0.8092578053474426,0.14409184455871582,-0.09177085012197495,0.8785973787307739,0.5059646368026733,-0.05133134871721268,0.8968182802200317,0.3865615725517273,-0.07485207170248032,0.9117349982261658,0.30836373567581177,-0.08429810404777527,0.9216121435165405,0.23656535148620605,-0.09128578752279282
0.8761709332466125,0.87685227394104,4.575962293529301e-07,0.7689089775085449,0.8521261811256409,-0.03678577020764351,0.6833316683769226,0.7417591214179993,-0.04664897918701172,0.6456891298294067,0.6226423382759094,-0.05394972115755081,0.5954969525337219,0.537828266620636,-0.06038478761911392,0.6997108459472656,0.5570884346961975,-0.014832776039838791,0.6432525515556335,0.43082505464553833,-0.03726883605122566,0.6082959771156311,0.3487051725387573,-0.058525461703538895,0.5814628601074219,0.2770214080810547,-0.07587571442127228,0.7648420333862305,0.5093010067939758,-0.02073984034359455,0.7268095016479492,0.3480736017227173,-0.03719984367489815,0.7065067887306213,0.24936050176620483,-0.05804361030459404,0.690405547618866,0.1700141727924347,-0.07509913295507431,0.8313782811164856,0.5023459196090698,-0.03343002125620842,0.8184871077537537,0.3416913151741028,-0.05845439061522484,0.8122493624687195,0.24549055099487305,-0.07905348390340805,0.8037663698196411,0.16163983941078186,-0.09498275816440582,0.9011138677597046,0.5256748199462891,-0.04966744780540466,0.9156226515769958,0.40669170022010803,-0.0752279981970787,0.9282525181770325,0.329277366399765,-0.08629438281059265,0.9368320107460022,0.25820136070251465,-0.09436841309070587
0.8893125057220459,0.8925305604934692,4.786814997714828e-07,0.7829905152320862,0.8611641526222229,-0.03341998904943466,0.6984996795654297,0.7511487603187561,-0.04233180359005928,0.6617437601089478,0.6346079111099243,-0.04948742687702179,0.6165332794189453,0.5462836623191833,-0.055520620197057724,0.716257631778717,0.5699189901351929,-0.01301332376897335,0.6609156727790833,0.44083285331726074,-0.03515523299574852,0.6277154684066772,0.3600637912750244,-0.054931800812482834,0.6020364761352539,0.28984692692756653,-0.07058101892471313,0.7805726528167725,0.5237852334976196,-0.020082060247659683,0.7417449355125427,0.3608134388923645,-0.03639212250709534,0.720664381980896,0.2632608413696289,-0.05610375851392746,0.7039589285850525,0.18503594398498535,-0.07190874218940735,0.8468455672264099,0.5166740417480469,-0.033629581332206726,0.8332781791687012,0.357718288898468,-0.057970304042100906,0.8256791830062866,0.26238444447517395,-0.07736232876777649,0.8156577348709106,0.179884672164917,-0.09218291938304901,0.9165353775024414,0.5392205715179443,-0.050479479134082794,0.9319816827774048,0.4204924702644348,-0.07515758275985718,0.9441340565681458,0.34256255626678467,-0.08528704941272736,0.9520754814147949,0.2721261978149414,-0.09240701049566269
0.8986493349075317,0.9065935611724854,4.3893334122913075e-07,0.793076753616333,0.8693560361862183,-0.033753447234630585,0.7120561599731445,0.7592620253562927,-0.04292534664273262,0.6773141026496887,0.6434776186943054,-0.05047600716352463,0.6337080597877502,0.5540825724601746,-0.0567726194858551,0.7333923578262329,0.5789591670036316,-0.01123766042292118,0.680785059928894,0.4520442485809326,-0.03329568728804588,0.6501384973526001,0.37266653776168823,-0.053779441863298416,0.6259568333625793,0.3022030293941498,-0.0702756717801094,0.7970483899116516,0.5350879430770874,-0.01792610064148903,0.7595924735069275,0.37858152389526367,-0.03432300686836243,0.7386041879653931,0.28571242094039917,-0.054726019501686096,0.7208137512207031,0.20932450890541077,-0.07144302874803543,0.8623305559158325,0.5293952226638794,-0.031324297189712524,0.848795473575592,0.377932608127594,-0.05563279986381531,0.8404117226600647,0.28656065464019775,-0.07543136924505234,0.8291506767272949,0.2056731879711151,-0.09085395932197571,0.9309817552566528,0.5531591773033142,-0.04821161925792694,0.9469995498657227,0.4386746883392334,-0.07270090281963348,0.9595561027526855,0.3631429970264435,-0.08353007584810257,0.9679908752441406,0.2931629419326782,-0.09145618975162506
0.8571959733963013,0.8836522102355957,5.456122380564921e-07,0.7523953318595886,0.8555309772491455,-0.03182848542928696,0.6697622537612915,0.7497568130493164,-0.03822793439030647,0.6324429512023926,0.6364057064056396,-0.0428437739610672,0.5880591869354248,0.5611292719841003,-0.04644622653722763,0.6912012696266174,0.5688204169273376,-0.006966735702008009,0.6409463882446289,0.44745978713035583,-0.024438638240098953,0.6138433218002319,0.37075233459472656,-0.04184434935450554,0.5923632383346558,0.3015647530555725,-0.056397102773189545,0.7537015080451965,0.5270457863807678,-0.012028181925415993,0.7221811413764954,0.37346550822257996,-0.024440860375761986,0.7036998867988586,0.28471124172210693,-0.041072778403759,0.6870366334915161,0.2114160656929016,-0.05525058135390282,0.8166205883026123,0.5247166752815247,-0.023679612204432487,0.8059610724449158,0.3759686052799225,-0.0455731526017189,0.7995896339416504,0.2888219356536865,-0.06249748170375824,0.7908240556716919,0.21037402749061584,-0.0755297988653183,0.8815714120864868,0.5502932071685791,-0.03879661113023758,0.8979538679122925,0.4335101544857025,-0.0633261576294899,0.9120175838470459,0.36079782247543335,-0.07375834137201309,0.9213969111442566,0.2937192916870117,-0.08094251900911331
0.8377549648284912,0.859971284866333,5.0484516123106e-07,0.7330477237701416,0.8314562439918518,-0.027051260694861412,0.65323805809021,0.7241215705871582,-0.03226674720644951,0.6172274351119995,0.6126406192779541,-0.036244507879018784,0.5728254318237305,0.5364511609077454,-0.039463724941015244,0.6763681769371033,0.546455442905426,-0.005881317425519228,0.6257069110870361,0.42458105087280273,-0.023966504260897636,0.5989161133766174,0.3480338454246521,-0.04145553708076477,0.5786089301109314,0.28003862500190735,-0.055480893701314926,0.7404050827026367,0.5065122842788696,-0.01288977824151516,0.7077338695526123,0.35548755526542664,-0.025372501462697983,0.6911076307296753,0.26721706986427307,-0.0425003282725811,0.676591157913208,0.19294175505638123,-0.056814488023519516,0.8039175868034363,0.5017906427383423,-0.025823526084423065,0.7915223240852356,0.3532593846321106,-0.04700152203440666,0.7849056720733643,0.26508232951164246,-0.06460195779800415,0.7764878273010254,0.1864992082118988,-0.07809565961360931,0.8685137629508972,0.5241059064865112,-0.041603557765483856,0.8838211297988892,0.4102282226085663,-0.06459186226129532,0.8956697583198547,0.33539432287216187,-0.07478825747966766,0.9023815393447876,0.2660478949546814,-0.0817653089761734
0.8302586078643799,0.8304902911186218,5.218893193159602e-07,0.7265300750732422,0.8011338114738464,-0.02712954208254814,0.6481178998947144,0.6938808560371399,-0.033736925572156906,0.6121542453765869,0.5827838182449341,-0.03910043090581894,0.5674818158149719,0.5073789358139038,-0.043905340135097504,0.6714403033256531,0.5208012461662292,-0.00887646060436964,0.6216751337051392,0.3979557156562805,-0.029077081009745598,0.5956887006759644,0.3211596608161926,-0.04789740964770317,0.5766991376876831,0.25228068232536316,-0.06263209134340286,0.7348735928535461,0.48146241903305054,-0.016472598537802696,0.7043914794921875,0.3291352093219757,-0.029933881014585495,0.6898689866065979,0.23959428071975708,-0.04729483276605606,0.6778646111488342,0.16366234421730042,-0.061834439635276794,0.7978578209877014,0.4767061769962311,-0.02987358719110489,0.7867300510406494,0.32969382405281067,-0.05083521828055382,0.7800810933113098,0.24106323719024658,-0.06738705188035965,0.7722815871238708,0.16135206818580627,-0.08044455945491791,0.8620307445526123,0.49908900260925293,-0.04624542221426964,0.8767408132553101,0.38627195358276367,-0.06790508329868317,0.8884624242782593,0.31224584579467773,-0.07646860182285309,0.8954638242721558,0.24346986413002014,-0.08258058875799179
0.8811579346656799,0.7868232131004333,6.325424806163937e-07,0.7664180397987366,0.7528513073921204,-0.03304123878479004,0.6852898001670837,0.6353798508644104,-0.0395648218691349,0.6533219814300537,0.5144708156585693,-0.04385492950677872,0.6114978790283203,0.42881184816360474,-0.04622683674097061,0.7147567868232727,0.4504966735839844,-0.003702973946928978,0.6688041687011719,0.3187459111213684,-0.019868019968271255,0.6441761255264282,0.23487108945846558,-0.037514399737119675,0.624862551689148,0.16278773546218872,-0.05187934264540672,0.7818648219108582,0.41169387102127075,-0.007956590503454208,0.7539701461791992,0.2568091154098511,-0.017024381086230278,0.7406728863716125,0.1624157428741455,-0.03437469154596329,0.7302303910255432,0.08625718951225281,-0.04863898456096649,0.8487977385520935,0.41075682640075684,-0.01894606463611126,0.8376801013946533,0.2602401375770569,-0.03705136105418205,0.8322657346725464,0.172332763671875,-0.05346076563000679,0.8256117701530457,0.09403932094573975,-0.06608884781599045,0.9172664880752563,0.43798714876174927,-0.0335187092423439,0.9302673935890198,0.32232803106307983,-0.05441099405288696,0.9417241811752319,0.249514639377594,-0.06239476427435875,0.950463593006134,0.1824074685573578,-0.06724962592124939
0.902618408203125,0.7941761016845703,5.192447929402988e-07,0.790328860282898,0.752754271030426,-0.03741108626127243,0.7116461992263794,0.6334958076477051,-0.04758609086275101,0.6805022358894348,0.5119284987449646,-0.055203039199113846,0.6379027366638184,0.4231889843940735,-0.061307091265916824,0.7406831979751587,0.44720712304115295,-0.009373225271701813,0.6963468194007874,0.3162379264831543,-0.03217586502432823,0.6689481735229492,0.2334747463464737,-0.054544929414987564,0.647895097732544,0.1588018536567688,-0.07215264439582825,0.8099998831748962,0.4100470542907715,-0.01458949688822031,0.784250795841217,0.25414520502090454,-0.030501417815685272,0.7685251832008362,0.15907609462738037,-0.051419008523225784,0.7547768950462341,0.07844200730323792,-0.06832332164049149,0.8769892454147339,0.41148120164871216,-0.027098722755908966,0.8694916367530823,0.2589819133281708,-0.05022289231419563,0.8629847168922424,0.16989442706108093,-0.06691541522741318,0.8532548546791077,0.09035277366638184,-0.07958424091339111,0.9442623853683472,0.44203221797943115,-0.04377268627285957,0.9578176736831665,0.3251076340675354,-0.06668771058320999,0.968608558177948,0.2513839900493622,-0.07436521351337433,0.9759947657585144,0.18356844782829285,-0.07935609668493271
0.953005313873291,0.8048976063728333,5.282749953039456e-07,0.8342036604881287,0.7615270614624023,-0.0348113477230072,0.750611424446106,0.6400514245033264,-0.04103859141469002,0.7167394161224365,0.5124412178993225,-0.04578428715467453,0.6757495403289795,0.41479742527008057,-0.04815182834863663,0.7834922671318054,0.4591973125934601,0.005481260363012552,0.7373591065406799,0.31716930866241455,-0.012577387504279613,0.7095324993133545,0.23085513710975647,-0.032792843878269196,0.6878725290298462,0.1535302996635437,-0.04861114174127579,0.853819727897644,0.4249992370605469,0.0008060949621722102,0.8246718645095825,0.2584418058395386,-0.009630804881453514,0.8063019514083862,0.15805959701538086,-0.029055099934339523,0.7927408218383789,0.0775688886642456,-0.044738125056028366,0.9224754571914673,0.42589372396469116,-0.01186214666813612,0.9141297340393066,0.26383426785469055,-0.029393328353762627,0.9041418433189392,0.17097842693328857,-0.044752124696969986,0.8935153484344482,0.09222447872161865,-0.05640237033367157,0.9931878447532654,0.45149892568588257,-0.028843805193901062,1.0040985345840454,0.3284778892993927,-0.04619229957461357,1.0089311599731445,0.2482682466506958,-0.05182725563645363,1.0112351179122925,0.17582228779792786,-0.055535413324832916
1.1117600202560425,0.825635552406311,5.035186063651054e-07,0.9968582391738892,0.7850105166435242,-0.07174110412597656,0.9198911786079407,0.6690499782562256,-0.09613625705242157,0.8924965262413025,0.5340436100959778,-0.10965441167354584,0.8530307412147522,0.4231331944465637,-0.11694284528493881,0.9584113955497742,0.4897867441177368,-0.042863648384809494,0.927777111530304,0.32310354709625244,-0.06842950731515884,0.9101750254631042,0.21851667761802673,-0.08890143036842346,0.8977537155151367,0.13311222195625305,-0.1019132062792778,1.0251017808914185,0.45352059602737427,-0.020484615117311478,1.0086005926132202,0.28648388385772705,-0.03752845898270607,0.9927933216094971,0.20221391320228577,-0.049983225762844086,0.987667977809906,0.1364305317401886,-0.05835215747356415,1.0807403326034546,0.44885608553886414,-0.006952370051294565,1.0629438161849976,0.3016279637813568,-0.028689764440059662,1.0517940521240234,0.24431708455085754,-0.03133859857916832,1.05525803565979,0.20141330361366272,-0.028488673269748688,1.1271618604660034,0.4544793665409088,-0.0004820656613446772,1.1185054779052734,0.32445046305656433,-0.016263488680124283,1.1144338846206665,0.26756569743156433,-0.013845483772456646,1.1207596063613892,0.23019687831401825,-0.007968823425471783
1.1211413145065308,0.8469301462173462,8.626133762845711e-07,1.0058671236038208,0.7935329675674438,-0.05966693535447121,0.9326562285423279,0.67460697889328,-0.07698040455579758,0.9110097289085388,0.5420899987220764,-0.0852537527680397,0.8789612054824829,0.4370502233505249,-0.0888858437538147,0.977913498878479,0.503579318523407,-0.029956426471471786,0.9463286995887756,0.3434593975543976,-0.049982596188783646,0.9325069785118103,0.23595383763313293,-0.06866569817066193,0.9236142635345459,0.14588654041290283,-0.07995486259460449,1.0577633380889893,0.470644474029541,-0.011730383150279522,1.0428544282913208,0.3044402599334717,-0.022681696340441704,1.029755711555481,0.19757845997810364,-0.03616457059979439,1.0279293060302734,0.1152200698852539,-0.0455494299530983,1.128702163696289,0.4721352756023407,-0.0012468633940443397,1.1196767091751099,0.341347873210907,-0.01933915540575981,1.1147409677505493,0.2827954888343811,-0.027081625536084175,1.1239210367202759,0.24258774518966675,-0.026762766763567924,1.187538743019104,0.484772652387619,0.003607620019465685,1.1904330253601074,0.3726358711719513,-0.01065245270729065,1.1920777559280396,0.3256489932537079,-0.010534966364502907,1.2023136615753174,0.2939194440841675,-0.005332023836672306
1.028801441192627,0.836696445941925,9.341050599687151e-07,0.9242764115333557,0.7716954946517944,-0.04668636992573738,0.8625082969665527,0.6501859426498413,-0.06179109960794449,0.8520734310150146,0.5272154808044434,-0.07246599346399307,0.8222439289093018,0.43046268820762634,-0.08001898229122162,0.909953773021698,0.48172545433044434,-0.01654702052474022,0.8867825865745544,0.3404786288738251,-0.042616769671440125,0.8719898462295532,0.2514435946941376,-0.06790409982204437,0.8582953810691833,0.17360445857048035,-0.08577410131692886,0.9763083457946777,0.4599910080432892,-0.01333601400256157,0.9745871424674988,0.2992973327636719,-0.03095782920718193,0.9725596904754639,0.19395187497138977,-0.05067889392375946,0.974662184715271,0.10917460918426514,-0.06539060175418854,1.040780782699585,0.4750579297542572,-0.01859348453581333,1.057830572128296,0.3365126848220825,-0.03855972737073898,1.0637112855911255,0.2543428838253021,-0.05065679922699928,1.0708545446395874,0.18459486961364746,-0.05862247943878174,1.1037038564682007,0.5147243142127991,-0.029554443433880806,1.137817144393921,0.4082145392894745,-0.047159381210803986,1.157148838043213,0.3431578278541565,-0.05103728175163269,1.1745564937591553,0.2906379699707031,-0.05217806622385979
0.9931635856628418,0.8282091617584229,6.986156790844689e-07,0.8888745903968811,0.772025465965271,-0.03980119898915291,0.8267421722412109,0.6548796892166138,-0.05135498195886612,0.8127467036247253,0.5348005890846252,-0.06059012934565544,0.783655047416687,0.4391179084777832,-0.06731370836496353,0.8726372122764587,0.483489990234375,0.0005004635895602405,0.8480696678161621,0.34247511625289917,-0.02161226235330105,0.8328804969787598,0.25303399562835693,-0.04586479440331459,0.8215381503105164,0.17340749502182007,-0.06362326443195343,0.9405139684677124,0.45373740792274475,0.0004599160747602582,0.9340453147888184,0.2964405417442322,-0.012901670299470425,0.9297820925712585,0.19839894771575928,-0.033170558512210846,0.9283165335655212,0.11769601702690125,-0.04950078949332237,1.0028315782546997,0.4560912251472473,-0.008047912269830704,1.0164936780929565,0.3039531111717224,-0.024231042712926865,1.020341396331787,0.2156754732131958,-0.03686100244522095,1.0219742059707642,0.14213761687278748,-0.04682391509413719,1.0655033588409424,0.4816261827945709,-0.021840671077370644,1.0882877111434937,0.3630116581916809,-0.034873440861701965,1.1016709804534912,0.2913106083869934,-0.03741615638136864,1.1101899147033691,0.22994884848594666,-0.03936319053173065
0.9663298726081848,0.8355801105499268,6.638073841713776e-07,0.852241575717926,0.7871218323707581,-0.03454601764678955,0.7804229259490967,0.6623255014419556,-0.04023763909935951,0.7624512910842896,0.5367934703826904,-0.04407884553074837,0.7308881282806396,0.4400264620780945,-0.045762162655591965,0.8264133930206299,0.49360784888267517,0.0034077377058565617,0.800483226776123,0.35101157426834106,-0.014683561399579048,0.7848557829856873,0.26143500208854675,-0.03530491143465042,0.7704635858535767,0.18303659558296204,-0.05103596672415733,0.8947880864143372,0.4653418958187103,0.000428889412432909,0.8867447972297668,0.3049425482749939,-0.00958354864269495,0.879607081413269,0.20414984226226807,-0.0277850404381752,0.8730269074440002,0.1223735511302948,-0.0431588813662529,0.9588252902030945,0.4683837592601776,-0.010543102398514748,0.965482234954834,0.314312607049942,-0.026042364537715912,0.967564582824707,0.2212931215763092,-0.04153906926512718,0.9667821526527405,0.14379480481147766,-0.05403220281004906,1.0238401889801025,0.4946037232875824,-0.026024959981441498,1.0434898138046265,0.3785243332386017,-0.04076230898499489,1.0588359832763672,0.30821818113327026,-0.046074096113443375,1.069362759590149,0.24934306740760803,-0.05037442967295647
0.9098251461982727,0.8374676704406738,6.919728434695571e-07,0.8001532554626465,0.7939331531524658,-0.034903641790151596,0.7289285063743591,0.6678882241249084,-0.04252232611179352,0.7077785730361938,0.5419648289680481,-0.047845520079135895,0.670456051826477,0.4489479660987854,-0.05167429894208908,0.773423433303833,0.4841921329498291,-0.004097111523151398,0.7416825890541077,0.3463849425315857,-0.022669266909360886,0.7218410968780518,0.25949546694755554,-0.04267493635416031,0.7048019170761108,0.18423712253570557,-0.05856114998459816,0.843804121017456,0.4528939127922058,-0.008389107882976532,0.8313851952552795,0.2929019331932068,-0.01987553760409355,0.823178231716156,0.19355455040931702,-0.038969263434410095,0.8150436282157898,0.11255249381065369,-0.05484858527779579,0.9096255898475647,0.45836782455444336,-0.020008878782391548,0.9146741628646851,0.3045710623264313,-0.038183294236660004,0.9174001216888428,0.2141701877117157,-0.05459919199347496,0.9150481820106506,0.1354803442955017,-0.06748071312904358,0.9748712778091431,0.48988497257232666,-0.035671185702085495,0.9972091913223267,0.3712267279624939,-0.05453282594680786,1.0111522674560547,0.29870110750198364,-0.061836618930101395,1.0185295343399048,0.2338893711566925,-0.06696134805679321
0.863990843296051,0.8457673788070679,5.853517563991772e-07,0.7507880926132202,0.8017035126686096,-0.03219157084822655,0.6765185594558716,0.6727831959724426,-0.03848571330308914,0.6502378582954407,0.546934962272644,-0.043075356632471085,0.6104910373687744,0.46289488673210144,-0.04700101166963577,0.7136186957359314,0.4811307489871979,-0.0015630712732672691,0.6782039999961853,0.345376193523407,-0.019344691187143326,0.6565448045730591,0.2577076256275177,-0.03948453068733215,0.6387162208557129,0.18019559979438782,-0.05664805695414543,0.7882460951805115,0.4470090866088867,-0.008499396964907646,0.775213360786438,0.28856372833251953,-0.020164554938673973,0.7655836343765259,0.1911654770374298,-0.039893072098493576,0.7552012205123901,0.10904881358146667,-0.05676841735839844,0.8587527275085449,0.4530954658985138,-0.022440515458583832,0.8616753816604614,0.3001125454902649,-0.041625816375017166,0.8613869547843933,0.20630386471748352,-0.058810293674468994,0.8571262359619141,0.12169355154037476,-0.07263477146625519,0.9279248118400574,0.4896193742752075,-0.040172070264816284,0.9465688467025757,0.3683071732521057,-0.061478544026613235,0.9582341313362122,0.29161930084228516,-0.06995826214551926,0.9651084542274475,0.2211773693561554,-0.07598826289176941
0.7469618320465088,0.8283891677856445,7.472880270142923e-07,0.6251209378242493,0.7736884355545044,-0.030332623049616814,0.5494692325592041,0.6509730815887451,-0.03350905328989029,0.5217968225479126,0.5281270742416382,-0.03549989312887192,0.47850874066352844,0.4455803632736206,-0.03645852208137512,0.5811031460762024,0.4629901647567749,0.008860106579959393,0.5348626375198364,0.3308066129684448,-0.00285491906106472,0.508203387260437,0.24643298983573914,-0.019041411578655243,0.48888376355171204,0.17120599746704102,-0.03316055238246918,0.6490117311477661,0.4257912337779999,0.00295127066783607,0.6238484978675842,0.2634626030921936,-0.0033683853689581156,0.6096118092536926,0.16459694504737854,-0.019836371764540672,0.5969316363334656,0.08502233028411865,-0.03378169983625412,0.7172098755836487,0.42662113904953003,-0.010860257782042027,0.7089123725891113,0.2679064869880676,-0.027132991701364517,0.7046442627906799,0.17249593138694763,-0.04765423759818077,0.6976728439331055,0.08895426988601685,-0.06337515264749527,0.7874741554260254,0.45497754216194153,-0.02840348891913891,0.8027551770210266,0.3306824564933777,-0.0470229871571064,0.8132139444351196,0.25420069694519043,-0.057923752814531326,0.8178398013114929,0.1815013885498047,-0.06591980159282684
0.7092148661613464,0.8291267156600952,6.036522108843201e-07,0.595032811164856,0.7870092391967773,-0.0344497375190258,0.5207744240760803,0.6617635488510132,-0.04104476422071457,0.4926636219024658,0.5356371402740479,-0.04606035724282265,0.44866830110549927,0.447981595993042,-0.05018072947859764,0.5577189922332764,0.46317821741104126,0.00012676480400841683,0.5151379704475403,0.32962727546691895,-0.019581222906708717,0.4932315945625305,0.24324093759059906,-0.04034877568483353,0.4779226779937744,0.16477897763252258,-0.05699855089187622,0.6286200284957886,0.42568251490592957,-0.005468824412673712,0.6073506474494934,0.26268213987350464,-0.018823709338903427,0.5969353318214417,0.16407951712608337,-0.03838915377855301,0.5885249972343445,0.08068761229515076,-0.05443376675248146,0.6952034831047058,0.42834270000457764,-0.01896808110177517,0.6910209059715271,0.27136871218681335,-0.04210823401808739,0.6874607801437378,0.174282968044281,-0.062038883566856384,0.6810522079467773,0.08540540933609009,-0.07689625769853592,0.7612046599388123,0.4602484107017517,-0.036431267857551575,0.7825899124145508,0.33707237243652344,-0.06082490086555481,0.7983019351959229,0.2566162347793579,-0.0720801129937172,0.808524489402771,0.18007925152778625,-0.08001405000686646
0.7015038132667542,0.823403000831604,5.461795353767229e-07,0.5874328017234802,0.7792690992355347,-0.032819461077451706,0.5098500847816467,0.6568077802658081,-0.040349189192056656,0.4803985357284546,0.5314272046089172,-0.04625917226076126,0.4382440447807312,0.43709516525268555,-0.05109013244509697,0.5494039058685303,0.4610191881656647,-0.0033425576984882355,0.5066647529602051,0.3245672583580017,-0.02398940920829773,0.48572373390197754,0.2376164197921753,-0.045094460248947144,0.4717572331428528,0.1581817865371704,-0.06203826516866684,0.6204848885536194,0.42355889081954956,-0.009922709316015244,0.6002570390701294,0.25819098949432373,-0.02363699860870838,0.5923668146133423,0.15973427891731262,-0.042499952018260956,0.5859195590019226,0.07572805881500244,-0.05828721076250076,0.6879121661186218,0.42555880546569824,-0.023961655795574188,0.6853621602058411,0.26736438274383545,-0.04616139456629753,0.6846963763237,0.1701635718345642,-0.06433230638504028,0.6808284521102905,0.08201107382774353,-0.07840924710035324,0.7547891736030579,0.4565907418727875,-0.04180086404085159,0.7758477330207825,0.33525216579437256,-0.06460928916931152,0.7910988926887512,0.2545565366744995,-0.07441740483045578,0.800886332988739,0.1775093674659729,-0.08155624568462372
0.6772338151931763,0.8198665976524353,6.013540314597776e-07,0.5611177682876587,0.7740423083305359,-0.034500159323215485,0.4861547350883484,0.6510750651359558,-0.04253633692860603,0.460288405418396,0.5250692963600159,-0.04887711629271507,0.4156104028224945,0.4358222186565399,-0.054395414888858795,0.5260645151138306,0.45785078406333923,-0.0032515109051018953,0.4864182770252228,0.32223740220069885,-0.024381207302212715,0.4667339324951172,0.23423728346824646,-0.04600386321544647,0.4534035921096802,0.15365168452262878,-0.06312564015388489,0.597690224647522,0.4207478165626526,-0.008842863142490387,0.5804837942123413,0.25592851638793945,-0.023129139095544815,0.5722187161445618,0.15650445222854614,-0.04261596500873566,0.5657304525375366,0.07213374972343445,-0.058653540909290314,0.6647395491600037,0.4233240485191345,-0.02217528037726879,0.6647125482559204,0.26534852385520935,-0.045248933136463165,0.6637704968452454,0.16718250513076782,-0.06477077305316925,0.6603718400001526,0.07821974158287048,-0.0793939158320427,0.7306510806083679,0.45442789793014526,-0.03947470709681511,0.7546921372413635,0.33109334111213684,-0.0633961632847786,0.7707443833351135,0.2500433325767517,-0.0745491236448288,0.7811945676803589,0.17266616225242615,-0.08245690166950226
0.6690948009490967,0.8261730670928955,5.374783427214425e-07,0.553154706954956,0.7822190523147583,-0.03066376969218254,0.47789037227630615,0.6585853695869446,-0.03760884702205658,0.4512661397457123,0.5327858924865723,-0.04355920851230621,0.40680408477783203,0.44435200095176697,-0.04911700263619423,0.5195741057395935,0.46748706698417664,-0.002538799773901701,0.4793280363082886,0.32813164591789246,-0.022712254896759987,0.4588245749473572,0.23929791152477264,-0.0432475209236145,0.4451429843902588,0.15973511338233948,-0.05968860536813736,0.5909128785133362,0.4299843907356262,-0.010168475098907948,0.5719314813613892,0.2618103623390198,-0.023832695558667183,0.5644657611846924,0.16151627898216248,-0.04272913560271263,0.5596165060997009,0.07806572318077087,-0.05846124514937401,0.6585964560508728,0.4308410584926605,-0.024904923513531685,0.6565179228782654,0.2686052918434143,-0.046721067279577255,0.6572157740592957,0.17164507508277893,-0.06457103788852692,0.655694305896759,0.08541372418403625,-0.07840888202190399,0.7256813645362854,0.4601546823978424,-0.043215230107307434,0.7467687726020813,0.3366817235946655,-0.06529416888952255,0.7622710466384888,0.25597065687179565,-0.0743812844157219,0.773047924041748,0.17959636449813843,-0.08110848069190979
0.6606364846229553,0.8284962177276611,5.301230316945293e-07,0.5448673367500305,0.787683367729187,-0.03196996822953224,0.46861350536346436,0.6650038957595825,-0.03934970870614052,0.4419899582862854,0.5386714935302734,-0.045306410640478134,0.39797964692115784,0.4492262303829193,-0.05081893131136894,0.5112506747245789,0.4702768921852112,-0.004382168408483267,0.47123971581459045,0.3319084048271179,-0.024209927767515182,0.45044052600860596,0.24388405680656433,-0.0444660410284996,0.4362680912017822,0.1642412543296814,-0.06107047572731972,0.5817731022834778,0.43306607007980347,-0.01147159282118082,0.5624040365219116,0.2664370536804199,-0.025347288697957993,0.5545684695243835,0.16716834902763367,-0.04428970068693161,0.54896080493927,0.08352300524711609,-0.06032591685652733,0.6483007669448853,0.434707373380661,-0.025760315358638763,0.6466318964958191,0.2742069959640503,-0.04802728071808815,0.6465845108032227,0.17656898498535156,-0.06680643558502197,0.6438695788383484,0.08860069513320923,-0.0815860778093338,0.7142550945281982,0.46446508169174194,-0.04367402195930481,0.7357080578804016,0.34196925163269043,-0.06659357249736786,0.7511684894561768,0.2609325349330902,-0.07703816890716553,0.7615146636962891,0.18318116664886475,-0.08500776439905167
0.635744571685791,0.8287605047225952,5.908412390454032e-07,0.5196947455406189,0.7923461198806763,-0.03470491245388985,0.4416879713535309,0.6708635687828064,-0.04175394028425217,0.4126400053501129,0.5434064269065857,-0.04700913652777672,0.3676312565803528,0.453850656747818,-0.05134471133351326,0.47804346680641174,0.4720672070980072,-0.002550323260948062,0.4351813793182373,0.334028959274292,-0.02091696485877037,0.40981799364089966,0.24599353969097137,-0.040851376950740814,0.39045843482017517,0.16751345992088318,-0.057233985513448715,0.5474725961685181,0.4330454468727112,-0.0075100017711520195,0.5267636179924011,0.26520010828971863,-0.020633306354284286,0.51325523853302,0.16174015402793884,-0.04019955173134804,0.5017359256744385,0.07615280151367188,-0.056226879358291626,0.6141631007194519,0.433780312538147,-0.020058289170265198,0.6098739504814148,0.27192097902297974,-0.0416903980076313,0.6081400513648987,0.17192673683166504,-0.062238167971372604,0.6035996675491333,0.08243861794471741,-0.07787727564573288,0.6803286671638489,0.4618202745914459,-0.03657715022563934,0.7006509900093079,0.334417462348938,-0.05966571718454361,0.714557945728302,0.2523649036884308,-0.07150159031152725,0.7230659127235413,0.17475348711013794,-0.08008839190006256
0.6326496005058289,0.833444356918335,5.529914801627456e-07,0.5129815936088562,0.8015118837356567,-0.035393234342336655,0.43081051111221313,0.6819607019424438,-0.04356895014643669,0.4030211567878723,0.5540715456008911,-0.04959499463438988,0.3621816635131836,0.4569137692451477,-0.05438945069909096,0.47430726885795593,0.4767301678657532,-0.005659141112118959,0.4304630160331726,0.3369372487068176,-0.024637553840875626,0.40570318698883057,0.24939405918121338,-0.04463909566402435,0.3876028060913086,0.170974999666214,-0.0612429641187191,0.5443265438079834,0.4357333481311798,-0.011257573962211609,0.5210135579109192,0.2673064172267914,-0.02400505170226097,0.5083999037742615,0.16644304990768433,-0.04313679784536362,0.49807819724082947,0.08268782496452332,-0.059584103524684906,0.6106131672859192,0.43393152952194214,-0.024433918297290802,0.6054889559745789,0.2710798382759094,-0.0457342155277729,0.602719783782959,0.1712263822555542,-0.06499626487493515,0.5976718068122864,0.0821802020072937,-0.08049867302179337,0.6766320466995239,0.46067526936531067,-0.04162430763244629,0.6958610415458679,0.337319016456604,-0.06447943300008774,0.709808349609375,0.2544231116771698,-0.07545866817235947,0.7197444438934326,0.1752452850341797,-0.08379992097616196
0.6252661347389221,0.8361177444458008,5.618504701487836e-07,0.5070934295654297,0.8025180101394653,-0.03687290847301483,0.42568647861480713,0.685347855091095,-0.046005889773368835,0.3970257639884949,0.5596626996994019,-0.05283200740814209,0.3594551086425781,0.4603191316127777,-0.0580136775970459,0.46712547540664673,0.47991806268692017,-0.005813497118651867,0.4227381646633148,0.34095498919487,-0.025176621973514557,0.3983481526374817,0.25332850217819214,-0.04543362930417061,0.38091689348220825,0.1746818721294403,-0.06203792244195938,0.5368677973747253,0.43931207060813904,-0.010686115361750126,0.513690173625946,0.271115243434906,-0.023725800216197968,0.501639187335968,0.17008331418037415,-0.04259801283478737,0.49186989665031433,0.08594128489494324,-0.05863656848669052,0.6030573844909668,0.4375709891319275,-0.02339307591319084,0.5978153944015503,0.27505308389663696,-0.044948458671569824,0.5943810939788818,0.17503175139427185,-0.0636761263012886,0.5885119438171387,0.08553355932235718,-0.07850079983472824,0.6694784760475159,0.46389931440353394,-0.0402991846203804,0.6891481876373291,0.3393133282661438,-0.06303608417510986,0.702925980091095,0.255470871925354,-0.07359403371810913,0.7121851444244385,0.1755707561969757,-0.081441730260849
0.6190806031227112,0.8363909125328064,5.621588456961035e-07,0.4973292350769043,0.8017035722732544,-0.03281883895397186,0.41595950722694397,0.6847578287124634,-0.04006478935480118,0.38798606395721436,0.5595840215682983,-0.04585570842027664,0.3477602005004883,0.46436062455177307,-0.050472572445869446,0.4547159969806671,0.48158589005470276,-0.0014161107828840613,0.41256168484687805,0.34197625517845154,-0.019945865496993065,0.39009207487106323,0.25452321767807007,-0.03987950086593628,0.3735077977180481,0.17595654726028442,-0.05619635432958603,0.5249743461608887,0.44234389066696167,-0.008164686150848866,0.5032780766487122,0.2749730944633484,-0.021027270704507828,0.4921199083328247,0.17466726899147034,-0.04032626003026962,0.4827249050140381,0.08968928456306458,-0.056535493582487106,0.5918547511100769,0.44095873832702637,-0.02242870442569256,0.5878186225891113,0.2785763740539551,-0.04407386854290962,0.5851665735244751,0.17834827303886414,-0.06336989253759384,0.5799226760864258,0.08838009834289551,-0.07832883298397064,0.6591195464134216,0.4670635461807251,-0.04045697674155235,0.679186999797821,0.3413984775543213,-0.0633331835269928,0.6932457089424133,0.25728416442871094,-0.0738435760140419,0.7024445533752441,0.17743560671806335,-0.08150514215230942
0.5816192626953125,0.8286844491958618,6.691757903354301e-07,0.4643912613391876,0.7975614070892334,-0.035581428557634354,0.3834010362625122,0.675701379776001,-0.04305961728096008,0.35075849294662476,0.547024667263031,-0.04844105988740921,0.30030757188796997,0.4653809368610382,-0.05251814424991608,0.41113710403442383,0.4741581678390503,-0.002943760249763727,0.3681687116622925,0.3387054204940796,-0.01962989754974842,0.3412824869155884,0.2525249123573303,-0.03880588337779045,0.3198744058609009,0.17574843764305115,-0.055111728608608246,0.47960561513900757,0.43160280585289,-0.007037439849227667,0.4565228521823883,0.2655130922794342,-0.01754947565495968,0.4426310956478119,0.16360008716583252,-0.03545653447508812,0.4306001365184784,0.08046403527259827,-0.05085683614015579,0.5470455884933472,0.43002915382385254,-0.018691901117563248,0.539482831954956,0.2678980827331543,-0.03785904124379158,0.5360028743743896,0.16888427734375,-0.05645411089062691,0.529849648475647,0.08044326305389404,-0.07132492959499359,0.6144798994064331,0.4578019976615906,-0.03453860059380531,0.6319713592529297,0.3284851312637329,-0.05599184334278107,0.6436262130737305,0.2456544041633606,-0.06684017926454544,0.6501324772834778,0.16784808039665222,-0.07493607699871063
0.5798066854476929,0.8333522081375122,5.68762175134907e-07,0.46178942918777466,0.8042132258415222,-0.034954071044921875,0.37812888622283936,0.6862834692001343,-0.0436188206076622,0.34460312128067017,0.5615572333335876,-0.05072413384914398,0.29852044582366943,0.46931517124176025,-0.05660542845726013,0.4105617105960846,0.48478326201438904,-0.004777846392244101,0.36321401596069336,0.3472064137458801,-0.025337450206279755,0.33622491359710693,0.2599352300167084,-0.046098966151475906,0.3163578510284424,0.1826322078704834,-0.06291080266237259,0.4782784581184387,0.44122767448425293,-0.011026822030544281,0.4518967866897583,0.2722512483596802,-0.02580168843269348,0.43725860118865967,0.171096533536911,-0.04571763053536415,0.42459848523139954,0.08751296997070312,-0.06227947399020195,0.5436307191848755,0.4358881115913391,-0.024920742958784103,0.5346853137016296,0.27117305994033813,-0.04797988757491112,0.5301464200019836,0.1725451648235321,-0.06696614623069763,0.5233381986618042,0.08578357100486755,-0.081710085272789,0.6096832156181335,0.4586547911167145,-0.042848777025938034,0.6274020671844482,0.33315855264663696,-0.06657904386520386,0.640390157699585,0.2489963173866272,-0.07742194086313248,0.6491371393203735,0.17000612616539001,-0.0853796973824501
0.5957395434379578,0.8434829711914062,5.474047952702676e-07,0.4796271026134491,0.8161854147911072,-0.03801808878779411,0.3916512131690979,0.6992019414901733,-0.04705432429909706,0.35654497146606445,0.5726682543754578,-0.05373953655362129,0.31850534677505493,0.47750627994537354,-0.05891495943069458,0.42603638768196106,0.4922010600566864,-0.006235351786017418,0.37960532307624817,0.35640719532966614,-0.02595459297299385,0.3506259322166443,0.2699083685874939,-0.046671584248542786,0.3290926218032837,0.19363278150558472,-0.06415394693613052,0.4949430525302887,0.4489801228046417,-0.011549304239451885,0.46791255474090576,0.2812419533729553,-0.025997266173362732,0.45120769739151,0.1784103810787201,-0.045722559094429016,0.4365672767162323,0.0960298478603363,-0.06234132871031761,0.5616288781166077,0.44615474343299866,-0.024855773895978928,0.551944375038147,0.28469496965408325,-0.04793558269739151,0.5452305674552917,0.18546345829963684,-0.06618758291006088,0.5362451076507568,0.09865367412567139,-0.08077717572450638,0.6291335821151733,0.4729578197002411,-0.04251477122306824,0.644393801689148,0.3488607108592987,-0.06660175323486328,0.6551543474197388,0.26571062207221985,-0.07679433375597,0.6628732681274414,0.18738621473312378,-0.08445250242948532
0.598010241985321,0.8422508835792542,5.659938437929668e-07,0.4840582609176636,0.816645622253418,-0.03902668133378029,0.3981209695339203,0.7000299096107483,-0.048939529806375504,0.3672870993614197,0.5726932287216187,-0.05568315461277962,0.3347335457801819,0.47602683305740356,-0.060871485620737076,0.4301999807357788,0.4931661784648895,-0.013245724141597748,0.38520675897598267,0.3562377095222473,-0.03386102616786957,0.3567807674407959,0.2695085406303406,-0.05406501516699791,0.33522289991378784,0.19259032607078552,-0.07082220166921616,0.4994213283061981,0.4493701159954071,-0.017202524468302727,0.4744305908679962,0.2804955840110779,-0.031847454607486725,0.4582122266292572,0.1783061921596527,-0.05016034096479416,0.44404661655426025,0.09543302655220032,-0.06566555052995682,0.5659135580062866,0.44621771574020386,-0.028736228123307228,0.5577662587165833,0.2835584282875061,-0.051256582140922546,0.5510954260826111,0.1859866976737976,-0.06866292655467987,0.541875422000885,0.09987622499465942,-0.08264429867267609,0.6324502229690552,0.47243961691856384,-0.04463883861899376,0.6494351029396057,0.3483518958091736,-0.06837274134159088,0.6599133014678955,0.2639116048812866,-0.07879694551229477,0.6667152047157288,0.18353107571601868,-0.0865248367190361
0.5999546647071838,0.8388684988021851,5.651180003951595e-07,0.4830658733844757,0.8124407529830933,-0.03790433332324028,0.3960023522377014,0.698432981967926,-0.048354022204875946,0.36458003520965576,0.5730493664741516,-0.055919431149959564,0.33303067088127136,0.4753662943840027,-0.062021031975746155,0.4323551058769226,0.48992741107940674,-0.012824545614421368,0.38901880383491516,0.3541527986526489,-0.03432820364832878,0.3626596927642822,0.26793545484542847,-0.055626362562179565,0.34234684705734253,0.1906932294368744,-0.07318057864904404,0.5014075040817261,0.4460959732532501,-0.01748546026647091,0.47721272706985474,0.2780097723007202,-0.03255443274974823,0.4624260365962982,0.17715901136398315,-0.05141812935471535,0.4493134617805481,0.09402778744697571,-0.06740698963403702,0.5680544376373291,0.4424056112766266,-0.029537241905927658,0.5593423843383789,0.2810209393501282,-0.052110858261585236,0.5524574518203735,0.18296343088150024,-0.06949777156114578,0.5433080792427063,0.09592175483703613,-0.08355379104614258,0.6349770426750183,0.4687308073043823,-0.045857012271881104,0.651006817817688,0.3453851342201233,-0.06970316171646118,0.6609655022621155,0.26134252548217773,-0.07985278218984604,0.6674173474311829,0.1816892921924591,-0.08731169998645782
0.6433961987495422,0.8194577693939209,5.691282467523706e-07,0.5246536135673523,0.7855267524719238,-0.037071697413921356,0.4396591782569885,0.6682983040809631,-0.04614928737282753,0.4027811586856842,0.5417874455451965,-0.052768606692552567,0.35528436303138733,0.4557376801967621,-0.058311499655246735,0.46422359347343445,0.46746450662612915,-0.009478298015892506,0.4163364768028259,0.3246583044528961,-0.029932692646980286,0.38821813464164734,0.23600369691848755,-0.051489077508449554,0.36622512340545654,0.15457773208618164,-0.06959791481494904,0.5332918763160706,0.42350658774375916,-0.014293927699327469,0.5051110982894897,0.2550550401210785,-0.02832259237766266,0.48847419023513794,0.15264812111854553,-0.04870830476284027,0.47379305958747864,0.06703385710716248,-0.0659899115562439,0.6034359335899353,0.42033785581588745,-0.026364821940660477,0.5910373330116272,0.2569456100463867,-0.04835953190922737,0.5807369351387024,0.15922346711158752,-0.0673513188958168,0.5678974986076355,0.07139381766319275,-0.082506462931633,0.6758095026016235,0.4459669888019562,-0.042528506368398666,0.6878862380981445,0.3174062669277191,-0.06657756119966507,0.6946893930435181,0.2342706024646759,-0.07687336206436157,0.6976807117462158,0.15493646264076233,-0.08421716839075089
0.6517305970191956,0.8260849714279175,6.032973942637909e-07,0.5344476699829102,0.7971897125244141,-0.040449392050504684,0.45012521743774414,0.6765278577804565,-0.05079709738492966,0.4145335555076599,0.5473650097846985,-0.05789066478610039,0.3669872283935547,0.4540552794933319,-0.06329209357500076,0.47812968492507935,0.46745765209198,-0.011617479845881462,0.4306620955467224,0.32511866092681885,-0.03418749198317528,0.40175554156303406,0.23500025272369385,-0.05640224739909172,0.3798370957374573,0.15411242842674255,-0.07443653792142868,0.5491379499435425,0.4230213761329651,-0.01589888520538807,0.5185394883155823,0.2531178593635559,-0.031096553429961205,0.5000412464141846,0.14921104907989502,-0.05143759772181511,0.4839320480823517,0.06354743242263794,-0.06860903650522232,0.6181403994560242,0.4197251498699188,-0.02807893231511116,0.6031605005264282,0.25762951374053955,-0.05088695511221886,0.5936565399169922,0.15948018431663513,-0.06866965442895889,0.5823389291763306,0.07279601693153381,-0.08306572586297989,0.6878679990768433,0.4458083212375641,-0.04488968104124069,0.6999348998069763,0.32204848527908325,-0.06835534423589706,0.7083053588867188,0.23901820182800293,-0.07813383638858795,0.7136859893798828,0.16085106134414673,-0.08544010668992996
0.6471565961837769,0.8276116847991943,6.047054057489731e-07,0.5318090915679932,0.7979724407196045,-0.042546045035123825,0.44930368661880493,0.6809206604957581,-0.05510203167796135,0.4138922691345215,0.55666583776474,-0.06435750424861908,0.36756032705307007,0.46033748984336853,-0.07146014273166656,0.47998958826065063,0.46785688400268555,-0.011653830297291279,0.43739593029022217,0.323789119720459,-0.034343987703323364,0.4136483669281006,0.23386703431606293,-0.0567161850631237,0.3964768648147583,0.15293806791305542,-0.07460539788007736,0.5490069389343262,0.4251548647880554,-0.014473099261522293,0.521113395690918,0.2559472620487213,-0.029518526047468185,0.5046606063842773,0.15364301204681396,-0.04937148839235306,0.49050331115722656,0.06841963529586792,-0.06624684482812881,0.615990161895752,0.42145976424217224,-0.025563593953847885,0.6030861139297485,0.26055777072906494,-0.04711271449923515,0.595869779586792,0.16435930132865906,-0.06423711031675339,0.5863934755325317,0.0780579149723053,-0.07835148274898529,0.6843458414077759,0.44649460911750793,-0.04171985015273094,0.6971877813339233,0.325070321559906,-0.06377553939819336,0.706035315990448,0.2440119981765747,-0.07375036180019379,0.7116819024085999,0.166920006275177,-0.08137524127960205
0.6429402828216553,0.8280348777770996,6.035662636350025e-07,0.5277822613716125,0.7988928556442261,-0.04360846057534218,0.4457481801509857,0.6838356256484985,-0.05792954936623573,0.41086894273757935,0.5596925020217896,-0.06880176067352295,0.3650025725364685,0.4621569514274597,-0.07752951234579086,0.47746437788009644,0.4739161431789398,-0.015504037030041218,0.43465515971183777,0.32906728982925415,-0.04009762033820152,0.41213148832321167,0.23884788155555725,-0.06328985095024109,0.39623814821243286,0.15715959668159485,-0.08154428005218506,0.5461376309394836,0.4314085841178894,-0.018362760543823242,0.5187752842903137,0.2603279948234558,-0.035338085144758224,0.5030249357223511,0.1584303379058838,-0.05576300993561745,0.4895772635936737,0.07312032580375671,-0.07282037287950516,0.6127372980117798,0.4275415539741516,-0.029383042827248573,0.6000080108642578,0.26402074098587036,-0.052172984927892685,0.5921784043312073,0.16724005341529846,-0.06936053931713104,0.582312285900116,0.0796341598033905,-0.08338510245084763,0.6810029745101929,0.4526258707046509,-0.0454828217625618,0.6934105753898621,0.3302614688873291,-0.06853224337100983,0.7010414600372314,0.24827338755130768,-0.07880862802267075,0.7046968936920166,0.1698145568370819,-0.08654424548149109
0.6409858465194702,0.8297076225280762,6.341683729260694e-07,0.5301581025123596,0.780177116394043,-0.0392041839659214,0.4593701660633087,0.6586002111434937,-0.05282110720872879,0.4343625605106354,0.538080096244812,-0.06406589597463608,0.3928719758987427,0.44835805892944336,-0.07496914267539978,0.5109279155731201,0.4620281159877777,-0.017914187163114548,0.4875074028968811,0.31988316774368286,-0.044520940631628036,0.4726142883300781,0.230663001537323,-0.06914037466049194,0.46088671684265137,0.1495678722858429,-0.08840049803256989,0.5817230939865112,0.4295016825199127,-0.025481319054961205,0.5767972469329834,0.2538589537143707,-0.045963726937770844,0.5747573375701904,0.14434608817100525,-0.06886705756187439,0.5719998478889465,0.05210322141647339,-0.08724435418844223,0.645957350730896,0.4386208951473236,-0.040541619062423706,0.6571547985076904,0.2711827754974365,-0.06759637594223022,0.6635551452636719,0.16867277026176453,-0.08560440689325333,0.6652241945266724,0.07581290602684021,-0.09897773712873459,0.7074038982391357,0.4788006842136383,-0.059874650090932846,0.7271504402160645,0.3531210422515869,-0.08493568003177643,0.7390834093093872,0.27022355794906616,-0.0926988273859024,0.7462058663368225,0.1937798261642456,-0.0983320027589798
0.6450601816177368,0.826194703578949,6.901861979713431e-07,0.5386040806770325,0.7731540203094482,-0.04306763783097267,0.4722668528556824,0.6481701731681824,-0.06122952327132225,0.449159175157547,0.5263993144035339,-0.07591375708580017,0.40717679262161255,0.4358004927635193,-0.09050409495830536,0.5264962315559387,0.45913559198379517,-0.028985071927309036,0.5077992677688599,0.3125954866409302,-0.05877019837498665,0.4961233139038086,0.22032907605171204,-0.08473793417215347,0.48916444182395935,0.13547512888908386,-0.10461366176605225,0.5963758826255798,0.43098872900009155,-0.03552865609526634,0.6016738414764404,0.24894531071186066,-0.05832251161336899,0.6059260964393616,0.13730788230895996,-0.0810188502073288,0.6101219058036804,0.044550031423568726,-0.09920435398817062,0.65911465883255,0.4438393712043762,-0.04929964616894722,0.6804623603820801,0.26649102568626404,-0.07735753059387207,0.691251277923584,0.1580144464969635,-0.09632580727338791,0.6981067657470703,0.06136879324913025,-0.11090147495269775,0.7182497978210449,0.4874541163444519,-0.0673673003911972,0.7446663975715637,0.3560256361961365,-0.09363125264644623,0.7602205276489258,0.2678525447845459,-0.10293509811162949,0.7712500095367432,0.185248464345932,-0.10991443693637848
0.6453182697296143,0.8189128637313843,7.379067028523423e-07,0.5436152219772339,0.7620772123336792,-0.04268259182572365,0.4811534881591797,0.636026918888092,-0.06314285099506378,0.4613431692123413,0.5177967548370361,-0.07988697290420532,0.4230310916900635,0.4265713691711426,-0.09706051647663116,0.5362190008163452,0.45557448267936707,-0.03974151238799095,0.5239204168319702,0.30822116136550903,-0.07260988652706146,0.5152830481529236,0.2149370014667511,-0.099208302795887,0.511366069316864,0.12862765789031982,-0.11938450485467911,0.6051963567733765,0.43116044998168945,-0.04770069941878319,0.6185019612312317,0.24630150198936462,-0.07395011931657791,0.6281205415725708,0.1319025158882141,-0.09781916439533234,0.6372250914573669,0.03548547625541687,-0.11678985506296158,0.6663893461227417,0.4475362002849579,-0.06197874993085861,0.6960926651954651,0.2727486789226532,-0.09206436574459076,0.711918294429779,0.15975451469421387,-0.11273527145385742,0.7229372262954712,0.058044642210006714,-0.12881526350975037,0.7229974269866943,0.49479636549949646,-0.08020511269569397,0.7541476488113403,0.36545228958129883,-0.10782565176486969,0.7733628749847412,0.27627211809158325,-0.11824594438076019,0.7876124382019043,0.19203448295593262,-0.12639835476875305
0.6425232291221619,0.8136464953422546,7.728351079094864e-07,0.5421847105026245,0.7561876177787781,-0.044314194470644,0.48429441452026367,0.629449188709259,-0.06659378111362457,0.46698707342147827,0.5131117105484009,-0.08515917509794235,0.43273162841796875,0.4188818633556366,-0.10431456565856934,0.5408887267112732,0.4533222019672394,-0.04383049160242081,0.5338186621665955,0.3055584728717804,-0.07840240746736526,0.527805745601654,0.21251145005226135,-0.1060250848531723,0.5261119604110718,0.12625399231910706,-0.12687532603740692,0.6060765981674194,0.43268418312072754,-0.051562968641519547,0.624326765537262,0.25056007504463196,-0.08099673688411713,0.6353713274002075,0.13380584120750427,-0.10741718858480453,0.6462307572364807,0.03328391909599304,-0.1281668096780777,0.663313090801239,0.45137515664100647,-0.06551113724708557,0.6972875595092773,0.2794186472892761,-0.09784621745347977,0.7153100967407227,0.16602304577827454,-0.12104398757219315,0.7286194562911987,0.06279081106185913,-0.13890951871871948,0.7158992290496826,0.4997246265411377,-0.0834302306175232,0.7507470846176147,0.37315598130226135,-0.11328767985105515,0.7721731662750244,0.28382590413093567,-0.12621918320655823,0.7888145446777344,0.1981736421585083,-0.13631998002529144
0.6522130370140076,0.8280426859855652,4.2156801782766706e-07,0.5420891046524048,0.7841907739639282,-0.0313655287027359,0.46999216079711914,0.6713940501213074,-0.041824981570243835,0.44384050369262695,0.5594210624694824,-0.05151013284921646,0.4057849645614624,0.4749816358089447,-0.05954872444272041,0.502951979637146,0.4806423783302307,-0.0015590549446642399,0.47498488426208496,0.3453866243362427,-0.02233041636645794,0.46115273237228394,0.2596537470817566,-0.04458501189947128,0.45190364122390747,0.18495723605155945,-0.0624217726290226,0.5678894519805908,0.44572004675865173,-0.008689528331160545,0.5465279221534729,0.28627437353134155,-0.025307372212409973,0.5343327522277832,0.1883259117603302,-0.04686128720641136,0.5239120721817017,0.10721510648727417,-0.0642562285065651,0.6312848329544067,0.4458227753639221,-0.02286335453391075,0.6264435052871704,0.28883305191993713,-0.04499666020274162,0.6240897178649902,0.19300243258476257,-0.06411182135343552,0.6193408370018005,0.10910940170288086,-0.0787857323884964,0.696410059928894,0.472834974527359,-0.04076515510678291,0.7124932408332825,0.35486936569213867,-0.061554018408060074,0.7231749296188354,0.2758273482322693,-0.07166396826505661,0.7301090955734253,0.2015809416770935,-0.07940872758626938
0.6598242521286011,0.8332884311676025,4.952478889208578e-07,0.5491366386413574,0.8002603054046631,-0.03193957731127739,0.47286784648895264,0.684833288192749,-0.04069267585873604,0.4420235753059387,0.5645553469657898,-0.04814210906624794,0.3973639905452728,0.47789856791496277,-0.05363519862294197,0.5039580464363098,0.48860543966293335,-0.0012996995355933905,0.4678771197795868,0.3519541919231415,-0.01957101933658123,0.4500105381011963,0.26892563700675964,-0.03914434835314751,0.4378358721733093,0.19436845183372498,-0.05542578548192978,0.5672169923782349,0.4508489966392517,-0.00787839200347662,0.53646320104599,0.2919476628303528,-0.02145189605653286,0.5192393064498901,0.19724878668785095,-0.0407959520816803,0.5045697093009949,0.11765027046203613,-0.05696098506450653,0.630820631980896,0.44865113496780396,-0.02155836671590805,0.6153716444969177,0.2910754084587097,-0.041745953261852264,0.6075102686882019,0.19711244106292725,-0.05922028422355652,0.598746657371521,0.11353486776351929,-0.07340160757303238,0.697745144367218,0.47278112173080444,-0.03914809226989746,0.7096439003944397,0.35285937786102295,-0.059957247227430344,0.7177855968475342,0.2726988196372986,-0.07009992003440857,0.7228145003318787,0.19696950912475586,-0.07786787301301956
0.6694159507751465,0.8343218564987183,4.986173394172511e-07,0.5571737885475159,0.8009600639343262,-0.03241037204861641,0.4804011881351471,0.6842374801635742,-0.04061266407370567,0.4483625888824463,0.5620917081832886,-0.04742850363254547,0.3999510109424591,0.47973769903182983,-0.052576251327991486,0.5084398984909058,0.48562857508659363,-0.0007005381048657,0.46959808468818665,0.34906065464019775,-0.019524067640304565,0.44833290576934814,0.2651233971118927,-0.04035043343901634,0.4317203462123871,0.18930533528327942,-0.057860348373651505,0.5723037123680115,0.44652318954467773,-0.007399138994514942,0.5405107736587524,0.2882431745529175,-0.021496616303920746,0.5215960144996643,0.19337695837020874,-0.0420871302485466,0.5042631030082703,0.11316901445388794,-0.05928663909435272,0.6366552114486694,0.44371622800827026,-0.021199705079197884,0.6197762489318848,0.2862415313720703,-0.042299799621105194,0.6097517013549805,0.19170856475830078,-0.060091517865657806,0.5981995463371277,0.10678258538246155,-0.07447632402181625,0.7041213512420654,0.4686465859413147,-0.03896288573741913,0.7144346833229065,0.34826356172561646,-0.060619547963142395,0.7214135527610779,0.26827603578567505,-0.07048627734184265,0.7251368761062622,0.19280585646629333,-0.07794412970542908
0.686159074306488,0.8268369436264038,4.663330059884174e-07,0.5702287554740906,0.7915860414505005,-0.031033620238304138,0.4908898174762726,0.670894205570221,-0.03625623136758804,0.4560158848762512,0.5461004376411438,-0.040354155004024506,0.40477463603019714,0.46863821148872375,-0.04330788180232048,0.5192421674728394,0.4774967133998871,0.003540300764143467,0.47834354639053345,0.34205809235572815,-0.014414297416806221,0.45516884326934814,0.258224219083786,-0.035223301500082016,0.436389684677124,0.1815173327922821,-0.052929721772670746,0.5849056243896484,0.43690869212150574,-0.0035001218784600496,0.5528694987297058,0.27978354692459106,-0.01663759909570217,0.5332932472229004,0.18525922298431396,-0.03730704262852669,0.5152377486228943,0.10359159111976624,-0.05458149313926697,0.6503201723098755,0.43384474515914917,-0.017731158062815666,0.6322879791259766,0.27908244729042053,-0.03846799582242966,0.620527446269989,0.18516775965690613,-0.056077852845191956,0.6071087121963501,0.09898567199707031,-0.07026723027229309,0.718842625617981,0.45890384912490845,-0.035886432975530624,0.7264058589935303,0.33888256549835205,-0.057116974145174026,0.7318242788314819,0.26008880138397217,-0.06594492495059967,0.7341204881668091,0.1842791736125946,-0.07266534864902496
0.7267214059829712,0.7938261032104492,4.966856295141042e-07,0.6124101877212524,0.7579644918441772,-0.0338679663836956,0.5320457816123962,0.6419695615768433,-0.0408468097448349,0.4970734119415283,0.5194178223609924,-0.04591277614235878,0.45061972737312317,0.43354690074920654,-0.049934498965740204,0.5598638653755188,0.4478713274002075,-0.005463202018290758,0.5100432634353638,0.31403058767318726,-0.023899469524621964,0.4816879332065582,0.2316119372844696,-0.043359506875276566,0.46063533425331116,0.15531378984451294,-0.05970142409205437,0.6265696287155151,0.40706682205200195,-0.011097291484475136,0.5935970544815063,0.24581441283226013,-0.023958837613463402,0.5732859969139099,0.1485152244567871,-0.043620724231004715,0.5566642880439758,0.06759893894195557,-0.06019775941967964,0.6936794519424438,0.4058593511581421,-0.023705920204520226,0.6829736828804016,0.2477964460849762,-0.04558931663632393,0.6721062064170837,0.15098029375076294,-0.06449151039123535,0.6601823568344116,0.0649586021900177,-0.07932011783123016,0.7622045278549194,0.43345385789871216,-0.039992108941078186,0.7737146615982056,0.31107547879219055,-0.06355635076761246,0.7805807590484619,0.22993913292884827,-0.07329478859901428,0.7841962575912476,0.1527080535888672,-0.0802331194281578
0.729148805141449,0.7947403192520142,5.158255476089835e-07,0.6146522760391235,0.7628322839736938,-0.035270605236291885,0.535326361656189,0.6459154486656189,-0.04412122815847397,0.504159152507782,0.5221208333969116,-0.05095190927386284,0.4572151303291321,0.434381902217865,-0.056538503617048264,0.563235342502594,0.4515141546726227,-0.006516145542263985,0.5145012736320496,0.3184899687767029,-0.028067531064152718,0.4877375364303589,0.23461657762527466,-0.049504201859235764,0.4685503840446472,0.15859496593475342,-0.06672156602144241,0.6306073665618896,0.4071964621543884,-0.01246730424463749,0.5978837609291077,0.24361078441143036,-0.027716591954231262,0.5786582231521606,0.14648908376693726,-0.047833770513534546,0.5624889731407166,0.0653766393661499,-0.06434968113899231,0.6970477104187012,0.40237951278686523,-0.025771629065275192,0.6852262020111084,0.24254390597343445,-0.04806011915206909,0.6775535345077515,0.1465802788734436,-0.0652705654501915,0.6684113144874573,0.060633331537246704,-0.0789867416024208,0.7649314403533936,0.4279583692550659,-0.043173350393772125,0.7768269777297974,0.30811065435409546,-0.06519336253404617,0.7850879430770874,0.2277626246213913,-0.07368100434541702,0.7899277210235596,0.15163186192512512,-0.08004060387611389
0.7325844764709473,0.7956646680831909,5.063907906333043e-07,0.6174010634422302,0.7641023397445679,-0.03538699820637703,0.5376596450805664,0.6475933790206909,-0.044234421104192734,0.5065140128135681,0.5233649015426636,-0.05120331048965454,0.4593711197376251,0.4351601302623749,-0.05685942620038986,0.5668968558311462,0.4525092840194702,-0.004820593167096376,0.5184892416000366,0.31901320815086365,-0.025857437402009964,0.49233806133270264,0.23516933619976044,-0.04712565988302231,0.4739084839820862,0.15899699926376343,-0.06431391835212708,0.6337292194366455,0.4084400236606598,-0.01063056755810976,0.60002601146698,0.24485357105731964,-0.02582624927163124,0.5810628533363342,0.14738774299621582,-0.046280983835458755,0.5655532479286194,0.06554964184761047,-0.06306181102991104,0.6995474696159363,0.40350911021232605,-0.023904262110590935,0.6865696310997009,0.24423931539058685,-0.04598888382315636,0.6790301203727722,0.14821285009384155,-0.06343306601047516,0.6702700853347778,0.062111467123031616,-0.0773131251335144,0.7672232389450073,0.42796459794044495,-0.0413428470492363,0.7773236632347107,0.30866026878356934,-0.06310714036226273,0.7843005657196045,0.2281768023967743,-0.0718018114566803,0.7879798412322998,0.1517689824104309,-0.07838542759418488
0.7334814667701721,0.7946460247039795,4.913764541925048e-07,0.6199906468391418,0.7625804543495178,-0.03422814607620239,0.540647029876709,0.645268440246582,-0.0426456481218338,0.5089386701583862,0.5224226713180542,-0.04934960976243019,0.46168944239616394,0.43547719717025757,-0.054775893688201904,0.5684467554092407,0.4520845115184784,-0.004209148231893778,0.5199508666992188,0.319474458694458,-0.02476898580789566,0.4936339259147644,0.2365218549966812,-0.045418959110975266,0.4751587212085724,0.16126945614814758,-0.06214755401015282,0.6348388195037842,0.40845465660095215,-0.010322334244847298,0.6006783246994019,0.245565265417099,-0.025373607873916626,0.5814855098724365,0.14888834953308105,-0.045371878892183304,0.5657359957695007,0.06799045205116272,-0.061769790947437286,0.7003850340843201,0.40340450406074524,-0.023785335943102837,0.6872144341468811,0.2451622635126114,-0.04557252675294876,0.6794676184654236,0.14973852038383484,-0.06283150613307953,0.6702176332473755,0.06412747502326965,-0.07660888135433197,0.7674900889396667,0.42734295129776,-0.041286151856184006,0.7763433456420898,0.30799126625061035,-0.06256003677845001,0.7827586531639099,0.22747422754764557,-0.07111173123121262,0.7856019735336304,0.15064826607704163,-0.0777105838060379
0.7322310209274292,0.7945493459701538,4.793472498931806e-07,0.6203111410140991,0.7639006972312927,-0.03439557924866676,0.5415184497833252,0.6482341885566711,-0.04325813055038452,0.5097655653953552,0.5263575315475464,-0.05039091780781746,0.4616837501525879,0.4407218396663666,-0.05622527748346329,0.5687462091445923,0.45328596234321594,-0.004342368803918362,0.5211499333381653,0.321272611618042,-0.024351535364985466,0.49586647748947144,0.23893927037715912,-0.04462382569909096,0.4784349799156189,0.1645519733428955,-0.061103127896785736,0.6345847845077515,0.41007503867149353,-0.009944834746420383,0.6006239652633667,0.2496093064546585,-0.024054186418652534,0.5817715525627136,0.155263751745224,-0.04325759410858154,0.56647789478302,0.07690396904945374,-0.05936166271567345,0.6995505690574646,0.404677152633667,-0.022902796044945717,0.6848629117012024,0.24921029806137085,-0.0431445874273777,0.6760727763175964,0.1566379964351654,-0.059402260929346085,0.6661112308502197,0.07390433549880981,-0.07292742282152176,0.7659271359443665,0.4279581606388092,-0.04006331041455269,0.7737338542938232,0.31140953302383423,-0.06014811620116234,0.7796842455863953,0.23275360465049744,-0.06846205145120621,0.7825275659561157,0.15806236863136292,-0.07515304535627365
0.7300894260406494,0.7970104217529297,4.95177175707795e-07,0.6185092329978943,0.7660937309265137,-0.03435520827770233,0.5407423377037048,0.6513389348983765,-0.043883826583623886,0.5088196992874146,0.5312321186065674,-0.051652275025844574,0.4614582061767578,0.4452906847000122,-0.057987600564956665,0.566783607006073,0.45486578345298767,-0.004828406497836113,0.5200598239898682,0.3226450979709625,-0.025405343621969223,0.49516236782073975,0.24039322137832642,-0.046144239604473114,0.47760745882987976,0.16602519154548645,-0.06283137947320938,0.6321632862091064,0.4130247235298157,-0.010699060745537281,0.5983909368515015,0.25216731429100037,-0.025344494730234146,0.5797885060310364,0.15762966871261597,-0.044898971915245056,0.5645800828933716,0.0787549614906311,-0.061027221381664276,0.6971779465675354,0.40848588943481445,-0.023851677775382996,0.6814290881156921,0.251992404460907,-0.044563937932252884,0.671843945980072,0.1581765115261078,-0.06128612160682678,0.6612547636032104,0.07429537177085876,-0.07493912428617477,0.7639585137367249,0.43224018812179565,-0.04113983362913132,0.7717157006263733,0.3147263526916504,-0.06169113516807556,0.7776671648025513,0.23589687049388885,-0.07025501132011414,0.7805747389793396,0.16140809655189514,-0.07691006362438202
0.7304612398147583,0.7990496754646301,4.83075609736261e-07,0.6174534559249878,0.7714081406593323,-0.034963130950927734,0.5378394722938538,0.6553598642349243,-0.043488889932632446,0.5057231783866882,0.5329753160476685,-0.050080761313438416,0.45748502016067505,0.4478481113910675,-0.05543670803308487,0.5645016431808472,0.45722538232803345,-0.0043401154689490795,0.5176742076873779,0.3262450695037842,-0.02459883689880371,0.4927137494087219,0.24414116144180298,-0.04551336541771889,0.4746912717819214,0.16911566257476807,-0.06259717047214508,0.6302753686904907,0.4143253564834595,-0.009891275316476822,0.5964794158935547,0.25456035137176514,-0.02434718981385231,0.5774328708648682,0.15979421138763428,-0.04420706257224083,0.5615402460098267,0.07944995164871216,-0.060707736760377884,0.695196807384491,0.4098420739173889,-0.02286769635975361,0.6794639229774475,0.2559307813644409,-0.043693605810403824,0.6694369316101074,0.16246172785758972,-0.061097439378499985,0.6581653952598572,0.0777624249458313,-0.07532498985528946,0.7618169188499451,0.43360209465026855,-0.04007123038172722,0.7691047191619873,0.3177177906036377,-0.06106384098529816,0.7746545672416687,0.23997250199317932,-0.07024788856506348,0.7769744992256165,0.16552263498306274,-0.07746320217847824
0.7286747694015503,0.8005340099334717,4.835527533941786e-07,0.6178501844406128,0.775084376335144,-0.03612092509865761,0.5376775860786438,0.6595121622085571,-0.045556750148534775,0.5051074624061584,0.5360724925994873,-0.052680276334285736,0.45677027106285095,0.4493167996406555,-0.0583961121737957,0.562898576259613,0.46081534028053284,-0.0072843702509999275,0.5148916840553284,0.3284919261932373,-0.027889927849173546,0.48942115902900696,0.2465268224477768,-0.04850748926401138,0.4714221656322479,0.17188674211502075,-0.06521035730838776,0.6284172534942627,0.4174039959907532,-0.012168735265731812,0.5928211808204651,0.25669074058532715,-0.026494422927498817,0.5730975866317749,0.16220465302467346,-0.045674894005060196,0.5569500923156738,0.08314329385757446,-0.0617852658033371,0.6931796073913574,0.4121958315372467,-0.024465253576636314,0.6774572134017944,0.25686874985694885,-0.044846344739198685,0.6674518585205078,0.16351643204689026,-0.06149271875619888,0.656181812286377,0.07968318462371826,-0.07535471767187119,0.7593279480934143,0.435499906539917,-0.04108075052499771,0.7659057378768921,0.3188915252685547,-0.061480578035116196,0.7707369923591614,0.24077442288398743,-0.07024668902158737,0.772118330001831,0.1663050353527069,-0.07727599889039993
0.7312058806419373,0.80301833152771,4.78014101190638e-07,0.6189635992050171,0.7749011516571045,-0.034007612615823746,0.5377420783042908,0.6579986214637756,-0.041610073298215866,0.504723846912384,0.534995973110199,-0.04754103720188141,0.4565967917442322,0.44986552000045776,-0.05215507373213768,0.5650516152381897,0.4636232852935791,-0.0030917597468942404,0.5166205167770386,0.3309174180030823,-0.02280469238758087,0.49028414487838745,0.24839113652706146,-0.0429762601852417,0.47169366478919983,0.17364263534545898,-0.05941186100244522,0.6302105784416199,0.4198789894580841,-0.00874369591474533,0.5948078036308289,0.25892937183380127,-0.022685592994093895,0.5745487809181213,0.16390076279640198,-0.04187970235943794,0.5579116344451904,0.08501872420310974,-0.05778704583644867,0.6947315335273743,0.4139917492866516,-0.02179715596139431,0.6789365410804749,0.25699979066848755,-0.042121078819036484,0.668816089630127,0.16345050930976868,-0.05851336196064949,0.6575208902359009,0.08010983467102051,-0.07189882546663284,0.7608296275138855,0.43659505248069763,-0.03902383893728256,0.7673446536064148,0.31826210021972656,-0.059108223766088486,0.7717522382736206,0.23891323804855347,-0.06733424961566925,0.7729448676109314,0.16363033652305603,-0.07383611798286438
0.7368336915969849,0.8054102659225464,4.978352876605641e-07,0.6230461001396179,0.7797790765762329,-0.036555610597133636,0.5409797430038452,0.6634147763252258,-0.04497448727488518,0.5086970925331116,0.5395510196685791,-0.05111075937747955,0.4600066840648651,0.45420852303504944,-0.056040335446596146,0.5692810416221619,0.4665680527687073,-0.005800526589155197,0.5215727686882019,0.3344770073890686,-0.02587016485631466,0.49596887826919556,0.25094616413116455,-0.046385541558265686,0.4783255457878113,0.17539364099502563,-0.06314925849437714,0.6351637840270996,0.421994686126709,-0.010486990213394165,0.6016074419021606,0.2599562406539917,-0.024409878998994827,0.5819128155708313,0.16348421573638916,-0.04379793256521225,0.5661711692810059,0.08388501405715942,-0.06005331873893738,0.6995006799697876,0.4165845811367035,-0.022784622386097908,0.6856588125228882,0.25917840003967285,-0.043391987681388855,0.676427960395813,0.16605567932128906,-0.06019066646695137,0.6660656929016113,0.08271154761314392,-0.07399668544530869,0.7652698755264282,0.4400550425052643,-0.039454732090234756,0.7725979089736938,0.32191717624664307,-0.06019783765077591,0.7770132422447205,0.2426922619342804,-0.0690516009926796,0.7781587839126587,0.1666908860206604,-0.07611774653196335
0.7380831241607666,0.8057476282119751,5.2238681291783e-07,0.6248171329498291,0.7776938080787659,-0.03680817782878876,0.5435097813606262,0.6619154214859009,-0.04618682339787483,0.5099117755889893,0.5396866798400879,-0.05318360775709152,0.4619380533695221,0.4536527693271637,-0.05883164331316948,0.5699089765548706,0.46651872992515564,-0.007410935126245022,0.5230202674865723,0.3330557942390442,-0.028517017140984535,0.4974278211593628,0.24960069358348846,-0.04949960857629776,0.4792640209197998,0.17333906888961792,-0.06650105118751526,0.6357719302177429,0.4228084981441498,-0.012233772315084934,0.6027711033821106,0.2605639100074768,-0.02717563323676586,0.5836610198020935,0.16367089748382568,-0.046628937125205994,0.5681314468383789,0.08245143294334412,-0.06281142681837082,0.7004801034927368,0.41785699129104614,-0.024629762396216393,0.6860514879226685,0.261371910572052,-0.04578099399805069,0.6770037412643433,0.16689607501029968,-0.06228369101881981,0.6669825315475464,0.08177492022514343,-0.07582002133131027,0.7663853168487549,0.4414786994457245,-0.041418202221393585,0.7726091146469116,0.3236492872238159,-0.062388986349105835,0.7773710489273071,0.2441038191318512,-0.07086458057165146,0.7794243693351746,0.16765153408050537,-0.07758118212223053
0.738711953163147,0.8059710264205933,5.143071462043736e-07,0.625893771648407,0.7787808775901794,-0.036937642842531204,0.5446202754974365,0.6618837118148804,-0.046353597193956375,0.5115272998809814,0.5388335585594177,-0.05325651168823242,0.4639478921890259,0.45212388038635254,-0.05884457379579544,0.5719462037086487,0.4660446345806122,-0.00829760916531086,0.5254359841346741,0.33205270767211914,-0.0294113177806139,0.49968886375427246,0.24890996515750885,-0.050271276384592056,0.4810967743396759,0.17324906587600708,-0.06719481199979782,0.6376779079437256,0.4231072962284088,-0.012958486564457417,0.6048254370689392,0.26067957282066345,-0.02801111526787281,0.5857752561569214,0.1639314591884613,-0.04752366244792938,0.5700839757919312,0.08302131295204163,-0.06379073113203049,0.7019984722137451,0.4188055992126465,-0.02513004094362259,0.6871652007102966,0.2628325819969177,-0.04626406356692314,0.6777901649475098,0.16902849078178406,-0.06288633495569229,0.6672048568725586,0.08456343412399292,-0.07656391710042953,0.7673299908638,0.442564994096756,-0.041680626571178436,0.7732175588607788,0.324343740940094,-0.06267987936735153,0.7777079343795776,0.24480576813220978,-0.07144971936941147,0.779397189617157,0.16838064789772034,-0.07841739058494568
0.7345259189605713,0.8052733540534973,5.375060254664277e-07,0.6220047473907471,0.7750873565673828,-0.03684114292263985,0.543398916721344,0.6579431295394897,-0.047616757452487946,0.5117774605751038,0.5362659692764282,-0.05592593923211098,0.4650275707244873,0.45208051800727844,-0.06339462101459503,0.5729926228523254,0.4657430946826935,-0.012277834117412567,0.5298097133636475,0.3325238525867462,-0.03579086437821388,0.5055091977119446,0.24866752326488495,-0.058046627789735794,0.4882088303565979,0.17206433415412903,-0.07585107535123825,0.6387730240821838,0.423073947429657,-0.018182428553700447,0.6101682186126709,0.25827860832214355,-0.03617415577173233,0.5937795042991638,0.1587885022163391,-0.05735720321536064,0.5803626179695129,0.07490649819374084,-0.0746517926454544,0.7024824619293213,0.41962525248527527,-0.031355880200862885,0.690057635307312,0.26096075773239136,-0.05551959201693535,0.6812174320220947,0.16304844617843628,-0.07417262345552444,0.670957088470459,0.0746544897556305,-0.08899004757404327,0.7672288417816162,0.4451351463794708,-0.04864604398608208,0.7751322388648987,0.3247721791267395,-0.0723256841301918,0.7800130248069763,0.2424296736717224,-0.08268200606107712,0.781377375125885,0.163690447807312,-0.09066718816757202
0.733105480670929,0.8042801022529602,5.514452823263127e-07,0.6219984292984009,0.7740135788917542,-0.03723379969596863,0.543918251991272,0.6578072905540466,-0.04881373792886734,0.5122108459472656,0.5366416573524475,-0.05787054821848869,0.4645805358886719,0.45277857780456543,-0.06613871455192566,0.571678638458252,0.4640643298625946,-0.01345766056329012,0.5300813913345337,0.3302121162414551,-0.03682270273566246,0.5065218210220337,0.24545732140541077,-0.059156082570552826,0.48980802297592163,0.1677360236644745,-0.0772508829832077,0.6377344131469727,0.42189523577690125,-0.01953304372727871,0.6105078458786011,0.2565845251083374,-0.037313416600227356,0.5947576761245728,0.15605801343917847,-0.05876479297876358,0.581538736820221,0.07093378901481628,-0.0764690712094307,0.7018065452575684,0.4192031919956207,-0.03278524801135063,0.6896870732307434,0.2609502673149109,-0.056601449847221375,0.6812292337417603,0.1611255407333374,-0.07596394419670105,0.6714439392089844,0.07030290365219116,-0.09156529605388641,0.7667129635810852,0.44565555453300476,-0.050142910331487656,0.7751395106315613,0.3246162533760071,-0.07385989278554916,0.780786395072937,0.24129967391490936,-0.08475137501955032,0.7831514477729797,0.16155323386192322,-0.09328052401542664
0.7312789559364319,0.8062090873718262,5.370053486331017e-07,0.6210217475891113,0.7757033109664917,-0.03700955584645271,0.5435049533843994,0.661155104637146,-0.04834427312016487,0.5118576288223267,0.5399426817893982,-0.057438287883996964,0.4643869400024414,0.45355474948883057,-0.06559243053197861,0.5721507668495178,0.4679996073246002,-0.011253354139626026,0.5279152989387512,0.3342229723930359,-0.0339847095310688,0.5031996965408325,0.24984301626682281,-0.055770713835954666,0.4864284098148346,0.1723029911518097,-0.07336866110563278,0.6373851895332336,0.42513591051101685,-0.01704440638422966,0.6084986925125122,0.2601320147514343,-0.03400290012359619,0.5925393104553223,0.16077399253845215,-0.05491001158952713,0.579929530620575,0.07699814438819885,-0.07223814725875854,0.700782060623169,0.4209648072719574,-0.030177678912878036,0.6881690621376038,0.26399579644203186,-0.05317588895559311,0.6805908679962158,0.1668301820755005,-0.07178912311792374,0.6718628406524658,0.07871770858764648,-0.08686833083629608,0.765226423740387,0.4454694986343384,-0.04752454161643982,0.773101806640625,0.3259972035884857,-0.07013118267059326,0.7790321111679077,0.2449292093515396,-0.08035703748464584,0.7816057205200195,0.1673445999622345,-0.08850324898958206
0.731347918510437,0.807252824306488,5.224293886385567e-07,0.6218380928039551,0.7780383229255676,-0.03700324892997742,0.5436739921569824,0.6628425121307373,-0.04823184758424759,0.5122853517532349,0.5411381721496582,-0.05712463706731796,0.4645557701587677,0.4559672772884369,-0.06508864462375641,0.5720188021659851,0.46935325860977173,-0.01236118283122778,0.5272645354270935,0.336141973733902,-0.035018324851989746,0.5023585557937622,0.251881867647171,-0.056688908487558365,0.48519012331962585,0.17488408088684082,-0.07424942404031754,0.6374546885490417,0.4265027642250061,-0.018194839358329773,0.6083163619041443,0.26124751567840576,-0.03514440357685089,0.5919179916381836,0.16231396794319153,-0.05574095621705055,0.5784116983413696,0.07954692840576172,-0.07280460000038147,0.7012025713920593,0.42265886068344116,-0.03127020597457886,0.6884461045265198,0.26451820135116577,-0.05424414947628975,0.6796875,0.1670546531677246,-0.07276218384504318,0.669490396976471,0.07866784930229187,-0.0877697542309761,0.7659727931022644,0.44787442684173584,-0.04852037504315376,0.7742376327514648,0.326998233795166,-0.07121302932500839,0.7793272137641907,0.24499312043190002,-0.08151622861623764,0.7806104421615601,0.1665942370891571,-0.08971161395311356
0.7355287671089172,0.8135163187980652,5.06833998770162e-07,0.625881016254425,0.7867535352706909,-0.03823194280266762,0.5469852685928345,0.6717132925987244,-0.05007646605372429,0.5166469216346741,0.548200249671936,-0.05941727012395859,0.46808692812919617,0.4605235159397125,-0.06800659000873566,0.5769091844558716,0.47612833976745605,-0.013979419134557247,0.532622218132019,0.34302055835723877,-0.03751873970031738,0.507027268409729,0.25874000787734985,-0.05995605140924454,0.48872852325439453,0.18165260553359985,-0.07825134694576263,0.6418318152427673,0.43373575806617737,-0.019639842212200165,0.6119081974029541,0.2686651945114136,-0.037512652575969696,0.5942320227622986,0.16910481452941895,-0.059349048882722855,0.579367995262146,0.08535736799240112,-0.07750120759010315,0.7050703763961792,0.4306575059890747,-0.03254843130707741,0.6905660629272461,0.27335649728775024,-0.056287579238414764,0.6820258498191833,0.17728865146636963,-0.0752440094947815,0.6718858480453491,0.08970344066619873,-0.09069884568452835,0.769797146320343,0.4562620222568512,-0.04971282556653023,0.776978611946106,0.3372095823287964,-0.07311277836561203,0.7822864055633545,0.256481409072876,-0.083733469247818,0.7842313647270203,0.17878374457359314,-0.09226721525192261
0.7381064295768738,0.8173748254776001,5.10743859649665e-07,0.6278693079948425,0.7901355624198914,-0.03688884153962135,0.5485104322433472,0.6754578948020935,-0.048053108155727386,0.5179949998855591,0.5526082515716553,-0.056953951716423035,0.47031164169311523,0.46620988845825195,-0.06492071598768234,0.578478217124939,0.48242756724357605,-0.012735292315483093,0.5333276391029358,0.34880584478378296,-0.03571293503046036,0.5081038475036621,0.2645655870437622,-0.057395558804273605,0.4904883801937103,0.18823811411857605,-0.07492632418870926,0.6423290371894836,0.44046756625175476,-0.018409423530101776,0.6121994256973267,0.2752802073955536,-0.035770416259765625,0.5953668355941772,0.17696532607078552,-0.056291647255420685,0.5818082690238953,0.09513559937477112,-0.07322189956903458,0.7048780918121338,0.4368937015533447,-0.031295713037252426,0.6898515820503235,0.2779209613800049,-0.05441723391413689,0.681178092956543,0.18273332715034485,-0.07230338454246521,0.6714050769805908,0.0967787504196167,-0.08685875684022903,0.7695423364639282,0.4612866938114166,-0.04838162660598755,0.7774564623832703,0.34191209077835083,-0.07109663635492325,0.7826810479164124,0.26166871190071106,-0.08118132501840591,0.7845454812049866,0.18500438332557678,-0.08922487497329712
0.740068793296814,0.8213815689086914,5.134749585522513e-07,0.6299906373023987,0.7937798500061035,-0.03658393770456314,0.5511460900306702,0.6784647107124329,-0.047148533165454865,0.521184504032135,0.5557425022125244,-0.055491432547569275,0.47402670979499817,0.47009485960006714,-0.06282533705234528,0.5812014937400818,0.4847680330276489,-0.010833445936441422,0.537286102771759,0.3519638180732727,-0.03347714617848396,0.5124033689498901,0.2681460976600647,-0.0552043542265892,0.4946659803390503,0.19249853491783142,-0.07275581359863281,0.6450398564338684,0.44330519437789917,-0.01638009212911129,0.6156617999076843,0.2801336646080017,-0.03327636048197746,0.5989379286766052,0.18270033597946167,-0.053711142390966415,0.5852287411689758,0.10189545154571533,-0.0706050917506218,0.7072170972824097,0.4397440254688263,-0.029217416420578957,0.6915968060493469,0.28328216075897217,-0.051783815026283264,0.6824319362640381,0.1899677813053131,-0.06906402111053467,0.6723321676254272,0.10614565014839172,-0.08319142460823059,0.7711900472640991,0.4641171395778656,-0.046373166143894196,0.7785967588424683,0.34667742252349854,-0.06856375187635422,0.7834842205047607,0.2674136459827423,-0.07828520983457565,0.7854865789413452,0.1919790506362915,-0.08603180199861526
0.736139714717865,0.8188360929489136,5.500218094312004e-07,0.6245235204696655,0.790438175201416,-0.03549720719456673,0.5453009605407715,0.6764947175979614,-0.0453605130314827,0.5134842395782471,0.5569000244140625,-0.05307992547750473,0.46776673197746277,0.4716270864009857,-0.05966504290699959,0.5728221535682678,0.4819658696651459,-0.009899179451167583,0.5301231145858765,0.34901246428489685,-0.0320749394595623,0.507183849811554,0.26533204317092896,-0.053348053246736526,0.4909045696258545,0.1887751817703247,-0.07037318497896194,0.637694776058197,0.44034531712532043,-0.015368098393082619,0.6102477312088013,0.2779475748538971,-0.03150717169046402,0.5964839458465576,0.18096840381622314,-0.05073804780840874,0.5856930613517761,0.09848237037658691,-0.0664878711104393,0.7007400989532471,0.43651533126831055,-0.02812180668115616,0.6836954355239868,0.28206562995910645,-0.05015266314148903,0.6727275252342224,0.18841040134429932,-0.06739701330661774,0.661200225353241,0.10251271724700928,-0.0812082439661026,0.7659084796905518,0.4596974849700928,-0.04508509859442711,0.7734020352363586,0.3415113687515259,-0.06715469062328339,0.7787681818008423,0.26181259751319885,-0.07708965241909027,0.7807716131210327,0.1856192648410797,-0.0846262201666832
0.7170369625091553,0.8234658241271973,5.607383286587719e-07,0.6064721345901489,0.7927201986312866,-0.036499034613370895,0.5266531109809875,0.6803138256072998,-0.04716850817203522,0.4927782416343689,0.5637786984443665,-0.05555706471204758,0.444716215133667,0.48039865493774414,-0.06313716620206833,0.5521165728569031,0.48578253388404846,-0.010751021094620228,0.5077667236328125,0.35206305980682373,-0.03321564197540283,0.48292404413223267,0.2685371935367584,-0.054773081094026566,0.4634638726711273,0.19176191091537476,-0.07202963531017303,0.616600751876831,0.4457116723060608,-0.016276666894555092,0.5862265825271606,0.2830645442008972,-0.03338231146335602,0.5698471069335938,0.18486616015434265,-0.05379357561469078,0.5558631420135498,0.10041993856430054,-0.07023987174034119,0.6799256801605225,0.44407132267951965,-0.029137352481484413,0.6623589396476746,0.28577303886413574,-0.052777890115976334,0.6533889770507812,0.1906137764453888,-0.07183392345905304,0.6424245834350586,0.10377222299575806,-0.08651513606309891,0.7446427345275879,0.46862757205963135,-0.046088069677352905,0.7499456405639648,0.3473464250564575,-0.06991847604513168,0.7548978924751282,0.2673547863960266,-0.08102793246507645,0.7564509510993958,0.19122928380966187,-0.08930855989456177
0.7195895314216614,0.8262911438941956,5.658937425323529e-07,0.6104893684387207,0.8014317750930786,-0.040431901812553406,0.5286506414413452,0.691653847694397,-0.05497009679675102,0.49173712730407715,0.5736616849899292,-0.06629972159862518,0.4425327777862549,0.4847226142883301,-0.0761680006980896,0.551357626914978,0.4929199814796448,-0.019261272624135017,0.5056288838386536,0.3566367030143738,-0.044329430907964706,0.48007476329803467,0.2717742621898651,-0.06689658761024475,0.46187761425971985,0.19448170065879822,-0.08478515595197678,0.6156557202339172,0.45005351305007935,-0.02397235669195652,0.5830099582672119,0.28421568870544434,-0.043003540486097336,0.5654540657997131,0.18545371294021606,-0.06371872872114182,0.551013171672821,0.10249564051628113,-0.08058640360832214,0.6794620156288147,0.445268452167511,-0.035990696400403976,0.6592059135437012,0.2852972447872162,-0.06045779585838318,0.6478621959686279,0.18935725092887878,-0.07846822589635849,0.6355852484703064,0.10186994075775146,-0.09284238517284393,0.7460700869560242,0.4680137634277344,-0.05239022523164749,0.750891387462616,0.34489861130714417,-0.07658728212118149,0.7547585368156433,0.26187390089035034,-0.08751583844423294,0.7549473643302917,0.18255698680877686,-0.09577661007642746
0.7235148549079895,0.8288824558258057,5.27886470536032e-07,0.6134804487228394,0.8034390211105347,-0.03834991157054901,0.5322312712669373,0.6900443434715271,-0.050661712884902954,0.4973583221435547,0.5691062211990356,-0.060160525143146515,0.4479462206363678,0.48215970396995544,-0.06833340972661972,0.5569130182266235,0.4910244941711426,-0.014882541261613369,0.5122303366661072,0.35645127296447754,-0.038474537432193756,0.485950231552124,0.27241310477256775,-0.060673121362924576,0.4661555290222168,0.1963353455066681,-0.07870166003704071,0.6211478114128113,0.4485367238521576,-0.020154792815446854,0.5891648530960083,0.2862659692764282,-0.03785007819533348,0.5708798170089722,0.1886824071407318,-0.05800529196858406,0.5553072690963745,0.10760250687599182,-0.07482454925775528,0.684821367263794,0.444478839635849,-0.03276776522397995,0.6653262376785278,0.287031352519989,-0.056331563740968704,0.6543117761611938,0.19204017519950867,-0.07327494025230408,0.6422534584999084,0.10599154233932495,-0.08726292103528976,0.7505819201469421,0.46866631507873535,-0.049784280359745026,0.756184458732605,0.3487783670425415,-0.07356366515159607,0.7601985335350037,0.26739200949668884,-0.0838610827922821,0.761207640171051,0.18946191668510437,-0.09185338020324707
0.7244791388511658,0.8276605606079102,5.50173865576653e-07,0.6147723197937012,0.8020669221878052,-0.03860996291041374,0.5337328910827637,0.6905081868171692,-0.051526885479688644,0.4985519051551819,0.5706809163093567,-0.06164923682808876,0.4494684636592865,0.4846777319908142,-0.07051306962966919,0.5573855638504028,0.49263304471969604,-0.015951862558722496,0.5116643905639648,0.3579692542552948,-0.04010714218020439,0.4858520030975342,0.27339357137680054,-0.06244468316435814,0.46713322401046753,0.19592982530593872,-0.08040562272071838,0.621738076210022,0.4494439661502838,-0.02127673290669918,0.5890315771102905,0.28565239906311035,-0.03934216871857643,0.5709888339042664,0.18788602948188782,-0.05983218550682068,0.5560483932495117,0.10559189319610596,-0.07676336914300919,0.6854735612869263,0.44471651315689087,-0.033865462988615036,0.6655335426330566,0.28711533546447754,-0.05758361145853996,0.6534790992736816,0.1915440857410431,-0.07532280683517456,0.6407572627067566,0.10417976975440979,-0.08977310359477997,0.7514298558235168,0.46821123361587524,-0.05081188678741455,0.7576199769973755,0.3474736213684082,-0.0745527446269989,0.7623563408851624,0.26496851444244385,-0.08521220833063126,0.7639557123184204,0.18566906452178955,-0.09342613071203232
0.7237509489059448,0.8286722898483276,5.476886713040585e-07,0.6143376231193542,0.802048921585083,-0.03750325366854668,0.5345442891120911,0.6889644265174866,-0.04977729544043541,0.5008037090301514,0.5684031248092651,-0.05951820686459541,0.4515097141265869,0.4836459457874298,-0.0680965930223465,0.5579596161842346,0.4917563498020172,-0.014746964909136295,0.5119749307632446,0.35696661472320557,-0.03854898735880852,0.48619335889816284,0.2722908854484558,-0.06073376536369324,0.46747300028800964,0.19468018412590027,-0.07864639163017273,0.6222506165504456,0.4491428732872009,-0.020684579387307167,0.5897131562232971,0.2853308916091919,-0.038597069680690765,0.5718820095062256,0.187069833278656,-0.059276606887578964,0.5570437908172607,0.1043178141117096,-0.07636382430791855,0.6861062049865723,0.44476521015167236,-0.03381180018186569,0.666890561580658,0.2868383526802063,-0.057546842843294144,0.6555567383766174,0.19057375192642212,-0.07565875351428986,0.6434675455093384,0.10278210043907166,-0.0903945118188858,0.7520906925201416,0.468680739402771,-0.05120764672756195,0.7586203217506409,0.3482450246810913,-0.07497908920049667,0.7634759545326233,0.26577743887901306,-0.08581318706274033,0.765135645866394,0.18649619817733765,-0.0942128524184227
0.7194375991821289,0.8360984325408936,5.365724291550578e-07,0.610885500907898,0.8086497187614441,-0.036719780415296555,0.5320668816566467,0.6942869424819946,-0.04876287281513214,0.4988787770271301,0.5756383538246155,-0.05848707631230354,0.44959306716918945,0.49093908071517944,-0.06711766868829727,0.5558464527130127,0.49974873661994934,-0.014809956774115562,0.5102919340133667,0.3639497458934784,-0.03858629986643791,0.48476892709732056,0.27962803840637207,-0.06027643382549286,0.46622419357299805,0.20351505279541016,-0.07748183608055115,0.6203418970108032,0.45846736431121826,-0.02091250568628311,0.5888175964355469,0.29250437021255493,-0.03867242857813835,0.571330189704895,0.19450902938842773,-0.058767955750226974,0.5568000674247742,0.11243143677711487,-0.07514306157827377,0.6845904588699341,0.4545508623123169,-0.034038789570331573,0.665569007396698,0.29470768570899963,-0.057313453406095505,0.6550363302230835,0.19978901743888855,-0.0743226408958435,0.6431381702423096,0.11291542649269104,-0.08809280395507812,0.7510584592819214,0.47851043939590454,-0.051360875368118286,0.7577447891235352,0.3579811453819275,-0.07442253828048706,0.7629300355911255,0.2773938775062561,-0.08399792015552521,0.764552891254425,0.19984671473503113,-0.0913524255156517
0.7183358669281006,0.8362367153167725,5.459804128804535e-07,0.6083587408065796,0.8097246885299683,-0.03670940920710564,0.5287106037139893,0.6957273483276367,-0.04836536571383476,0.4947203993797302,0.5767489075660706,-0.05758107826113701,0.44634881615638733,0.4921695590019226,-0.0656588077545166,0.5526527762413025,0.5017399787902832,-0.01517532579600811,0.5076234936714172,0.3653741478919983,-0.039029862731695175,0.48293769359588623,0.27991294860839844,-0.06061669439077377,0.4652809202671051,0.20294484496116638,-0.07763338834047318,0.6176489591598511,0.4592134654521942,-0.020955005660653114,0.5869615077972412,0.2932800054550171,-0.03873695805668831,0.5708069801330566,0.1946260929107666,-0.05839579552412033,0.5578088760375977,0.11236301064491272,-0.0743875727057457,0.6818069815635681,0.45434319972991943,-0.03381338343024254,0.6644330024719238,0.2953387498855591,-0.05722595378756523,0.653938353061676,0.1995893120765686,-0.07463238388299942,0.6422911286354065,0.1125120222568512,-0.08852525800466537,0.7479647397994995,0.4773044288158417,-0.05082648620009422,0.7562204003334045,0.35624781250953674,-0.07431650906801224,0.7617325186729431,0.274370938539505,-0.08468741178512573,0.7634755969047546,0.19608086347579956,-0.09245615452528
0.7168235778808594,0.8397966027259827,5.601369821306434e-07,0.6067542433738708,0.8112090826034546,-0.03691750019788742,0.5278273224830627,0.6979930400848389,-0.049315277487039566,0.49437999725341797,0.579493522644043,-0.059337422251701355,0.44754326343536377,0.49146613478660583,-0.06804348528385162,0.5527464747428894,0.5043055415153503,-0.01520087756216526,0.5066707730293274,0.3675646185874939,-0.0397954024374485,0.4815627932548523,0.2814716696739197,-0.062004901468753815,0.46376049518585205,0.20366159081459045,-0.07945909351110458,0.6172971129417419,0.4615708291530609,-0.021384499967098236,0.5859788656234741,0.2948930263519287,-0.03980805352330208,0.5694777369499207,0.19538360834121704,-0.060219183564186096,0.5560439229011536,0.11231821775436401,-0.07674623280763626,0.6815576553344727,0.4562876224517822,-0.03469108045101166,0.6631051898002625,0.29564356803894043,-0.058655526489019394,0.6527896523475647,0.19862845540046692,-0.07621833682060242,0.6413687467575073,0.11048197746276855,-0.0902290791273117,0.7482060194015503,0.4790363013744354,-0.05218906328082085,0.7558184266090393,0.35749322175979614,-0.0759524554014206,0.7611992955207825,0.27500808238983154,-0.08621105551719666,0.7628815174102783,0.1964467465877533,-0.09390365332365036
0.7204174399375916,0.8467602133750916,5.317772320267977e-07,0.6108672022819519,0.8193515539169312,-0.03864430636167526,0.5314257740974426,0.7050189971923828,-0.051549121737480164,0.4985552430152893,0.5839776992797852,-0.06173501908779144,0.45003873109817505,0.49669912457466125,-0.07072778791189194,0.5580382347106934,0.5097970366477966,-0.01690201461315155,0.5122063755989075,0.37339848279953003,-0.041665397584438324,0.48593825101852417,0.28748059272766113,-0.06436455249786377,0.46668747067451477,0.20939522981643677,-0.08261484652757645,0.6226391792297363,0.4674769639968872,-0.022603068500757217,0.5911717414855957,0.3009573221206665,-0.04150122031569481,0.5732437968254089,0.20051470398902893,-0.06267427653074265,0.5581896901130676,0.11728951334953308,-0.08002448081970215,0.6866825819015503,0.46344250440597534,-0.03547807037830353,0.6676750779151917,0.3028063476085663,-0.06001332774758339,0.656924307346344,0.20589709281921387,-0.07791350781917572,0.645011305809021,0.11830678582191467,-0.09238091856241226,0.7535766363143921,0.4879004955291748,-0.052678197622299194,0.7602459788322449,0.36649975180625916,-0.07715052366256714,0.7643253803253174,0.2841775715351105,-0.0878644585609436,0.7649933099746704,0.20565378665924072,-0.09610597789287567
0.7232028841972351,0.8495518565177917,5.448390538731473e-07,0.6142827868461609,0.8219563364982605,-0.03932163491845131,0.5342667698860168,0.7090757489204407,-0.052695125341415405,0.5012890100479126,0.588230311870575,-0.06314027309417725,0.45435458421707153,0.4979861378669739,-0.07212957739830017,0.5599615573883057,0.5110440254211426,-0.017836369574069977,0.5136313438415527,0.37432339787483215,-0.0429009273648262,0.4879089593887329,0.2879948019981384,-0.06571277976036072,0.46918147802352905,0.20916876196861267,-0.08398012071847916,0.6243174076080322,0.4684160351753235,-0.023184675723314285,0.592522382736206,0.3020228147506714,-0.04224593564867973,0.5754903554916382,0.20213186740875244,-0.06327458471059799,0.5611759424209595,0.11846831440925598,-0.08050285279750824,0.6881588101387024,0.4642263352870941,-0.03582052141427994,0.6687499284744263,0.3040958046913147,-0.06029924005270004,0.6582335829734802,0.20711594820022583,-0.07854864746332169,0.6463559865951538,0.11845636367797852,-0.09325086325407028,0.7548398375511169,0.4881284534931183,-0.05288273096084595,0.7618646621704102,0.3660561740398407,-0.07730068266391754,0.7663200497627258,0.2832430601119995,-0.08860214799642563,0.7670871019363403,0.20392116904258728,-0.09723487496376038
0.726138174533844,0.8532148599624634,5.544146119973448e-07,0.615536630153656,0.8257105350494385,-0.03906198963522911,0.5355986952781677,0.7100934982299805,-0.05170818790793419,0.503264844417572,0.5874266028404236,-0.06145506352186203,0.45565319061279297,0.49940505623817444,-0.06998347491025925,0.5621442198753357,0.5116974711418152,-0.016873391345143318,0.5174016952514648,0.37298324704170227,-0.04145463928580284,0.492451012134552,0.28584545850753784,-0.06409095972776413,0.47402483224868774,0.2065345048904419,-0.08231604844331741,0.6273960471153259,0.46939608454704285,-0.02228432148694992,0.5974292755126953,0.30207377672195435,-0.04090464487671852,0.5809577107429504,0.20183873176574707,-0.061943814158439636,0.5667464733123779,0.11826997995376587,-0.07929408550262451,0.6913096308708191,0.46571406722068787,-0.03500008210539818,0.6736078858375549,0.30566397309303284,-0.05929453298449516,0.6636171936988831,0.20839053392410278,-0.07767286896705627,0.6522996425628662,0.11990705132484436,-0.09259240329265594,0.7571142911911011,0.49057915806770325,-0.05212632939219475,0.7645342350006104,0.3691908121109009,-0.07665543258190155,0.7696691751480103,0.28617775440216064,-0.08801645785570145,0.7715076208114624,0.20648854970932007,-0.09678193181753159
0.724473774433136,0.8537147045135498,5.560386853176169e-07,0.6135642528533936,0.8251549601554871,-0.038271885365247726,0.5339259505271912,0.7102298736572266,-0.05102986469864845,0.5012257099151611,0.589111864566803,-0.06110876426100731,0.45464175939559937,0.5000346302986145,-0.06981553882360458,0.5611430406570435,0.5124363899230957,-0.01663464680314064,0.5156099200248718,0.37382328510284424,-0.04115115478634834,0.4908027648925781,0.2870407998561859,-0.06341062486171722,0.47300124168395996,0.20873874425888062,-0.0810948833823204,0.6265090107917786,0.4703367352485657,-0.022228898480534554,0.5965853333473206,0.3019494116306305,-0.040636200457811356,0.5803059339523315,0.20221737027168274,-0.06099806725978851,0.5663112998008728,0.1196381151676178,-0.07768359780311584,0.6905236840248108,0.46616798639297485,-0.03506987541913986,0.6729921698570251,0.3042178452014923,-0.05889866501092911,0.6625711917877197,0.2077215611934662,-0.07656256854534149,0.6504965424537659,0.12025585770606995,-0.09085975587368011,0.756610095500946,0.49044936895370483,-0.052279308438301086,0.7646884918212891,0.3677149713039398,-0.07625988870859146,0.7692358493804932,0.28423237800598145,-0.08722609281539917,0.7698688507080078,0.2044035792350769,-0.09557654708623886
0.716544508934021,0.8523878455162048,5.731620262849901e-07,0.6074143052101135,0.8246335983276367,-0.03887966647744179,0.5279702544212341,0.7128791213035583,-0.05207959562540054,0.49519217014312744,0.5938031077384949,-0.06248316541314125,0.446813702583313,0.5052140355110168,-0.07163755595684052,0.5526410937309265,0.5112167000770569,-0.016927145421504974,0.5072001218795776,0.37422120571136475,-0.041416265070438385,0.4824489951133728,0.2884558439254761,-0.06386543065309525,0.46453869342803955,0.21015122532844543,-0.08158639818429947,0.6178680062294006,0.4697049558162689,-0.022280585020780563,0.5872901678085327,0.3022999167442322,-0.040412455797195435,0.5715180039405823,0.20215490460395813,-0.06098513677716255,0.5588325262069702,0.11766666173934937,-0.07782066613435745,0.6824019551277161,0.4666184186935425,-0.03493126109242439,0.664647102355957,0.305385947227478,-0.05880735442042351,0.6552671194076538,0.2078237235546112,-0.07755524665117264,0.6443420648574829,0.11861193180084229,-0.09252898395061493,0.7489696145057678,0.49136629700660706,-0.051918528974056244,0.7568668127059937,0.369159996509552,-0.07591135799884796,0.7626699805259705,0.28658199310302734,-0.0872553139925003,0.7649880051612854,0.20728221535682678,-0.09586312621831894
0.71853107213974,0.851871907711029,5.570814209931996e-07,0.6086536049842834,0.8255594968795776,-0.04084397852420807,0.5281193256378174,0.712660014629364,-0.055136337876319885,0.4936962127685547,0.5912806987762451,-0.06621677428483963,0.44481849670410156,0.5017788410186768,-0.07588333636522293,0.554533064365387,0.5159021615982056,-0.02052616886794567,0.5073659420013428,0.37695521116256714,-0.04642900452017784,0.4812104105949402,0.29018187522888184,-0.06928478181362152,0.46205902099609375,0.21171864867210388,-0.08735395967960358,0.6194208264350891,0.4726424813270569,-0.02528897486627102,0.5872920751571655,0.3032568693161011,-0.04514908418059349,0.5701261758804321,0.20325005054473877,-0.06626527011394501,0.5554568767547607,0.12064272165298462,-0.0834268257021904,0.6834414601325989,0.467883825302124,-0.03740323707461357,0.664492130279541,0.30454590916633606,-0.0627349242568016,0.6542508602142334,0.20705080032348633,-0.08131710439920425,0.6423546671867371,0.11847016215324402,-0.0961475744843483,0.7498176097869873,0.4916304647922516,-0.05395696684718132,0.7574165463447571,0.3690115809440613,-0.07910600304603577,0.7622579336166382,0.2856878638267517,-0.09083060175180435,0.763320803642273,0.2060319483280182,-0.09971942752599716
0.7192615270614624,0.8511775135993958,5.653956804962945e-07,0.608988344669342,0.824215292930603,-0.04074983298778534,0.5284783244132996,0.7131801843643188,-0.05542607605457306,0.49474579095840454,0.5930837392807007,-0.06688912957906723,0.4469392001628876,0.5024629831314087,-0.07685654610395432,0.5538476705551147,0.515434205532074,-0.020246507599949837,0.5067668557167053,0.37751632928848267,-0.04634030908346176,0.4805722236633301,0.29110056161880493,-0.06951218098402023,0.46124503016471863,0.21272239089012146,-0.08778297901153564,0.6192196607589722,0.47178736329078674,-0.025242960080504417,0.5873668789863586,0.30325189232826233,-0.045080266892910004,0.5701536536216736,0.20331552624702454,-0.06634661555290222,0.5553804636001587,0.12032324075698853,-0.08365345001220703,0.6836504340171814,0.4670369625091553,-0.03760240226984024,0.665027379989624,0.30451497435569763,-0.06292259693145752,0.6547248959541321,0.20678800344467163,-0.08152011036872864,0.6426365971565247,0.11755260825157166,-0.09636669605970383,0.7503325939178467,0.4911182224750519,-0.054385941475629807,0.7580552697181702,0.36842232942581177,-0.07952812314033508,0.7628514766693115,0.28503572940826416,-0.09104222804307938,0.7636220455169678,0.2051241099834442,-0.09974063187837601
0.7211841940879822,0.8484532833099365,5.814662813463656e-07,0.6109257936477661,0.8222852349281311,-0.0404818058013916,0.5299338102340698,0.7094238996505737,-0.054342079907655716,0.49666768312454224,0.5867137312889099,-0.06479252874851227,0.44899651408195496,0.49614623188972473,-0.07388260960578918,0.55355304479599,0.5102373361587524,-0.020341085270047188,0.5081838965415955,0.37137478590011597,-0.04565175622701645,0.4827806353569031,0.2843284010887146,-0.06852226704359055,0.46408724784851074,0.20533066987991333,-0.08673885464668274,0.619417130947113,0.46661970019340515,-0.025234034284949303,0.5876474380493164,0.29741525650024414,-0.044115643948316574,0.5704588294029236,0.19616690278053284,-0.06520982086658478,0.556002140045166,0.11245182156562805,-0.08260862529277802,0.6843721270561218,0.46235325932502747,-0.03735992684960365,0.665375828742981,0.2993903160095215,-0.06199967861175537,0.6545857191085815,0.19993406534194946,-0.08109259605407715,0.642654299736023,0.10962679982185364,-0.09656298905611038,0.7511268854141235,0.4872870445251465,-0.05382391810417175,0.7581698894500732,0.36384958028793335,-0.07896237820386887,0.7632584571838379,0.2790958881378174,-0.09084495157003403,0.7648887038230896,0.1980074942111969,-0.09988022595643997
0.7181808948516846,0.8489080667495728,5.611919391412812e-07,0.6069461703300476,0.8198642730712891,-0.03839689493179321,0.5271654725074768,0.7055978178977966,-0.05151744186878204,0.493879497051239,0.5847084522247314,-0.061904508620500565,0.4458509087562561,0.4955364465713501,-0.07101482152938843,0.5529351234436035,0.5096068382263184,-0.017619319260120392,0.506446123123169,0.37127867341041565,-0.04291848465800285,0.4806452691555023,0.28449690341949463,-0.06560056656599045,0.4617363214492798,0.2058677077293396,-0.08351416885852814,0.6188861131668091,0.46643319725990295,-0.023571046069264412,0.5876107811927795,0.2979086637496948,-0.04272012785077095,0.5701221823692322,0.19728988409042358,-0.06385326385498047,0.5550639629364014,0.11368930339813232,-0.08109301328659058,0.6837053894996643,0.4618818759918213,-0.03669348731637001,0.6657249331474304,0.29918110370635986,-0.06147199124097824,0.6552077531814575,0.20071882009506226,-0.0798589438199997,0.6430062055587769,0.11134380102157593,-0.09458177536725998,0.7503264546394348,0.4862983524799347,-0.0540529228746891,0.7581198215484619,0.36308741569519043,-0.07893044501543045,0.76313316822052,0.2787573039531708,-0.09009957313537598,0.7643052935600281,0.19833344221115112,-0.09849987179040909
0.7189465165138245,0.8480285406112671,5.624166874440562e-07,0.6085585951805115,0.8214157819747925,-0.04028754681348801,0.5275096297264099,0.7083112001419067,-0.054296351969242096,0.49260765314102173,0.5872962474822998,-0.0651928037405014,0.44378581643104553,0.497744083404541,-0.07457197457551956,0.5523748397827148,0.5119522213935852,-0.019656149670481682,0.5054558515548706,0.3725622296333313,-0.04517989978194237,0.4795248806476593,0.2854878008365631,-0.06766863912343979,0.4607343077659607,0.20689871907234192,-0.08537311851978302,0.6179671287536621,0.4679518938064575,-0.02456667274236679,0.585552453994751,0.29847753047943115,-0.043955739587545395,0.5684803128242493,0.19803079962730408,-0.06461937725543976,0.5543058514595032,0.1148386001586914,-0.08141866326332092,0.6827502846717834,0.4627392590045929,-0.03680192306637764,0.6639770865440369,0.29973697662353516,-0.06161875277757645,0.6532050371170044,0.20207667350769043,-0.07974155992269516,0.6408868432044983,0.11348176002502441,-0.09419634193181992,0.7498650550842285,0.4859031140804291,-0.053442537784576416,0.7573252320289612,0.3617725670337677,-0.07817308604717255,0.7617140412330627,0.2775181531906128,-0.08945515751838684,0.7620289325714111,0.19720366597175598,-0.09793100506067276
0.7200888395309448,0.8494015336036682,5.622820822281938e-07,0.6091578602790833,0.8229316473007202,-0.0401558093726635,0.5286592841148376,0.7092350721359253,-0.05376708135008812,0.49465620517730713,0.5878860950469971,-0.06432230025529861,0.44534170627593994,0.4984537661075592,-0.07343929260969162,0.5534292459487915,0.5111817121505737,-0.018379267305135727,0.5049406290054321,0.3732713758945465,-0.043772075325250626,0.47819000482559204,0.2862975001335144,-0.0666370540857315,0.4586341679096222,0.20706132054328918,-0.08477158099412918,0.6191298961639404,0.46713703870773315,-0.023582307621836662,0.5860689282417297,0.29891887307167053,-0.04277115315198898,0.5681471228599548,0.1986214816570282,-0.06398128718137741,0.5530558824539185,0.11513474583625793,-0.08123739063739777,0.6840827465057373,0.4623076319694519,-0.03616494685411453,0.6644538044929504,0.30027860403060913,-0.06110429763793945,0.6531723737716675,0.20221030712127686,-0.07959656417369843,0.6405636072158813,0.11264604330062866,-0.0943405032157898,0.7510837912559509,0.48615512251853943,-0.05317436158657074,0.7577686309814453,0.362690269947052,-0.07813848555088043,0.7622091770172119,0.27870815992355347,-0.08945070952177048,0.762954831123352,0.1981823742389679,-0.09797395765781403
0.7226787209510803,0.8492999076843262,5.6312404694836e-07,0.611236035823822,0.8246803283691406,-0.04008610546588898,0.5299513339996338,0.7104890942573547,-0.05343971401453018,0.4952424466609955,0.5879629850387573,-0.06370998919010162,0.4452900290489197,0.4983094036579132,-0.07255364209413528,0.5537044405937195,0.510958731174469,-0.017668765038251877,0.505719780921936,0.372424840927124,-0.04240535944700241,0.47931236028671265,0.28587812185287476,-0.06493526697158813,0.460042268037796,0.2072071135044098,-0.08291377127170563,0.6195541620254517,0.4668821394443512,-0.022633146494627,0.5868583917617798,0.2979232668876648,-0.04110976681113243,0.5693348050117493,0.1977066993713379,-0.0620904378592968,0.5545611381530762,0.11422696709632874,-0.07934918999671936,0.6844695806503296,0.46216341853141785,-0.035000670701265335,0.664887011051178,0.29996758699417114,-0.05923091247677803,0.6537638306617737,0.20229434967041016,-0.07781720161437988,0.6413959860801697,0.11310622096061707,-0.09282340109348297,0.7513769865036011,0.4858097732067108,-0.051793236285448074,0.7580443024635315,0.3623204827308655,-0.07630752772092819,0.7622976303100586,0.2784213721752167,-0.08781519532203674,0.762908399105072,0.1977483332157135,-0.09660160541534424
0.7247412204742432,0.8513432145118713,5.678936076947139e-07,0.6143637299537659,0.8245350122451782,-0.04065520688891411,0.5329818725585938,0.7113659977912903,-0.05473797023296356,0.4985053539276123,0.5899543762207031,-0.06560653448104858,0.44975847005844116,0.5000112652778625,-0.0751458927989006,0.5564219951629639,0.5104602575302124,-0.019589999690651894,0.5105088353157043,0.37171870470046997,-0.04531150311231613,0.48409387469291687,0.28459596633911133,-0.06861155480146408,0.46439987421035767,0.20537301898002625,-0.0872805193066597,0.6223376989364624,0.4666405916213989,-0.024747759103775024,0.5908530354499817,0.29869508743286133,-0.044398270547389984,0.5731674432754517,0.19794011116027832,-0.0659349262714386,0.5580375790596008,0.11354503035545349,-0.08362732827663422,0.6875500082969666,0.46236950159072876,-0.037279147654771805,0.6679329872131348,0.30053257942199707,-0.06251662969589233,0.6567263603210449,0.20279556512832642,-0.08094457536935806,0.6443117260932922,0.11345085501670837,-0.0958603024482727,0.7549635171890259,0.4869720935821533,-0.054280806332826614,0.7614825367927551,0.3639568090438843,-0.07966823130846024,0.7659010291099548,0.28004181385040283,-0.09112775325775146,0.766974925994873,0.19937610626220703,-0.09984614700078964
0.724434494972229,0.851762592792511,5.640496283376706e-07,0.613375186920166,0.8247534036636353,-0.03952619060873985,0.5326820611953735,0.7106091380119324,-0.05305957421660423,0.49893906712532043,0.5892118215560913,-0.06367974728345871,0.4499581754207611,0.5001188516616821,-0.0729810893535614,0.5565890669822693,0.5115777850151062,-0.017827164381742477,0.5091389417648315,0.3736604154109955,-0.04319189116358757,0.48286500573158264,0.28672653436660767,-0.06617816537618637,0.46394065022468567,0.2076091766357422,-0.08440443873405457,0.6226053237915039,0.4676975607872009,-0.023347651585936546,0.5908361077308655,0.29945069551467896,-0.0424899086356163,0.5734609961509705,0.19894078373908997,-0.06379278004169464,0.5589537620544434,0.11474195122718811,-0.08118480443954468,0.6875928640365601,0.4630111753940582,-0.03622429445385933,0.6689893007278442,0.30104899406433105,-0.06097252294421196,0.6580751538276672,0.20282858610153198,-0.07956405729055405,0.6460129022598267,0.11281025409698486,-0.09451067447662354,0.7545680999755859,0.48717617988586426,-0.05348820239305496,0.7617097496986389,0.36387598514556885,-0.07830461114645004,0.7663087844848633,0.27979856729507446,-0.08965634554624557,0.7673099040985107,0.19888582825660706,-0.09828733652830124
0.7286277413368225,0.8550462126731873,5.668315452567185e-07,0.6178653240203857,0.8294044137001038,-0.04126157611608505,0.5366661548614502,0.7153387069702148,-0.05528724938631058,0.5021461248397827,0.5930913090705872,-0.06603159010410309,0.4524754285812378,0.5032944679260254,-0.07536346465349197,0.5605460405349731,0.5147080421447754,-0.019098103046417236,0.5134177207946777,0.3754061162471771,-0.04468127340078354,0.4867899417877197,0.287849485874176,-0.06782765686511993,0.46723294258117676,0.20839259028434753,-0.08640838414430618,0.6263541579246521,0.47042420506477356,-0.02394767664372921,0.5940765142440796,0.30133306980133057,-0.0437416210770607,0.5761148929595947,0.20003741979599,-0.06566017866134644,0.5609116554260254,0.11524498462677002,-0.08355533331632614,0.6915104985237122,0.4659251272678375,-0.03626733273267746,0.6716393828392029,0.3031854033470154,-0.06198166683316231,0.6608191728591919,0.20511648058891296,-0.08111937344074249,0.6487782001495361,0.11499616503715515,-0.09640001505613327,0.758880078792572,0.4904074966907501,-0.05305778980255127,0.7656762003898621,0.36715561151504517,-0.07899992167949677,0.7701942920684814,0.282828688621521,-0.09116634726524353,0.771155834197998,0.2011573314666748,-0.10035976022481918
0.7288932204246521,0.8544896841049194,5.76158356579981e-07,0.6178869009017944,0.8279293179512024,-0.04059918597340584,0.5370560884475708,0.7142072916030884,-0.05450138822197914,0.5030997395515442,0.5923453569412231,-0.06526507437229156,0.454326331615448,0.5022723078727722,-0.07462447136640549,0.5603971481323242,0.5141976475715637,-0.018418557941913605,0.5131121277809143,0.375211238861084,-0.04389922693371773,0.48691821098327637,0.28762587904930115,-0.06699366867542267,0.4679585099220276,0.2079378366470337,-0.08539946377277374,0.6265563368797302,0.470052570104599,-0.023630430921912193,0.5945758819580078,0.30041396617889404,-0.04296407476067543,0.576967179775238,0.19915995001792908,-0.06471722573041916,0.5621730089187622,0.11427929997444153,-0.08249208331108093,0.6917492151260376,0.46578121185302734,-0.036280758678913116,0.6725188493728638,0.30248624086380005,-0.0614953488111496,0.6610297560691833,0.20373156666755676,-0.08071335405111313,0.6482974886894226,0.11301678419113159,-0.09609779715538025,0.7590776085853577,0.49040624499320984,-0.053341906517744064,0.7658835649490356,0.36658743023872375,-0.07893134653568268,0.7700722217559814,0.28179192543029785,-0.09090731292963028,0.7705798149108887,0.19984087347984314,-0.09995225071907043
0.7276477217674255,0.8560524582862854,5.763480999121384e-07,0.6179143190383911,0.8279066681861877,-0.040782324969768524,0.5379230976104736,0.7137855887413025,-0.05499929189682007,0.5038712620735168,0.592481791973114,-0.066047802567482,0.4549556374549866,0.5025830268859863,-0.07572189718484879,0.5614557266235352,0.513921856880188,-0.019101988524198532,0.5144509673118591,0.3746703863143921,-0.044780559837818146,0.48828601837158203,0.2871919870376587,-0.06801163405179977,0.469210684299469,0.2073165774345398,-0.08661290258169174,0.6273906826972961,0.47011780738830566,-0.0243228767067194,0.595795214176178,0.30092671513557434,-0.04400106146931648,0.5783916115760803,0.19969993829727173,-0.06596871465444565,0.5634551644325256,0.11444613337516785,-0.0839356780052185,0.692600667476654,0.46616339683532715,-0.03694777190685272,0.673534095287323,0.3033110499382019,-0.06243640556931496,0.6627265810966492,0.2042730450630188,-0.08174539357423782,0.6504642963409424,0.11290347576141357,-0.09723180532455444,0.7598035335540771,0.4912424385547638,-0.054008349776268005,0.7667338848114014,0.3675392270088196,-0.07979140430688858,0.7714159488677979,0.28272897005081177,-0.09190104156732559,0.7723330855369568,0.2007257342338562,-0.10108610987663269
0.731414258480072,0.856989860534668,5.561785201280145e-07,0.6216902732849121,0.8325377106666565,-0.04139939695596695,0.5400480031967163,0.7181866765022278,-0.05552787333726883,0.5047724843025208,0.5949941873550415,-0.06651292741298676,0.45374661684036255,0.5044699907302856,-0.07602277398109436,0.563336968421936,0.5173617601394653,-0.018439313396811485,0.5153651237487793,0.37815868854522705,-0.04393254965543747,0.48907721042633057,0.2908763289451599,-0.06689810007810593,0.47040730714797974,0.21186092495918274,-0.08522339910268784,0.6287714838981628,0.47340160608291626,-0.02304539643228054,0.5958424210548401,0.3047614097595215,-0.04256705939769745,0.578789472579956,0.20475885272026062,-0.06415177136659622,0.5646014213562012,0.12128141522407532,-0.08177660405635834,0.6937317848205566,0.4688076674938202,-0.03522220999002457,0.6733449697494507,0.3063504695892334,-0.060391198843717575,0.6624084115028381,0.20863208174705505,-0.07919545471668243,0.6503056287765503,0.11903637647628784,-0.09434603899717331,0.7612561583518982,0.492792546749115,-0.05193784460425377,0.7675462961196899,0.36996379494667053,-0.07720864564180374,0.7720739245414734,0.28645676374435425,-0.08906073868274689,0.7731788158416748,0.20616811513900757,-0.09811672568321228
0.732587456703186,0.8570079207420349,5.763996568930452e-07,0.6222626566886902,0.8315122723579407,-0.041587505489587784,0.541442334651947,0.7185057997703552,-0.05597139149904251,0.5069459080696106,0.5964242815971375,-0.0670490562915802,0.4569959044456482,0.506611704826355,-0.07666090130805969,0.5635729432106018,0.5170615911483765,-0.019045518711209297,0.5165601968765259,0.37828361988067627,-0.044813428074121475,0.49061185121536255,0.29082798957824707,-0.06825810670852661,0.4717044532299042,0.21103399991989136,-0.08695290237665176,0.6294760704040527,0.47272729873657227,-0.023792164400219917,0.5971987843513489,0.30473196506500244,-0.04329541698098183,0.5797582268714905,0.20425578951835632,-0.06524518132209778,0.5650780200958252,0.11946910619735718,-0.0832229033112526,0.69459068775177,0.46826690435409546,-0.036074914038181305,0.6748271584510803,0.30645185708999634,-0.061276182532310486,0.6636138558387756,0.2082759141921997,-0.0805048942565918,0.6511845588684082,0.11754712462425232,-0.0959765836596489,0.7619478106498718,0.4926249086856842,-0.05290137603878975,0.7681178450584412,0.3696557581424713,-0.07834802567958832,0.7722964882850647,0.2856374979019165,-0.09031466394662857,0.7730860114097595,0.2043324112892151,-0.09941792488098145
0.7325413227081299,0.8581713438034058,5.787741770291177e-07,0.6217641830444336,0.8320468664169312,-0.04162931069731712,0.541825532913208,0.7182450294494629,-0.05600706860423088,0.5081669688224792,0.5954204797744751,-0.06698150932788849,0.4587898552417755,0.5050963759422302,-0.07648268342018127,0.5644652843475342,0.5173408389091492,-0.019728129729628563,0.5174922943115234,0.37786048650741577,-0.04568222910165787,0.49167805910110474,0.2900694012641907,-0.06910163909196854,0.4727870225906372,0.2102084457874298,-0.08770016580820084,0.6308256387710571,0.47301530838012695,-0.024436557665467262,0.5985785722732544,0.30422455072402954,-0.044127777218818665,0.5808501243591309,0.20331698656082153,-0.06603151559829712,0.5657713413238525,0.11851876974105835,-0.08392254263162613,0.6962184309959412,0.4686168432235718,-0.036626026034355164,0.6767798662185669,0.3061661124229431,-0.062025830149650574,0.6656182408332825,0.20807823538780212,-0.0810469463467598,0.653063952922821,0.1177191436290741,-0.09627602994441986,0.76369309425354,0.4931582808494568,-0.05333684757351875,0.7698296904563904,0.3696158528327942,-0.07897914201021194,0.7738795280456543,0.2854691743850708,-0.09081311523914337,0.7742815017700195,0.20412972569465637,-0.09972164779901505
0.7388730645179749,0.859796404838562,5.676604928339657e-07,0.6280422210693359,0.8321112394332886,-0.042122527956962585,0.5467339158058167,0.7187023758888245,-0.0570814274251461,0.5108618140220642,0.5966575741767883,-0.06867411732673645,0.46088653802871704,0.5063208341598511,-0.07866375148296356,0.5689878463745117,0.519284188747406,-0.019669199362397194,0.5227317810058594,0.3791316747665405,-0.04601800814270973,0.4965469241142273,0.29136258363723755,-0.06966006755828857,0.4770376682281494,0.21153199672698975,-0.08856301754713058,0.6346284747123718,0.4749669134616852,-0.024197589606046677,0.6031330823898315,0.30722275376319885,-0.04449545592069626,0.5859295725822449,0.20734131336212158,-0.06644032895565033,0.5708417296409607,0.12284091114997864,-0.08438483625650406,0.6995038986206055,0.4703065752983093,-0.036308653652668,0.6798388957977295,0.3087629973888397,-0.06216329708695412,0.6693077683448792,0.2115095853805542,-0.08076771348714828,0.6573245525360107,0.12184205651283264,-0.09568718820810318,0.7669203877449036,0.4945715069770813,-0.05302608013153076,0.773269534111023,0.3722529411315918,-0.07883737981319427,0.7776495218276978,0.2888031601905823,-0.09053588658571243,0.7784908413887024,0.2082183063030243,-0.09937236458063126
0.7393466234207153,0.8575426340103149,5.785997245766339e-07,0.6293099522590637,0.8292250633239746,-0.04068613797426224,0.5490145683288574,0.715397298336029,-0.05501870438456535,0.5145843029022217,0.5933879613876343,-0.066207654774189,0.4653831124305725,0.504120409488678,-0.07597241550683975,0.5707427859306335,0.5160001516342163,-0.01859438046813011,0.5250808000564575,0.37780123949050903,-0.04500623792409897,0.49963247776031494,0.2904852032661438,-0.06896249204874039,0.48061153292655945,0.2101108431816101,-0.08799368888139725,0.6365599632263184,0.47242116928100586,-0.023755129426717758,0.6058081388473511,0.30587542057037354,-0.04363183304667473,0.5890610814094543,0.2059958279132843,-0.06552879512310028,0.57444167137146,0.12047216296195984,-0.08349589258432388,0.7013189792633057,0.468234658241272,-0.03635910525918007,0.6824356913566589,0.30895864963531494,-0.061464276164770126,0.6713470816612244,0.21119096875190735,-0.07963039726018906,0.6588445901870728,0.12091988325119019,-0.09437751770019531,0.7680037021636963,0.49280673265457153,-0.053551338613033295,0.7744913101196289,0.37109172344207764,-0.07832733541727066,0.7790788412094116,0.2875720262527466,-0.0892259031534195,0.780038058757782,0.20696979761123657,-0.0975990891456604
0.7415613532066345,0.8552203178405762,5.833142040501116e-07,0.6316078305244446,0.8285215497016907,-0.04123475030064583,0.5504770278930664,0.7148134708404541,-0.055524785071611404,0.5158306360244751,0.5921621322631836,-0.06656967103481293,0.46673285961151123,0.502327561378479,-0.07611978054046631,0.5725275278091431,0.5155530571937561,-0.01879413239657879,0.5268851518630981,0.37701696157455444,-0.04485027492046356,0.5017686486244202,0.2897891700267792,-0.06846332550048828,0.4834771752357483,0.2095617949962616,-0.08729089051485062,0.638056755065918,0.4714618921279907,-0.0235741063952446,0.6073153614997864,0.3040608763694763,-0.04316733032464981,0.5905636548995972,0.2040247917175293,-0.06498539447784424,0.5761387348175049,0.11890164017677307,-0.08299616724252701,0.7024854421615601,0.4670352041721344,-0.03585971146821976,0.6840362548828125,0.30706268548965454,-0.06091746687889099,0.6731661558151245,0.20970845222473145,-0.07954314351081848,0.6609516739845276,0.11996671557426453,-0.0946514829993248,0.7689338326454163,0.4913657307624817,-0.05274192616343498,0.7758955359458923,0.36888808012008667,-0.07792598754167557,0.7807824015617371,0.28489628434181213,-0.08956610411405563,0.7819980382919312,0.20393317937850952,-0.09848424047231674
0.7413703799247742,0.8554726839065552,5.700612177861331e-07,0.6312700510025024,0.8279833197593689,-0.039356715977191925,0.5509662628173828,0.7128710746765137,-0.05261191725730896,0.517152726650238,0.5899114608764648,-0.06295785307884216,0.4676858186721802,0.5016854405403137,-0.07198033481836319,0.5735535621643066,0.5139490962028503,-0.01680794730782509,0.5273886322975159,0.37565645575523376,-0.041993629187345505,0.502064049243927,0.28883570432662964,-0.065069280564785,0.4835721254348755,0.20921862125396729,-0.08357931673526764,0.6389224529266357,0.47029441595077515,-0.02220715768635273,0.608052670955658,0.3031841814517975,-0.04104681313037872,0.5914943218231201,0.20318010449409485,-0.06250008195638657,0.5772075057029724,0.11823466420173645,-0.08033397048711777,0.7032983899116516,0.46594178676605225,-0.034994885325431824,0.6849128603935242,0.30678749084472656,-0.059329621493816376,0.674597978591919,0.20954293012619019,-0.07784232497215271,0.6628797054290771,0.12007501721382141,-0.09300339221954346,0.769681990146637,0.48986220359802246,-0.05225036293268204,0.7763876914978027,0.3676314651966095,-0.07672525942325592,0.7812029719352722,0.2842988967895508,-0.08821113407611847,0.78226637840271,0.20388942956924438,-0.09716899693012238
0.7431803345680237,0.8559479713439941,5.663848128278914e-07,0.6323769092559814,0.8308238387107849,-0.04170821234583855,0.551349401473999,0.7167776226997375,-0.05603113770484924,0.5170133113861084,0.5935311317443848,-0.06698010861873627,0.467952162027359,0.5030398964881897,-0.07639404386281967,0.5744284391403198,0.5171034932136536,-0.019270852208137512,0.527714729309082,0.3773370385169983,-0.04483982175588608,0.5019431114196777,0.2902317941188812,-0.06774048507213593,0.48304033279418945,0.21160033345222473,-0.08598192036151886,0.6402204632759094,0.4735466539859772,-0.02354736626148224,0.6094904541969299,0.3058563768863678,-0.04292391240596771,0.5929484367370605,0.20664232969284058,-0.06430348753929138,0.5783215165138245,0.12293142080307007,-0.08183953166007996,0.7048774361610413,0.4695172607898712,-0.03535578399896622,0.6859086751937866,0.3074977397918701,-0.0604376457631588,0.6754779815673828,0.2106594443321228,-0.07899678498506546,0.6632838845252991,0.12130337953567505,-0.09395401924848557,0.771996259689331,0.4939132332801819,-0.05170131102204323,0.7787328362464905,0.3711351752281189,-0.07711359858512878,0.7834329009056091,0.28798478841781616,-0.08884509652853012,0.7843376994132996,0.20781615376472473,-0.09770747274160385
0.7403019070625305,0.8587930202484131,5.777370120085834e-07,0.6302350163459778,0.8318125605583191,-0.04129866138100624,0.5501638650894165,0.7180661559104919,-0.0557500459253788,0.5159496068954468,0.5970041751861572,-0.06686671823263168,0.46773120760917664,0.5064301490783691,-0.07649330794811249,0.5733379125595093,0.518329381942749,-0.019932011142373085,0.5275811553001404,0.378801167011261,-0.04612197354435921,0.5024582147598267,0.29155680537223816,-0.06938239187002182,0.4841060936450958,0.2127400040626526,-0.08774256706237793,0.6395295262336731,0.4753503203392029,-0.024629639461636543,0.6093870401382446,0.30776965618133545,-0.04454709589481354,0.5928887724876404,0.2081800401210785,-0.0660841315984726,0.5785607099533081,0.12450268864631653,-0.08361630141735077,0.7048386931419373,0.47168147563934326,-0.036787524819374084,0.68655925989151,0.30967310070991516,-0.06235823035240173,0.6763164401054382,0.21246594190597534,-0.08088316023349762,0.6646429300308228,0.12292525172233582,-0.09567619115114212,0.7720927000045776,0.4967774748802185,-0.053429119288921356,0.7787882089614868,0.3741838335990906,-0.07934609800577164,0.783459484577179,0.2909432649612427,-0.09103121608495712,0.7844493389129639,0.21083784103393555,-0.09969605505466461
0.7420096397399902,0.8614344596862793,5.733047601097496e-07,0.631864607334137,0.8363930583000183,-0.04190933704376221,0.5505467057228088,0.7225130796432495,-0.0563240610063076,0.5165873765945435,0.599530041217804,-0.06725303083658218,0.46835097670555115,0.5080892443656921,-0.07652260363101959,0.5735933780670166,0.5215694904327393,-0.019595498219132423,0.5270057916641235,0.38151222467422485,-0.045198798179626465,0.5019298195838928,0.2938683032989502,-0.06806990504264832,0.4838370382785797,0.21474391222000122,-0.08622503280639648,0.639606237411499,0.4779050648212433,-0.02381405606865883,0.6084585785865784,0.3099808096885681,-0.04315948486328125,0.5921331644058228,0.2102304995059967,-0.06446118652820587,0.5780676603317261,0.1263638436794281,-0.08187106251716614,0.7046104073524475,0.4737702012062073,-0.03559150919318199,0.6856604814529419,0.3117732107639313,-0.06055627018213272,0.6755602359771729,0.2141072154045105,-0.07924717664718628,0.6639954447746277,0.12407472729682922,-0.09427185356616974,0.7716561555862427,0.49819907546043396,-0.051924094557762146,0.7782344222068787,0.37576961517333984,-0.07722306251525879,0.7829486727714539,0.2926446199417114,-0.08905932307243347,0.7841532230377197,0.21254482865333557,-0.09796702116727829
0.7414029240608215,0.8615798950195312,5.877995477021614e-07,0.6309874653816223,0.8355748653411865,-0.04179177060723305,0.5497552156448364,0.7231994867324829,-0.056589771062135696,0.515853762626648,0.6010162234306335,-0.06793580204248428,0.468295693397522,0.509544849395752,-0.07763209193944931,0.572397768497467,0.5225972533226013,-0.02009182795882225,0.5259623527526855,0.38276970386505127,-0.04617409408092499,0.5012449026107788,0.2952474355697632,-0.06932587176561356,0.48360857367515564,0.21587377786636353,-0.08755846321582794,0.6385205388069153,0.47893786430358887,-0.024407029151916504,0.6080219149589539,0.3109462261199951,-0.04391361027956009,0.5922170281410217,0.21103838086128235,-0.0651511698961258,0.5788820385932922,0.1268814206123352,-0.08252740651369095,0.7036803960800171,0.4745779037475586,-0.036268677562475204,0.6851529479026794,0.31296131014823914,-0.0612604133784771,0.6749948859214783,0.21527668833732605,-0.0797552838921547,0.6636817455291748,0.1251998245716095,-0.0946388840675354,0.7710347771644592,0.49858319759368896,-0.05268949270248413,0.7777040004730225,0.37590137124061584,-0.07792090624570847,0.7825135588645935,0.29267048835754395,-0.08950211852788925,0.7838916182518005,0.21250510215759277,-0.09820445626974106
0.7373387813568115,0.859434187412262,5.894647756576887e-07,0.6277954578399658,0.8332129716873169,-0.04081936180591583,0.547257661819458,0.7206528186798096,-0.05506576970219612,0.5120450854301453,0.600188672542572,-0.06595519185066223,0.46338844299316406,0.5107354521751404,-0.07533123344182968,0.5678147673606873,0.5207047462463379,-0.01953742280602455,0.5221270322799683,0.3815145492553711,-0.04504776746034622,0.49776971340179443,0.2948635220527649,-0.0676511898636818,0.4802916646003723,0.216451495885849,-0.08540360629558563,0.6343687772750854,0.4770183563232422,-0.024047138169407845,0.6047602295875549,0.30930569767951965,-0.04288516566157341,0.5892338752746582,0.21013376116752625,-0.06351345777511597,0.5760464668273926,0.12632939219474792,-0.08041270822286606,0.700054943561554,0.4728066325187683,-0.03595314919948578,0.6828115582466125,0.312203049659729,-0.06035981327295303,0.672171950340271,0.21592789888381958,-0.07839088886976242,0.659832775592804,0.12688687443733215,-0.09288222342729568,0.7674359083175659,0.49703365564346313,-0.05229533836245537,0.7748847603797913,0.3742907643318176,-0.07702955603599548,0.779891848564148,0.29140812158584595,-0.08815821260213852,0.7809343934059143,0.21143120527267456,-0.09644815325737
0.737748384475708,0.8602960109710693,5.875600663785008e-07,0.6268397569656372,0.835043728351593,-0.041711680591106415,0.5456020832061768,0.7222185730934143,-0.056050244718790054,0.5113494396209717,0.5997848510742188,-0.0668535903096199,0.46338582038879395,0.5077785849571228,-0.07600986212491989,0.5682160258293152,0.5206319093704224,-0.019280796870589256,0.5219910144805908,0.38147103786468506,-0.04495224356651306,0.49712902307510376,0.29434359073638916,-0.06798873096704483,0.4792977571487427,0.2150050401687622,-0.08629564940929413,0.6345886588096619,0.47664108872413635,-0.02357621118426323,0.6041251420974731,0.3096686601638794,-0.04282989352941513,0.5882933735847473,0.2094534933567047,-0.0642484724521637,0.5750798583030701,0.1244434118270874,-0.08181513100862503,0.7000117301940918,0.47261396050453186,-0.03541810065507889,0.6815241575241089,0.3124554753303528,-0.060492467135190964,0.6713855862617493,0.21521425247192383,-0.07916296273469925,0.6599463820457458,0.12482470273971558,-0.09415051341056824,0.7674679756164551,0.497001588344574,-0.051781415939331055,0.7738460898399353,0.37494897842407227,-0.07738238573074341,0.7785689830780029,0.29170137643814087,-0.08919823914766312,0.7797849774360657,0.21083113551139832,-0.09801321476697922
0.7376757860183716,0.861398458480835,5.828573534927273e-07,0.6271708011627197,0.8369472026824951,-0.041239093989133835,0.5457279086112976,0.7222129106521606,-0.054799407720565796,0.5110876560211182,0.5985841751098633,-0.06493787467479706,0.46219444274902344,0.507588803768158,-0.07336309552192688,0.5673207640647888,0.5205923914909363,-0.017655430361628532,0.5211113691329956,0.3807827830314636,-0.042453113943338394,0.49624359607696533,0.29329901933670044,-0.06495296955108643,0.4782397747039795,0.21404680609703064,-0.08295783400535583,0.633517861366272,0.4761911928653717,-0.021926647052168846,0.6026483178138733,0.3091498613357544,-0.04029173031449318,0.5867854952812195,0.20936575531959534,-0.061144355684518814,0.5734030604362488,0.12534838914871216,-0.07835745811462402,0.6988685727119446,0.4719104766845703,-0.03379504755139351,0.6800255179405212,0.3114379346370697,-0.05816372483968735,0.669712245464325,0.21420729160308838,-0.07655441015958786,0.6580221056938171,0.124382883310318,-0.09145427495241165,0.7662002444267273,0.4961701035499573,-0.05019766837358475,0.7727938294410706,0.3739585280418396,-0.075245700776577,0.7775366902351379,0.2907363474369049,-0.0869259387254715,0.7788057923316956,0.21014106273651123,-0.0957285538315773
0.7374709248542786,0.8636563420295715,5.652217964779993e-07,0.6265972852706909,0.8374705910682678,-0.041015274822711945,0.5465260744094849,0.7216232419013977,-0.054499510675668716,0.5130100250244141,0.5980084538459778,-0.06471998989582062,0.4633728861808777,0.5091195702552795,-0.07338519394397736,0.5694482326507568,0.5203800201416016,-0.016438890248537064,0.5237728357315063,0.38199925422668457,-0.04117034003138542,0.49818700551986694,0.2950669527053833,-0.0640837624669075,0.4791317284107208,0.2155419886112213,-0.08266128599643707,0.6353816390037537,0.47662556171417236,-0.02106090821325779,0.604648232460022,0.3109719753265381,-0.0397690087556839,0.5877448916435242,0.21107518672943115,-0.061199333518743515,0.572941780090332,0.12590646743774414,-0.07893792539834976,0.7005936503410339,0.473219633102417,-0.03330007940530777,0.6814230680465698,0.3135138154029846,-0.05808164179325104,0.6712414622306824,0.21624699234962463,-0.07642307877540588,0.6593891382217407,0.12596425414085388,-0.09126469492912292,0.7680299282073975,0.49831438064575195,-0.050107020884752274,0.7737369537353516,0.3763278126716614,-0.0752585157752037,0.7777233719825745,0.29332876205444336,-0.08667148649692535,0.7782524824142456,0.21263635158538818,-0.09537912160158157
0.7403795123100281,0.8622947335243225,5.75546607706201e-07,0.6303643584251404,0.83812415599823,-0.04222780466079712,0.5485310554504395,0.7240122556686401,-0.05671757459640503,0.5141463279724121,0.6002705097198486,-0.06758566200733185,0.4650510549545288,0.5097571015357971,-0.07677674293518066,0.5700961351394653,0.520929753780365,-0.019750840961933136,0.5238152742385864,0.3808808922767639,-0.04527517408132553,0.4985920190811157,0.2934580147266388,-0.06833599507808685,0.4802541732788086,0.21359285712242126,-0.0867987871170044,0.6361879706382751,0.4765929877758026,-0.023766305297613144,0.6046891808509827,0.309306263923645,-0.04287099838256836,0.5883899927139282,0.20954182744026184,-0.06409551948308945,0.5746040344238281,0.12471967935562134,-0.08166363835334778,0.7012926340103149,0.47245949506759644,-0.03537355735898018,0.6825544238090515,0.3111828565597534,-0.06014897674322128,0.6722695231437683,0.21393007040023804,-0.07860761135816574,0.6605969667434692,0.12395653128623962,-0.09357347339391708,0.7685157060623169,0.4968315660953522,-0.05160249397158623,0.774917483329773,0.37318575382232666,-0.07673420757055283,0.7792383432388306,0.2891523241996765,-0.08851497620344162,0.7799849510192871,0.2077156901359558,-0.0974826067686081
0.7411661744117737,0.8605087995529175,5.878625302102591e-07,0.6306318640708923,0.835008978843689,-0.041911233216524124,0.5487987399101257,0.7209559679031372,-0.0563260018825531,0.5138833522796631,0.5974041223526001,-0.06721684336662292,0.46401360630989075,0.5075669884681702,-0.07646685838699341,0.5696346163749695,0.5196409225463867,-0.018952956423163414,0.5237438082695007,0.3799038231372833,-0.044409047812223434,0.4985746741294861,0.29278790950775146,-0.06738661229610443,0.480236679315567,0.21311259269714355,-0.08574830740690231,0.635765016078949,0.4753583073616028,-0.023145144805312157,0.6053268313407898,0.30814626812934875,-0.04221685230731964,0.589335560798645,0.20805540680885315,-0.06341525167226791,0.5757903456687927,0.12282118201255798,-0.08092165738344193,0.7012034058570862,0.4711091220378876,-0.034955739974975586,0.6831145286560059,0.3112173080444336,-0.059894900768995285,0.6730311512947083,0.21365562081336975,-0.07843853533267975,0.6615800857543945,0.12318557500839233,-0.09341844916343689,0.7687265872955322,0.49508988857269287,-0.05133853107690811,0.7748616933822632,0.3723318874835968,-0.07669021934270859,0.7795525193214417,0.28869903087615967,-0.08832929283380508,0.7809069156646729,0.2073531448841095,-0.09714852273464203
0.7414436340332031,0.8612598180770874,5.907040190322732e-07,0.6302603483200073,0.8356031179428101,-0.04193887487053871,0.548663318157196,0.721188485622406,-0.056459613144397736,0.5137033462524414,0.5974801778793335,-0.0674772560596466,0.4636329412460327,0.50749671459198,-0.07688627392053604,0.5703024864196777,0.5197730660438538,-0.019319284707307816,0.5246550440788269,0.37953418493270874,-0.04532880336046219,0.49950507283210754,0.2915651202201843,-0.06872428953647614,0.4808925986289978,0.21131467819213867,-0.08737608790397644,0.6364061236381531,0.47569432854652405,-0.023769386112689972,0.6061694622039795,0.30851542949676514,-0.043425243347883224,0.5901156067848206,0.20796170830726624,-0.06499296426773071,0.5761219263076782,0.12243077158927917,-0.08272965997457504,0.7018187046051025,0.4717598557472229,-0.03582223132252693,0.6832661628723145,0.31159669160842896,-0.06136011704802513,0.6730757355690002,0.21334287524223328,-0.07998979836702347,0.6613236665725708,0.1223248839378357,-0.09494684636592865,0.7694305181503296,0.49624550342559814,-0.05244585499167442,0.7754672765731812,0.37312448024749756,-0.07836327701807022,0.7799718976020813,0.28916501998901367,-0.09010685980319977,0.780948281288147,0.20778626203536987,-0.09892594814300537
0.7396561503410339,0.8657848834991455,5.765632522525266e-07,0.6290713548660278,0.839454710483551,-0.041601553559303284,0.5483000874519348,0.7253124117851257,-0.05612875893712044,0.5135125517845154,0.6035571098327637,-0.06731434911489487,0.4642341136932373,0.5126781463623047,-0.0769486203789711,0.5720149874687195,0.5241982340812683,-0.019679874181747437,0.5256011486053467,0.38318002223968506,-0.04566514492034912,0.49949029088020325,0.29541462659835815,-0.06878389418125153,0.48003271222114563,0.21601438522338867,-0.08710694313049316,0.6378049850463867,0.4811786413192749,-0.02441086806356907,0.6069280505180359,0.31260961294174194,-0.044312167912721634,0.5897635817527771,0.2114851474761963,-0.0659320205450058,0.5746419429779053,0.12621834874153137,-0.08355988562107086,0.7029514908790588,0.4775879979133606,-0.03668524697422981,0.6837417483329773,0.3152831792831421,-0.06223571300506592,0.6734889149665833,0.2174202799797058,-0.08072802424430847,0.6613331437110901,0.12721514701843262,-0.09548784047365189,0.7703015804290771,0.5021328330039978,-0.05350654572248459,0.7758417129516602,0.378154993057251,-0.07919294387102127,0.7798337936401367,0.29464149475097656,-0.0907403752207756,0.7799665927886963,0.2143286168575287,-0.09938806295394897
0.7401844263076782,0.8690582513809204,5.62931290915003e-07,0.6299498081207275,0.8442610502243042,-0.04095843806862831,0.5489664673805237,0.7292649149894714,-0.054425470530986786,0.5141791105270386,0.6056408882141113,-0.0646960511803627,0.4639890491962433,0.5156022310256958,-0.07334329932928085,0.5711323022842407,0.5279561281204224,-0.01663314923644066,0.5237058997154236,0.38870537281036377,-0.041297659277915955,0.4978920817375183,0.30166834592819214,-0.06378664821386337,0.4793287515640259,0.22348040342330933,-0.08160331100225449,0.6368844509124756,0.48407626152038574,-0.021020181477069855,0.6055518984794617,0.31602150201797485,-0.03946563974022865,0.5884062051773071,0.21619299054145813,-0.06046966090798378,0.5736818909645081,0.13290593028068542,-0.07758846133947372,0.701848566532135,0.47969233989715576,-0.03302055224776268,0.6825519800186157,0.31772202253341675,-0.05721256509423256,0.6714869737625122,0.22063514590263367,-0.07560083270072937,0.6588365435600281,0.13183864951133728,-0.09034904092550278,0.769044041633606,0.5037422776222229,-0.04956486448645592,0.7755128741264343,0.38072872161865234,-0.07395093142986298,0.7797632813453674,0.297973096370697,-0.08522330224514008,0.7802734971046448,0.21876642107963562,-0.09373106062412262
0.7307526469230652,0.8673577308654785,5.905661737415357e-07,0.620786726474762,0.8416658639907837,-0.03999760001897812,0.5397565960884094,0.7291784286499023,-0.05388577654957771,0.5058194398880005,0.608600914478302,-0.06453540921211243,0.45579007267951965,0.5205432176589966,-0.07380622625350952,0.5597441792488098,0.5225697159767151,-0.01933971792459488,0.5145775079727173,0.38280653953552246,-0.044801339507102966,0.48936915397644043,0.29532089829444885,-0.06802594661712646,0.4701133072376251,0.2157958745956421,-0.08626798540353775,0.6260952949523926,0.47884395718574524,-0.0245983824133873,0.5943810939788818,0.31147629022598267,-0.04322361201047897,0.5777568817138672,0.21051672101020813,-0.06411449611186981,0.5634115934371948,0.1243276596069336,-0.08125735074281693,0.692173421382904,0.4746919572353363,-0.0371810719370842,0.6729499697685242,0.3127790689468384,-0.06142935901880264,0.6628231406211853,0.2129794955253601,-0.08036551624536514,0.650649905204773,0.12126412987709045,-0.09549537301063538,0.7600069046020508,0.49900588393211365,-0.05417988821864128,0.7667592763900757,0.374143123626709,-0.07858402281999588,0.7721285820007324,0.2904333174228668,-0.08984800428152084,0.7734604477882385,0.21105727553367615,-0.09828361123800278
0.7259219288825989,0.8672497272491455,5.896358743484598e-07,0.617577314376831,0.8454423546791077,-0.041611213237047195,0.5332552194595337,0.7329256534576416,-0.05620072782039642,0.4957009553909302,0.6118121147155762,-0.06720046699047089,0.4426731765270233,0.5240126848220825,-0.07685571163892746,0.5494020581245422,0.5223587155342102,-0.022042715921998024,0.5030230283737183,0.38117194175720215,-0.04788156598806381,0.47703492641448975,0.2928401231765747,-0.07120047509670258,0.45671817660331726,0.21268534660339355,-0.0896839126944542,0.6164638996124268,0.4776391386985779,-0.026774493977427483,0.5834155678749084,0.30883657932281494,-0.045835770666599274,0.5661479830741882,0.2077960968017578,-0.06682422012090683,0.5512329936027527,0.12229859828948975,-0.08408713340759277,0.6836603283882141,0.4734576940536499,-0.03881860896945,0.662152111530304,0.30975574254989624,-0.06344486027956009,0.6507173180580139,0.21057328581809998,-0.08255495131015778,0.6371887922286987,0.11968913674354553,-0.0979067012667656,0.7522543668746948,0.49807998538017273,-0.055350758135318756,0.7572474479675293,0.37237197160720825,-0.080562062561512,0.7612399458885193,0.2878960072994232,-0.09258488565683365,0.7613025903701782,0.20748957991600037,-0.10157547891139984
0.7262319922447205,0.8679304122924805,5.765015771430626e-07,0.6148446202278137,0.8453134298324585,-0.04111184924840927,0.5306903123855591,0.7306575775146484,-0.055007532238960266,0.4927905797958374,0.6079198718070984,-0.06544836610555649,0.4398767948150635,0.5188409090042114,-0.07438027858734131,0.5470027923583984,0.5234063863754272,-0.01902623288333416,0.49895599484443665,0.3828188478946686,-0.044148389250040054,0.4725711941719055,0.2948383390903473,-0.06698767840862274,0.452911913394928,0.2154674232006073,-0.08525195717811584,0.6145519018173218,0.47733327746391296,-0.02399086020886898,0.5807044506072998,0.30761486291885376,-0.042561013251543045,0.563011646270752,0.20672091841697693,-0.06370635330677032,0.547878623008728,0.12238743901252747,-0.08111897110939026,0.6819981336593628,0.4725152254104614,-0.03643054887652397,0.6602717638015747,0.3091500401496887,-0.06089339032769203,0.6480615139007568,0.2098643183708191,-0.07983256131410599,0.634138286113739,0.11853373050689697,-0.0951855406165123,0.7512717247009277,0.4970507323741913,-0.05330270528793335,0.7548864483833313,0.3711662292480469,-0.07864752411842346,0.7574606537818909,0.28637582063674927,-0.09039610624313354,0.7564491033554077,0.20490264892578125,-0.0992145985364914
0.7213383913040161,0.8686985969543457,5.708875505661126e-07,0.6113399863243103,0.8452448844909668,-0.04011636972427368,0.5273337364196777,0.7311618328094482,-0.05333934351801872,0.4894518256187439,0.6106435656547546,-0.06342176347970963,0.4376215636730194,0.5218120217323303,-0.07205750793218613,0.5437272191047668,0.5232365727424622,-0.01779603585600853,0.49550580978393555,0.38396155834198,-0.042645927518606186,0.46881169080734253,0.29664382338523865,-0.06525900214910507,0.4487389922142029,0.2181263267993927,-0.08322960138320923,0.6107379198074341,0.4773094058036804,-0.02300684154033661,0.5778379440307617,0.3083190321922302,-0.04128630459308624,0.5600084662437439,0.20793187618255615,-0.06193763390183449,0.5446645021438599,0.12397527694702148,-0.07886704802513123,0.6777616739273071,0.47215455770492554,-0.03567030653357506,0.6569833159446716,0.3093019127845764,-0.05963783338665962,0.6445353627204895,0.21091103553771973,-0.07793993502855301,0.6303055286407471,0.12050998210906982,-0.09277363866567612,0.7464239001274109,0.4964996874332428,-0.0527896024286747,0.75124591588974,0.3714347183704376,-0.07731006294488907,0.7539435029029846,0.2871920168399811,-0.08839819580316544,0.7530660033226013,0.20635366439819336,-0.09673644602298737
0.7169399261474609,0.8665852546691895,5.272744374451577e-07,0.6074192523956299,0.8468450307846069,-0.03869057819247246,0.5210844278335571,0.7348816394805908,-0.0507468618452549,0.48236191272735596,0.6140803694725037,-0.05991470813751221,0.4290561079978943,0.5280687808990479,-0.06806652247905731,0.5372427105903625,0.5269197821617126,-0.016590271145105362,0.4862779676914215,0.38922083377838135,-0.04073193669319153,0.4574049115180969,0.30348601937294006,-0.06296229362487793,0.4346727132797241,0.22534677386283875,-0.08082076162099838,0.6020314693450928,0.4807528853416443,-0.022237611934542656,0.5646770596504211,0.3126369118690491,-0.04060368239879608,0.5447357296943665,0.21309906244277954,-0.06148628145456314,0.5274356603622437,0.1292472779750824,-0.07862263917922974,0.6670081615447998,0.47494134306907654,-0.03516605123877525,0.6430375576019287,0.31291863322257996,-0.059335339814424515,0.629800021648407,0.2141316533088684,-0.07890263199806213,0.6145545840263367,0.12424400448799133,-0.09464149922132492,0.7336515188217163,0.4973621964454651,-0.05238480865955353,0.7356112599372864,0.3729791045188904,-0.07710196822881699,0.737501859664917,0.289561003446579,-0.08923807740211487,0.736011803150177,0.21025878190994263,-0.09859343618154526
0.7200883626937866,0.8678010106086731,5.322310698829824e-07,0.6100720763206482,0.847978949546814,-0.04035380855202675,0.5219947099685669,0.7374776601791382,-0.05365513265132904,0.48078596591949463,0.6171261072158813,-0.06375621259212494,0.42973458766937256,0.5275841951370239,-0.07215297967195511,0.5377978682518005,0.5301156044006348,-0.017561081796884537,0.4859504997730255,0.39192676544189453,-0.04172864928841591,0.4572390913963318,0.3061862587928772,-0.06377222388982773,0.43578779697418213,0.22903257608413696,-0.08159736543893814,0.6031895279884338,0.482089638710022,-0.022157631814479828,0.5644711852073669,0.31593024730682373,-0.040285613387823105,0.5433635711669922,0.21784648299217224,-0.060695044696331024,0.5254692435264587,0.13680723309516907,-0.0776137039065361,0.6691700220108032,0.47403863072395325,-0.03422868996858597,0.6437972784042358,0.312892347574234,-0.05820528045296669,0.6294795870780945,0.21695858240127563,-0.07606037706136703,0.6140804886817932,0.12999939918518066,-0.09066042304039001,0.7376049160957336,0.49510276317596436,-0.050782620906829834,0.7394033670425415,0.37179192900657654,-0.07554753869771957,0.740510106086731,0.28869330883026123,-0.08695992827415466,0.7386355400085449,0.2092975676059723,-0.0956074669957161
0.7224059104919434,0.8711293935775757,5.694311653314799e-07,0.6130117177963257,0.8493012189865112,-0.0427442342042923,0.526084303855896,0.741849422454834,-0.057610008865594864,0.48505276441574097,0.6236876249313354,-0.06880537420511246,0.43573877215385437,0.5311703681945801,-0.07791624963283539,0.5406462550163269,0.5292155146598816,-0.017960501834750175,0.49053722620010376,0.3917514681816101,-0.042462270706892014,0.46151235699653625,0.3058561384677887,-0.06543345749378204,0.4392563998699188,0.22792759537696838,-0.0840829610824585,0.606039822101593,0.4820590913295746,-0.02173861861228943,0.5693853497505188,0.3168162703514099,-0.0395984873175621,0.5484316349029541,0.21808040142059326,-0.060528550297021866,0.5303420424461365,0.1357218623161316,-0.07804480195045471,0.6720600128173828,0.47537124156951904,-0.033252257853746414,0.6475332975387573,0.315177857875824,-0.056877501308918,0.6335526704788208,0.21968749165534973,-0.074519082903862,0.6181579828262329,0.132608562707901,-0.08907699584960938,0.740585207939148,0.4977133572101593,-0.049566298723220825,0.7423197627067566,0.37511569261550903,-0.07411642372608185,0.7432280778884888,0.29174384474754333,-0.0853113904595375,0.7411746978759766,0.2116442322731018,-0.09377273172140121
0.7244913578033447,0.8697930574417114,5.745449698224547e-07,0.6163815259933472,0.845937967300415,-0.04217664524912834,0.5302050113677979,0.7404320240020752,-0.05712101608514786,0.48695066571235657,0.6259854435920715,-0.0685572475194931,0.43747255206108093,0.534857988357544,-0.07776927202939987,0.5429590344429016,0.5275757312774658,-0.01660563424229622,0.4938841462135315,0.3895992636680603,-0.040454018861055374,0.46518421173095703,0.3040887117385864,-0.06299591809511185,0.44272103905677795,0.2270706295967102,-0.08133164048194885,0.6081849932670593,0.4815276861190796,-0.020449720323085785,0.5725395083427429,0.3162245750427246,-0.037795405834913254,0.5518811345100403,0.21816092729568481,-0.05819762125611305,0.5333857536315918,0.1368124783039093,-0.0752706229686737,0.6742364168167114,0.47513771057128906,-0.03202592581510544,0.6507611870765686,0.3147657513618469,-0.05523011088371277,0.6371533870697021,0.21923065185546875,-0.07257028669118881,0.621588945388794,0.1325961947441101,-0.08684171736240387,0.7427228689193726,0.4975643754005432,-0.048353616148233414,0.7454357147216797,0.375099778175354,-0.07250629365444183,0.7466339468955994,0.29217398166656494,-0.08338920772075653,0.7446697950363159,0.21305829286575317,-0.09153237193822861
0.7234230637550354,0.8675316572189331,5.787715622318501e-07,0.6172541975975037,0.8467725515365601,-0.045140888541936874,0.5307085514068604,0.740644633769989,-0.06130341812968254,0.48839980363845825,0.6224091053009033,-0.07337409257888794,0.44030526280403137,0.5277740955352783,-0.08313515037298203,0.5437741279602051,0.5291020274162292,-0.020414356142282486,0.49418318271636963,0.3911329507827759,-0.04570465907454491,0.46585407853126526,0.30523645877838135,-0.06883659958839417,0.4442117214202881,0.22706714272499084,-0.08742977678775787,0.6084967255592346,0.481235146522522,-0.022953247651457787,0.572420060634613,0.3165060579776764,-0.04127099737524986,0.5515919923782349,0.21848657727241516,-0.062177058309316635,0.5331828594207764,0.13598614931106567,-0.07970631122589111,0.6735360026359558,0.4735228419303894,-0.033423349261283875,0.6506057977676392,0.31585776805877686,-0.05736702308058739,0.6368599534034729,0.22075912356376648,-0.07527696341276169,0.6212989091873169,0.13364550471305847,-0.09001617878675461,0.7407260537147522,0.49491748213768005,-0.04890936613082886,0.7437852621078491,0.37323424220085144,-0.07363224029541016,0.7462025284767151,0.29042816162109375,-0.08526970446109772,0.7453460097312927,0.21095767617225647,-0.09407150745391846
0.7058001756668091,0.8683634996414185,5.158203748578671e-07,0.5982959866523743,0.8478031158447266,-0.03862113505601883,0.5127208232879639,0.744522750377655,-0.05117412656545639,0.473832905292511,0.6307787299156189,-0.06122865527868271,0.42455118894577026,0.5404243469238281,-0.0700533464550972,0.5254988670349121,0.5345419049263,-0.013149903155863285,0.4699428677558899,0.4048907160758972,-0.03747893124818802,0.43787068128585815,0.32217299938201904,-0.0605766624212265,0.41232216358184814,0.24487319588661194,-0.07892781496047974,0.5889860987663269,0.4873838424682617,-0.018468288704752922,0.5471128225326538,0.3282460570335388,-0.036606065928936005,0.5233401656150818,0.23120391368865967,-0.057946279644966125,0.5024884939193726,0.14771199226379395,-0.07548155635595322,0.6528952121734619,0.47960495948791504,-0.03135211020708084,0.6270952820777893,0.32504764199256897,-0.05524561554193497,0.6119144558906555,0.23066237568855286,-0.07426071912050247,0.5944023132324219,0.14517980813980103,-0.08936509490013123,0.7181750535964966,0.5003023743629456,-0.04874171316623688,0.7182629704475403,0.37837672233581543,-0.07255791872739792,0.7200766205787659,0.2980283498764038,-0.08383610099554062,0.7180051803588867,0.2225312888622284,-0.09247982501983643
0.7115906476974487,0.8674372434616089,5.288313218443363e-07,0.6070731282234192,0.8523256778717041,-0.04235997796058655,0.5183663368225098,0.7489317655563354,-0.056691646575927734,0.47690528631210327,0.6303607225418091,-0.06773689389228821,0.4290394186973572,0.5347131490707397,-0.07623228430747986,0.522441029548645,0.540831446647644,-0.015052082017064095,0.4634881019592285,0.41237586736679077,-0.03866303339600563,0.4294132590293884,0.3304985761642456,-0.06069682165980339,0.40363991260528564,0.2546505928039551,-0.07854428887367249,0.5840814113616943,0.49001383781433105,-0.018293902277946472,0.5382757782936096,0.3322330117225647,-0.03545231372117996,0.512927234172821,0.23706907033920288,-0.055540312081575394,0.4919236898422241,0.15682941675186157,-0.07209053635597229,0.6486132144927979,0.47956836223602295,-0.02940099500119686,0.619727611541748,0.32605400681495667,-0.052216529846191406,0.6030876636505127,0.23382344841957092,-0.06985454261302948,0.5849591493606567,0.1498350203037262,-0.08411936461925507,0.716264009475708,0.49744507670402527,-0.045357417315244675,0.7156486511230469,0.3772493600845337,-0.06827489286661148,0.7159737348556519,0.29706093668937683,-0.0790439024567604,0.7129380702972412,0.22104156017303467,-0.08724842965602875
0.7192827463150024,0.8633331060409546,4.7353108811876155e-07,0.6115335822105408,0.8412304520606995,-0.03559134528040886,0.5249611735343933,0.7346736788749695,-0.04732011258602142,0.484258234500885,0.6181175112724304,-0.05719514936208725,0.4374716877937317,0.5303829312324524,-0.06522196531295776,0.5288015007972717,0.5349791646003723,-0.00961310975253582,0.47054338455200195,0.4081844091415405,-0.033382825553417206,0.43664461374282837,0.3286898136138916,-0.056223101913928986,0.41028034687042236,0.25526395440101624,-0.07465292513370514,0.5901858806610107,0.4856707453727722,-0.016013987362384796,0.5459209084510803,0.33053529262542725,-0.03345201537013054,0.5193102359771729,0.23897355794906616,-0.05421293154358864,0.4962674677371979,0.16075924038887024,-0.07120174169540405,0.6553217172622681,0.4750591516494751,-0.029585260897874832,0.6265262365341187,0.3213379383087158,-0.052027445286512375,0.6090139150619507,0.23153555393218994,-0.0677134245634079,0.5900623202323914,0.1495702564716339,-0.08068005740642548,0.7246209383010864,0.4933881461620331,-0.047539494931697845,0.722686231136322,0.37403303384780884,-0.06983528286218643,0.7209172248840332,0.29510819911956787,-0.07818823307752609,0.7158077359199524,0.22002387046813965,-0.08448097854852676
0.7562786340713501,0.7857812643051147,6.917271093698218e-07,0.6466038823127747,0.7173646092414856,-0.0391203798353672,0.5876272320747375,0.5959555506706238,-0.053207192569971085,0.5748182535171509,0.4688361585140228,-0.06471777707338333,0.5434889197349548,0.3728497326374054,-0.07635451853275299,0.6478520631790161,0.40018224716186523,-0.019524352625012398,0.6268425583839417,0.25361916422843933,-0.04342130571603775,0.6178091168403625,0.1663106381893158,-0.0659634992480278,0.6125898957252502,0.08577638864517212,-0.08373604714870453,0.7193998098373413,0.379218190908432,-0.024785485118627548,0.7234909534454346,0.20615145564079285,-0.040622394531965256,0.7312160730361938,0.10961326956748962,-0.061434369534254074,0.7374972105026245,0.02733069658279419,-0.07951118052005768,0.7820255756378174,0.39576101303100586,-0.03725317865610123,0.8044719696044922,0.23836874961853027,-0.060921210795640945,0.8180427551269531,0.1414428949356079,-0.07925953716039658,0.8268951773643494,0.054902225732803345,-0.09372264891862869,0.8402414917945862,0.43945688009262085,-0.05384921655058861,0.8625579476356506,0.3185410797595978,-0.07742207497358322,0.8821277618408203,0.23994186520576477,-0.0853687971830368,0.8960278630256653,0.16791179776191711,-0.0912598967552185
0.75546795129776,0.7762235403060913,6.71497446091962e-07,0.6475021243095398,0.7208521366119385,-0.04576142504811287,0.5849675536155701,0.5947983860969543,-0.06392373144626617,0.5747682452201843,0.4682622253894806,-0.07827170193195343,0.5463665127754211,0.36640465259552,-0.0914694294333458,0.6442259550094604,0.4034654498100281,-0.02390487864613533,0.6286900043487549,0.259479820728302,-0.052886962890625,0.6240678429603577,0.1680120825767517,-0.07864467054605484,0.6259381175041199,0.08548885583877563,-0.09816983342170715,0.7173166871070862,0.37704238295555115,-0.02744618058204651,0.7307168245315552,0.20847438275814056,-0.048536114394664764,0.7425389885902405,0.10532793402671814,-0.07091585546731949,0.7546257972717285,0.016703754663467407,-0.0892711952328682,0.7800095677375793,0.3889681398868561,-0.03910108655691147,0.8045979738235474,0.23404574394226074,-0.0645352303981781,0.8197043538093567,0.1363159418106079,-0.08248409628868103,0.8322991132736206,0.047095537185668945,-0.0967751070857048,0.8381151556968689,0.4303014576435089,-0.055836692452430725,0.8675399422645569,0.31554877758026123,-0.07904581725597382,0.8870856761932373,0.23832282423973083,-0.08786838501691818,0.9031875133514404,0.1644068956375122,-0.09477599710226059
0.7193556427955627,0.8076350688934326,7.443020990649529e-07,0.6183085441589355,0.7519686222076416,-0.05164657160639763,0.5535296201705933,0.6302011013031006,-0.07690880447626114,0.5323956608772278,0.5081725120544434,-0.097657211124897,0.5137814879417419,0.41885706782341003,-0.11741388589143753,0.6025716066360474,0.4424075782299042,-0.03946642950177193,0.5751621723175049,0.29958629608154297,-0.07674175500869751,0.5612120628356934,0.20554107427597046,-0.10768046230077744,0.5559718012809753,0.1222461462020874,-0.13024121522903442,0.6728984117507935,0.4112984538078308,-0.04262508451938629,0.6766987442970276,0.23708437383174896,-0.07272917777299881,0.6857115030288696,0.12899190187454224,-0.09880255162715912,0.6993790864944458,0.0389631986618042,-0.11819242686033249,0.7371892929077148,0.4217786490917206,-0.05375216528773308,0.7545800805091858,0.2550852596759796,-0.08716139942407608,0.7739511132240295,0.1510767638683319,-0.10871722549200058,0.792493999004364,0.059806644916534424,-0.12360060960054398,0.7980424761772156,0.4624432623386383,-0.06999370455741882,0.8261280655860901,0.3333170413970947,-0.09956739097833633,0.848566472530365,0.24852366745471954,-0.11110677570104599,0.8673234581947327,0.1720823049545288,-0.118719182908535
0.694510281085968,0.8674716949462891,2.612551099900884e-07,0.5996745228767395,0.8410303592681885,-0.03814038634300232,0.5211322903633118,0.7323563098907471,-0.05983555689454079,0.49569445848464966,0.6321075558662415,-0.08315388113260269,0.4844226837158203,0.5477184653282166,-0.10340810567140579,0.5354785919189453,0.5168654918670654,-0.011757422238588333,0.4906544089317322,0.4082627296447754,-0.061329349875450134,0.4678748846054077,0.42585378885269165,-0.10611926019191742,0.45547372102737427,0.45639365911483765,-0.13013668358325958,0.5991357564926147,0.4651256203651428,-0.020629653707146645,0.589138388633728,0.30006664991378784,-0.04645900800824165,0.5949671268463135,0.19960135221481323,-0.07002810388803482,0.6098209023475647,0.1210375428199768,-0.08652422577142715,0.6662221550941467,0.4588455557823181,-0.04079107195138931,0.6701053977012634,0.2915900945663452,-0.06987838447093964,0.6816454529762268,0.19110918045043945,-0.08818107098340988,0.694594144821167,0.10551148653030396,-0.09882918745279312,0.7367310523986816,0.4854276478290558,-0.06620325148105621,0.7552428841590881,0.3526376783847809,-0.0877227708697319,0.7722324728965759,0.2695796489715576,-0.09188515692949295,0.7859415411949158,0.19811221957206726,-0.0928957387804985
0.7122725248336792,0.8524702191352844,2.2418552703129535e-07,0.6014854311943054,0.8317723274230957,-0.02304304577410221,0.513971209526062,0.7495485544204712,-0.033766310662031174,0.4771755337715149,0.6668156981468201,-0.04708712920546532,0.4486980438232422,0.6217252016067505,-0.0604269839823246,0.4811667203903198,0.5606677532196045,-0.002421949291601777,0.4071081876754761,0.45061779022216797,-0.026624076068401337,0.36318328976631165,0.38117659091949463,-0.05126851052045822,0.32560402154922485,0.3196997046470642,-0.07066135108470917,0.5380566120147705,0.501400351524353,-0.015814419835805893,0.4816209673881531,0.3591840863227844,-0.03487790748476982,0.4465863108634949,0.27589151263237,-0.05685814470052719,0.4149288535118103,0.20794785022735596,-0.07427521795034409,0.6059644222259521,0.479065477848053,-0.03514530882239342,0.5698680877685547,0.3303530216217041,-0.05483374744653702,0.54633629322052,0.24355092644691467,-0.07287700474262238,0.5226436853408813,0.16893360018730164,-0.08735548704862595,0.6792572140693665,0.4875391721725464,-0.058061081916093826,0.668847918510437,0.3694370985031128,-0.07526209205389023,0.6602663397789001,0.2921544313430786,-0.08281105011701584,0.6492294669151306,0.22176048159599304,-0.0890808254480362
0.7168818712234497,0.8189808130264282,5.081161020825675e-07,0.6116513609886169,0.7924355268478394,-0.0355258509516716,0.534368634223938,0.6973377466201782,-0.05109574273228645,0.503730058670044,0.5914465188980103,-0.06460303068161011,0.4657321572303772,0.513359785079956,-0.0769919902086258,0.5259507894515991,0.5017940402030945,-0.025574171915650368,0.462699294090271,0.38031262159347534,-0.05590473487973213,0.4204154908657074,0.3120468854904175,-0.08224239945411682,0.38142865896224976,0.2517079710960388,-0.10187765210866928,0.5898979306221008,0.4522225856781006,-0.0339391827583313,0.5445422530174255,0.29996126890182495,-0.05661528930068016,0.5161789059638977,0.20985719561576843,-0.08050994575023651,0.49092820286750793,0.13333845138549805,-0.09938351064920425,0.6575714349746704,0.44217121601104736,-0.04832650348544121,0.6363772749900818,0.28918734192848206,-0.07570277899503708,0.6245983839035034,0.19670188426971436,-0.09335646033287048,0.6101908683776855,0.11647945642471313,-0.10636518895626068,0.7276521921157837,0.46342378854751587,-0.06651603430509567,0.7287377119064331,0.340474396944046,-0.0919782891869545,0.7289777398109436,0.2624105215072632,-0.09938459098339081,0.725287139415741,0.19554728269577026,-0.10403384268283844
0.7204709649085999,0.8387423753738403,6.706585509164142e-07,0.6146736741065979,0.8180222511291504,-0.04284709692001343,0.536064624786377,0.7152109146118164,-0.06204935163259506,0.5073665380477905,0.5998416543006897,-0.07734549790620804,0.47085195779800415,0.5118243098258972,-0.09229247272014618,0.5422912836074829,0.5130943655967712,-0.03874414786696434,0.4875947833061218,0.37983742356300354,-0.0717477798461914,0.4521775245666504,0.29392653703689575,-0.0983133390545845,0.4255574345588684,0.21599724888801575,-0.11794878542423248,0.609224259853363,0.461275577545166,-0.04531745985150337,0.5789384841918945,0.28902357816696167,-0.07177137583494186,0.5653237700462341,0.18153688311576843,-0.09678863734006882,0.5584651231765747,0.09251132607460022,-0.11582355201244354,0.67792809009552,0.45163777470588684,-0.05805205553770065,0.6718328595161438,0.2811117470264435,-0.08983609080314636,0.6746940016746521,0.1736777126789093,-0.11234640330076218,0.6771473288536072,0.0816228985786438,-0.12853606045246124,0.747014582157135,0.475852370262146,-0.07460974901914597,0.7612920999526978,0.34407705068588257,-0.10534914582967758,0.775875449180603,0.2574766278266907,-0.11743134260177612,0.7878056764602661,0.1832919418811798,-0.12509678304195404
0.7092844843864441,0.8689800500869751,4.3852332964888774e-07,0.6071367859840393,0.8508709669113159,-0.03182440996170044,0.5206536054611206,0.7767693996429443,-0.050809141248464584,0.48720788955688477,0.6909099221229553,-0.06988874822854996,0.46680641174316406,0.6298686265945435,-0.08873392641544342,0.49571937322616577,0.5669384598731995,-0.023800233379006386,0.4280218482017517,0.45253023505210876,-0.05559486523270607,0.38312214612960815,0.37952709197998047,-0.08408945798873901,0.3474341630935669,0.31659871339797974,-0.10542001575231552,0.5555142164230347,0.5060846209526062,-0.036549344658851624,0.50481778383255,0.3506854474544525,-0.06121300160884857,0.477681428194046,0.2534501850605011,-0.0852729007601738,0.4576479196548462,0.17431047558784485,-0.1042209267616272,0.6251419186592102,0.48560428619384766,-0.055399853736162186,0.599296510219574,0.32390159368515015,-0.08248405903577805,0.5888673067092896,0.22370877861976624,-0.1037638708949089,0.5773892998695374,0.13933488726615906,-0.12008115649223328,0.7017443776130676,0.4973416030406952,-0.07782511413097382,0.7044017910957336,0.36731353402137756,-0.10153908282518387,0.7057594656944275,0.2823914587497711,-0.11117473989725113,0.7031746506690979,0.2079864740371704,-0.11852649599313736
0.7073304057121277,0.8757671117782593,3.030637572010164e-07,0.5979163646697998,0.870028018951416,-0.029137561097741127,0.5024282932281494,0.785920262336731,-0.036428000777959824,0.4514407515525818,0.6866174340248108,-0.0436890572309494,0.3938630223274231,0.6153210997581482,-0.04956473037600517,0.4809025824069977,0.5975679159164429,0.001452480792067945,0.40100231766700745,0.4972885847091675,-0.019506575539708138,0.3495875895023346,0.434722363948822,-0.04158169776201248,0.30584976077079773,0.37649020552635193,-0.05923296883702278,0.5331470370292664,0.5354222655296326,-0.007295078597962856,0.4633607566356659,0.401297390460968,-0.02235684171319008,0.41733330488204956,0.32100361585617065,-0.04271787777543068,0.37819093465805054,0.2549057900905609,-0.05931040644645691,0.5961822867393494,0.5110436677932739,-0.023100217804312706,0.5511996746063232,0.3644201457500458,-0.04487522691488266,0.5216231346130371,0.2796325981616974,-0.0620359368622303,0.49032479524612427,0.2047450840473175,-0.0755181610584259,0.6661546230316162,0.5140027403831482,-0.042658500373363495,0.6547802686691284,0.39312899112701416,-0.06457048654556274,0.6462798118591309,0.3135168254375458,-0.07334566116333008,0.6334397196769714,0.23856773972511292,-0.07971218228340149
0.7023157477378845,0.8742210268974304,4.5505117896027514e-07,0.5953232645988464,0.8687111139297485,-0.03174402937293053,0.5031536221504211,0.786225438117981,-0.0434805229306221,0.45275357365608215,0.689304769039154,-0.0536503903567791,0.3993610739707947,0.6136870980262756,-0.06257317960262299,0.481021523475647,0.5931621789932251,-0.01435251347720623,0.40529417991638184,0.4864678382873535,-0.03895223140716553,0.35828453302383423,0.4194984436035156,-0.061496663838624954,0.3186691105365753,0.35731029510498047,-0.07924124598503113,0.5374386310577393,0.5310260653495789,-0.02352382428944111,0.4721013307571411,0.3897489309310913,-0.04147209972143173,0.4329279363155365,0.30487021803855896,-0.062103044241666794,0.39896753430366516,0.2324645221233368,-0.07878406345844269,0.6028072834014893,0.5074103474617004,-0.03896504268050194,0.5603013634681702,0.3589608371257782,-0.06266351789236069,0.5374783277511597,0.26821938157081604,-0.07971552759408951,0.5130597352981567,0.18795084953308105,-0.09314381331205368,0.6744560599327087,0.5143264532089233,-0.0579645074903965,0.6614259481430054,0.39396730065345764,-0.08104738593101501,0.6541937589645386,0.3145986497402191,-0.08903785794973373,0.643339991569519,0.2418588101863861,-0.09468638896942139
0.7264919281005859,0.8513089418411255,5.794582307316887e-07,0.6168423295021057,0.839669942855835,-0.035017870366573334,0.5317798852920532,0.735537588596344,-0.044386401772499084,0.49168503284454346,0.6182523965835571,-0.051397357136011124,0.4363788962364197,0.5424495935440063,-0.057623717933893204,0.5294724106788635,0.5368124842643738,-0.016387926414608955,0.4616406261920929,0.41555100679397583,-0.03918265551328659,0.42119720578193665,0.3384464979171753,-0.060183439403772354,0.3874235451221466,0.26805174350738525,-0.07712878286838531,0.5910727977752686,0.4821363389492035,-0.022795090451836586,0.5420376062393188,0.3224754333496094,-0.03966878727078438,0.5147579908370972,0.22533616423606873,-0.06070905551314354,0.491851270198822,0.14530855417251587,-0.07759147882461548,0.6571161150932312,0.4701721668243408,-0.03560195118188858,0.6298435926437378,0.31075751781463623,-0.06083672121167183,0.6156529188156128,0.21276497840881348,-0.08079966902732849,0.5996614694595337,0.12645506858825684,-0.09578222781419754,0.725381076335907,0.48985475301742554,-0.052032578736543655,0.7286866903305054,0.36450642347335815,-0.0784483402967453,0.7330385446548462,0.28090158104896545,-0.08952901512384415,0.7324668765068054,0.20566603541374207,-0.09696803241968155
0.7210592031478882,0.861767053604126,5.347502565200557e-07,0.6131683588027954,0.848167896270752,-0.03802808001637459,0.5270766019821167,0.7503952980041504,-0.051693327724933624,0.4878571033477783,0.6361222863197327,-0.06289992481470108,0.4312075972557068,0.5519987940788269,-0.07337988168001175,0.5258293151855469,0.549811065196991,-0.018312091007828712,0.45831429958343506,0.4305403232574463,-0.044447172433137894,0.4165429472923279,0.3533620834350586,-0.06817799806594849,0.38349461555480957,0.28141337633132935,-0.08670502156019211,0.5869572162628174,0.4952417016029358,-0.024838324636220932,0.5373238325119019,0.33467623591423035,-0.0449725016951561,0.5091925263404846,0.23610422015190125,-0.06803562492132187,0.48642903566360474,0.15351760387420654,-0.08645037561655045,0.6515875458717346,0.4831196069717407,-0.03826799616217613,0.6255163550376892,0.3231368958950043,-0.06524226814508438,0.6117544174194336,0.22346392273902893,-0.08678572624921799,0.5959806442260742,0.1351500153541565,-0.10320795327425003,0.7193529605865479,0.5017728209495544,-0.055519428104162216,0.7228729128837585,0.37410321831703186,-0.08177219331264496,0.7269814610481262,0.2888574004173279,-0.09346513450145721,0.7256505489349365,0.20963382720947266,-0.10210967063903809
0.7189871072769165,0.86549973487854,5.432669922811328e-07,0.6115551590919495,0.8558667302131653,-0.03924413025379181,0.5233316421508789,0.7599793672561646,-0.05334684997797012,0.4828849136829376,0.6462277770042419,-0.0647033154964447,0.42610815167427063,0.5625330805778503,-0.07519230991601944,0.5210254192352295,0.5593299269676208,-0.02015998214483261,0.45200908184051514,0.4413180351257324,-0.046539582312107086,0.4093169569969177,0.36497509479522705,-0.0702805370092392,0.3759053349494934,0.29302978515625,-0.08898074924945831,0.582440197467804,0.5030938386917114,-0.026351630687713623,0.5320281982421875,0.3425649404525757,-0.04678294062614441,0.5037288665771484,0.24391710758209229,-0.06993364542722702,0.4808803200721741,0.16007676720619202,-0.08854056149721146,0.6476651430130005,0.48999765515327454,-0.039554663002491,0.6208863258361816,0.3292900025844574,-0.06696809083223343,0.6062725782394409,0.230063796043396,-0.08907748758792877,0.589581310749054,0.1411970555782318,-0.10601087659597397,0.7161865234375,0.5077271461486816,-0.0566362626850605,0.7189763188362122,0.3805798888206482,-0.08358645439147949,0.7217711806297302,0.2953799366950989,-0.09619416296482086,0.7190256118774414,0.21515309810638428,-0.10558370500802994
0.7251105904579163,0.8733295202255249,5.53200379727059e-07,0.616726815700531,0.8652555346488953,-0.0408511757850647,0.5249818563461304,0.7721109986305237,-0.05600661784410477,0.48218685388565063,0.6590505838394165,-0.06823944300413132,0.42615124583244324,0.5725926160812378,-0.07926730811595917,0.5213696956634521,0.5704476833343506,-0.021422864869236946,0.4518166780471802,0.4527056813240051,-0.04898412898182869,0.4085419774055481,0.37594443559646606,-0.07360287755727768,0.3737967014312744,0.3032379746437073,-0.09309978783130646,0.5826748609542847,0.5126181840896606,-0.02773144282400608,0.5291916728019714,0.35274097323417664,-0.049571167677640915,0.499218612909317,0.2541924715042114,-0.07375643402338028,0.474726140499115,0.17012053728103638,-0.09286164492368698,0.6487356424331665,0.49822574853897095,-0.04115971177816391,0.6172074675559998,0.33874136209487915,-0.07002430409193039,0.6005334854125977,0.24000883102416992,-0.09228286892175674,0.5821809768676758,0.15157806873321533,-0.10906846821308136,0.718986451625824,0.5147205591201782,-0.05858997628092766,0.7188108563423157,0.38936951756477356,-0.08675048500299454,0.7200304865837097,0.3049485385417938,-0.09931078553199768,0.7162278890609741,0.22570383548736572,-0.10838031768798828
0.7307389974594116,0.8728855848312378,5.915127303524059e-07,0.6237909197807312,0.866509199142456,-0.042691148817539215,0.5320050120353699,0.7733615636825562,-0.05895863473415375,0.48875969648361206,0.6593065857887268,-0.07136426120996475,0.43407130241394043,0.5723095536231995,-0.08244890719652176,0.5249091982841492,0.5647151470184326,-0.026836056262254715,0.4545348286628723,0.4431510865688324,-0.05413560941815376,0.41130226850509644,0.36509808897972107,-0.07801102101802826,0.3768562376499176,0.2918364703655243,-0.09715235233306885,0.5870371460914612,0.5072515606880188,-0.032239943742752075,0.534896969795227,0.3467201590538025,-0.052745521068573,0.5051782727241516,0.2491835653781891,-0.07529330253601074,0.4802989363670349,0.16646602749824524,-0.09376665949821472,0.6542621850967407,0.49397143721580505,-0.04468679428100586,0.6239403486251831,0.33261388540267944,-0.0722118690609932,0.6070868968963623,0.2322089970111847,-0.09300448000431061,0.5886347889900208,0.14048650860786438,-0.10950715839862823,0.7250906229019165,0.5124210119247437,-0.061318591237068176,0.7256366014480591,0.3865814208984375,-0.08919210731983185,0.7279768586158752,0.3011764883995056,-0.10130671411752701,0.726093590259552,0.22001343965530396,-0.11029500514268875
0.7277601361274719,0.876947283744812,5.644645284519356e-07,0.619462251663208,0.8670434355735779,-0.04039302095770836,0.5289584994316101,0.7714723348617554,-0.055401042103767395,0.4872141480445862,0.6568170785903931,-0.06742585450410843,0.4317683279514313,0.5706950426101685,-0.07828953117132187,0.5271058678627014,0.5693920850753784,-0.023242201656103134,0.45610398054122925,0.4472854435443878,-0.05057621747255325,0.4130202829837799,0.3691404163837433,-0.07434326410293579,0.37907201051712036,0.29609957337379456,-0.09307514876127243,0.5887715220451355,0.5125762820243835,-0.029570404440164566,0.5347444415092468,0.3510698676109314,-0.050372835248708725,0.5055438876152039,0.25321581959724426,-0.07318712025880814,0.4821096658706665,0.17055675387382507,-0.09165052324533463,0.6550643444061279,0.4981154203414917,-0.042898550629615784,0.6234424710273743,0.3348512053489685,-0.07023099064826965,0.608222484588623,0.23539087176322937,-0.09089631587266922,0.5917477011680603,0.1464240849018097,-0.10709471255540848,0.7253108024597168,0.5145120024681091,-0.06030633673071861,0.7249956130981445,0.38847389817237854,-0.08712909370660782,0.7266591191291809,0.30377107858657837,-0.09872975200414658,0.7239498496055603,0.22492173314094543,-0.10740263760089874
0.7270214557647705,0.880124032497406,5.591634817392332e-07,0.6191142201423645,0.8716998100280762,-0.04208342730998993,0.5288098454475403,0.7756881713867188,-0.057823002338409424,0.4869905114173889,0.6605678796768188,-0.07029573619365692,0.43145930767059326,0.5723937153816223,-0.08149676769971848,0.5274806618690491,0.5734742283821106,-0.024124452844262123,0.4562145471572876,0.4534562826156616,-0.05209580436348915,0.41228991746902466,0.3754073977470398,-0.07635428756475449,0.37760937213897705,0.30172479152679443,-0.09548332542181015,0.5884029269218445,0.5162925720214844,-0.02980404905974865,0.5350162982940674,0.3544293940067291,-0.05151117593050003,0.5056297183036804,0.2560756504535675,-0.07472957670688629,0.48181694746017456,0.1727447509765625,-0.09328760951757431,0.6539803743362427,0.5022943019866943,-0.04268600419163704,0.6228069067001343,0.34030216932296753,-0.07099093496799469,0.6067607402801514,0.24129846692085266,-0.09220162779092789,0.589117705821991,0.15226906538009644,-0.10855085402727127,0.7237470149993896,0.5191306471824646,-0.05975618585944176,0.7230271100997925,0.39255863428115845,-0.08734256029129028,0.7244250178337097,0.3078254461288452,-0.0994822308421135,0.7208978533744812,0.22823622822761536,-0.10847467929124832
0.7289763689041138,0.8776868581771851,5.583930260399939e-07,0.621291995048523,0.8740667700767517,-0.04255348816514015,0.529745876789093,0.7782993316650391,-0.05751771479845047,0.48752450942993164,0.6614159941673279,-0.06890415400266647,0.4309016168117523,0.5741768479347229,-0.07880114763975143,0.5252933502197266,0.571749746799469,-0.02322991192340851,0.45378971099853516,0.45102882385253906,-0.04958443343639374,0.4108424782752991,0.37317198514938354,-0.0727384090423584,0.3769393563270569,0.30045372247695923,-0.09129226952791214,0.5864192247390747,0.5146639347076416,-0.02820495329797268,0.5323904752731323,0.3544425368309021,-0.0485139936208725,0.5027744770050049,0.2578364610671997,-0.070810966193676,0.4788445234298706,0.17656803131103516,-0.08887675404548645,0.6524335145950317,0.5011071562767029,-0.04053116589784622,0.6206343173980713,0.33949756622314453,-0.06796006858348846,0.6040688157081604,0.2416294813156128,-0.08920764178037643,0.5861416459083557,0.1528875231742859,-0.10581514239311218,0.7223625779151917,0.5183237791061401,-0.057084959000349045,0.7216591238975525,0.3930869698524475,-0.08490683138370514,0.7227039933204651,0.30914735794067383,-0.09789828211069107,0.7192566990852356,0.2294335663318634,-0.10749643296003342
0.7263424396514893,0.8865764141082764,5.58083399937459e-07,0.6177498698234558,0.8775873184204102,-0.04109897464513779,0.5280351042747498,0.7791755795478821,-0.055673688650131226,0.48615071177482605,0.6634300947189331,-0.06715371459722519,0.42915141582489014,0.57846999168396,-0.0773812085390091,0.5265562534332275,0.5765829682350159,-0.021761104464530945,0.4551340341567993,0.4546416401863098,-0.048537980765104294,0.4114014506340027,0.3767678141593933,-0.07218223065137863,0.3767614960670471,0.3035835921764374,-0.09094812721014023,0.5879906415939331,0.5198556780815125,-0.02761067822575569,0.5333500504493713,0.35879969596862793,-0.04790271818637848,0.5033248662948608,0.26092809438705444,-0.07063540816307068,0.4793381094932556,0.1781875491142273,-0.08904419094324112,0.6541261076927185,0.505452573299408,-0.0406559482216835,0.6212241053581238,0.3427586853504181,-0.0675281435251236,0.6050002574920654,0.24394896626472473,-0.08790744096040726,0.5878415107727051,0.15537774562835693,-0.10388403385877609,0.724092960357666,0.5215891599655151,-0.057942945510149,0.7215147614479065,0.39589202404022217,-0.08443565666675568,0.7217543125152588,0.3117905855178833,-0.09588748961687088,0.7179620265960693,0.2332121729850769,-0.1044573113322258
0.7271524667739868,0.8872639536857605,5.529106488211255e-07,0.6182949542999268,0.8791568279266357,-0.041860949248075485,0.5282195210456848,0.7811682820320129,-0.05675165727734566,0.48551076650619507,0.665349006652832,-0.06843702495098114,0.42823976278305054,0.5792946219444275,-0.07865779846906662,0.525562047958374,0.5760966539382935,-0.020883863791823387,0.45447200536727905,0.45630523562431335,-0.047711148858070374,0.4109519124031067,0.37880879640579224,-0.07170163840055466,0.37650686502456665,0.3054240345954895,-0.0908527672290802,0.586837112903595,0.5187466740608215,-0.02648642286658287,0.5335022807121277,0.3586995005607605,-0.047118593007326126,0.5038408041000366,0.2616662085056305,-0.06981196999549866,0.47984814643859863,0.17894160747528076,-0.08806182444095612,0.6530268788337708,0.5050061941146851,-0.039533235132694244,0.6210684776306152,0.34370043873786926,-0.06687233597040176,0.6040182709693909,0.24621489644050598,-0.08741507679224014,0.5857821702957153,0.15744608640670776,-0.10342232137918472,0.7230309844017029,0.5226694941520691,-0.05691571533679962,0.7209593653678894,0.39796677231788635,-0.0840674638748169,0.7212769985198975,0.31444045901298523,-0.09597763419151306,0.7172914147377014,0.23496326804161072,-0.10478930920362473
0.7268044948577881,0.8870707154273987,5.550811579269066e-07,0.6185585856437683,0.8803684711456299,-0.042709022760391235,0.5286778807640076,0.7829611301422119,-0.05802151560783386,0.48610514402389526,0.6666416525840759,-0.0699334442615509,0.428557813167572,0.5805701017379761,-0.08046960085630417,0.5247964859008789,0.5765394568443298,-0.022376064211130142,0.45423412322998047,0.4557405412197113,-0.0494653545320034,0.41103416681289673,0.37779927253723145,-0.0735916867852211,0.3767242729663849,0.30392929911613464,-0.09290347248315811,0.5864840745925903,0.5187524557113647,-0.027622416615486145,0.5331969261169434,0.35916054248809814,-0.048418786376714706,0.5033796429634094,0.2625802457332611,-0.0714978277683258,0.47885939478874207,0.17984545230865479,-0.09022492915391922,0.6529190540313721,0.5049096941947937,-0.0402795746922493,0.6209879517555237,0.34388160705566406,-0.0678437128663063,0.6039887070655823,0.24634239077568054,-0.08884275704622269,0.5855464339256287,0.1574602723121643,-0.10531899333000183,0.7229241132736206,0.5228361487388611,-0.05729304999113083,0.7207799553871155,0.39870426058769226,-0.08490703999996185,0.7210249304771423,0.31515005230903625,-0.09733407944440842,0.7169652581214905,0.23565858602523804,-0.10658065974712372
0.7266965508460999,0.8873368501663208,5.578010586759774e-07,0.6182806491851807,0.8810068964958191,-0.0425475649535656,0.5280399322509766,0.783604621887207,-0.057729147374629974,0.4853697419166565,0.667339026927948,-0.06948171555995941,0.4275113344192505,0.5814377069473267,-0.07990666478872299,0.5241804122924805,0.5767049193382263,-0.022382156923413277,0.45378589630126953,0.4559032917022705,-0.04928690567612648,0.4108324348926544,0.37777531147003174,-0.0733586922287941,0.37658530473709106,0.3037837743759155,-0.09264989197254181,0.5858594179153442,0.518771231174469,-0.02771996520459652,0.5327251553535461,0.35883328318595886,-0.04831564798951149,0.5024049878120422,0.2624310553073883,-0.07137633115053177,0.47708141803741455,0.18021395802497864,-0.09010817110538483,0.652176022529602,0.5047509074211121,-0.04044420272111893,0.6206275224685669,0.34353166818618774,-0.0678379014134407,0.6031564474105835,0.24557870626449585,-0.08902698010206223,0.5841158628463745,0.15637308359146118,-0.10569407045841217,0.7216601967811584,0.5227633118629456,-0.05749289318919182,0.7195833325386047,0.39858853816986084,-0.0850566104054451,0.7199046611785889,0.31473708152770996,-0.09759290516376495,0.7159563302993774,0.23488402366638184,-0.10694140940904617
0.7262141704559326,0.8869660496711731,5.611522624349163e-07,0.618429958820343,0.8807470798492432,-0.043336715549230576,0.5277420282363892,0.7847914695739746,-0.05932796373963356,0.48496007919311523,0.6686884164810181,-0.0717153400182724,0.42722219228744507,0.5819315314292908,-0.08278673142194748,0.5232929587364197,0.5783505439758301,-0.024549204856157303,0.4529164731502533,0.4568674564361572,-0.05218708887696266,0.40999817848205566,0.3786262273788452,-0.07653070241212845,0.3758917450904846,0.30441367626190186,-0.09596865624189377,0.5851315855979919,0.5200698375701904,-0.029646482318639755,0.5317342281341553,0.360090970993042,-0.05081414803862572,0.5022403001785278,0.26324930787086487,-0.07396242022514343,0.47802501916885376,0.18007922172546387,-0.0927981436252594,0.6518884897232056,0.5057047605514526,-0.042097605764865875,0.6199485659599304,0.3447854816913605,-0.06977072358131409,0.6034359335899353,0.24659684300422668,-0.09073223918676376,0.5855053663253784,0.156995952129364,-0.10728002339601517,0.7222217321395874,0.5231372117996216,-0.058930929750204086,0.7194894552230835,0.3991512060165405,-0.08650851249694824,0.7196701765060425,0.31555598974227905,-0.09881513565778732,0.7156913876533508,0.23608115315437317,-0.10804465413093567
0.7272465229034424,0.8877866864204407,5.599040946435707e-07,0.6190030574798584,0.8836708664894104,-0.043117791414260864,0.5276667475700378,0.7872092723846436,-0.058578211814165115,0.48425865173339844,0.6705808043479919,-0.07044245302677155,0.4264431595802307,0.5839638113975525,-0.08092477917671204,0.5229939222335815,0.5801247358322144,-0.0234762504696846,0.4527515172958374,0.4577915072441101,-0.05064951255917549,0.41011425852775574,0.3791735768318176,-0.07466888427734375,0.37640276551246643,0.30475661158561707,-0.09387040138244629,0.5850338339805603,0.521841287612915,-0.02847522497177124,0.5311282277107239,0.3619154393672943,-0.04929731786251068,0.5012078285217285,0.26471295952796936,-0.07236853986978531,0.4768444895744324,0.18122363090515137,-0.09111665934324265,0.6517689824104309,0.5073729753494263,-0.04084280505776405,0.6190066337585449,0.34618446230888367,-0.06831702589988708,0.6019644141197205,0.24781349301338196,-0.08934551477432251,0.583636462688446,0.15795382857322693,-0.10589729249477386,0.7219324111938477,0.5245498418807983,-0.057576365768909454,0.7188656330108643,0.4000908434391022,-0.08520893007516861,0.7185384631156921,0.3162875175476074,-0.09772831946611404,0.7140271663665771,0.2363741397857666,-0.10703837871551514
0.7272271513938904,0.8870559930801392,5.588528892985778e-07,0.6193555593490601,0.8839849233627319,-0.04237435385584831,0.5277226567268372,0.787893533706665,-0.057276178151369095,0.48412591218948364,0.6710271239280701,-0.06862964481115341,0.42694300413131714,0.5847266912460327,-0.07865364849567413,0.5217006802558899,0.5810195803642273,-0.02303164452314377,0.4521159529685974,0.45832812786102295,-0.04947107285261154,0.41026049852371216,0.38015371561050415,-0.07289735972881317,0.3768787980079651,0.30632662773132324,-0.09172897785902023,0.5835021138191223,0.5224915146827698,-0.02812003530561924,0.5296028852462769,0.36270803213119507,-0.04840351268649101,0.49987927079200745,0.2659565806388855,-0.07108169049024582,0.47535768151283264,0.18286508321762085,-0.08960188925266266,0.6502553820610046,0.5076658129692078,-0.040461644530296326,0.617750346660614,0.3470604419708252,-0.06756896525621414,0.6012312769889832,0.24905124306678772,-0.08848553150892258,0.5832411050796509,0.159467875957489,-0.10500627011060715,0.7202666401863098,0.524446427822113,-0.05707402899861336,0.7170511484146118,0.40007585287094116,-0.0846409872174263,0.717359185218811,0.3164617419242859,-0.097105473279953,0.7136727571487427,0.23681014776229858,-0.10636360198259354
0.7271615266799927,0.8874180316925049,5.591127774096094e-07,0.618345320224762,0.8829153776168823,-0.04083256796002388,0.5266370177268982,0.7861042618751526,-0.054651036858558655,0.4823875427246094,0.6701536774635315,-0.06521890312433243,0.4256264567375183,0.5859718322753906,-0.0745222344994545,0.5200669765472412,0.5820003747940063,-0.021160585805773735,0.45125138759613037,0.4581708014011383,-0.047130994498729706,0.41007834672927856,0.3790780007839203,-0.07034359127283096,0.37719589471817017,0.30481740832328796,-0.0889948159456253,0.5820159912109375,0.5237334370613098,-0.026757553219795227,0.5282143950462341,0.364601731300354,-0.0466754324734211,0.49853914976119995,0.2676923871040344,-0.06924529373645782,0.47429120540618896,0.1842394769191742,-0.0875764712691307,0.6493841409683228,0.5085625648498535,-0.039462968707084656,0.6163973212242126,0.34714657068252563,-0.06624394655227661,0.6000139117240906,0.2489698827266693,-0.08668102324008942,0.5824589729309082,0.15951493382453918,-0.10272412747144699,0.7203640937805176,0.5246618986129761,-0.05632360652089119,0.7166812419891357,0.400018572807312,-0.08357741683721542,0.7165489196777344,0.3164352476596832,-0.09538693726062775,0.712973415851593,0.23700779676437378,-0.10400490462779999
0.7258285284042358,0.8890841007232666,5.603271802101517e-07,0.6172453165054321,0.884520411491394,-0.04037367179989815,0.5258326530456543,0.7872040271759033,-0.05430034175515175,0.48225104808807373,0.6720037460327148,-0.06513825803995132,0.4251856803894043,0.5908132195472717,-0.07497656345367432,0.5194572806358337,0.583171546459198,-0.02187386527657509,0.44989046454429626,0.45960524678230286,-0.048390284180641174,0.4084547460079193,0.3808510899543762,-0.07196281105279922,0.3752903938293457,0.3068242073059082,-0.09078805893659592,0.581445574760437,0.5252749919891357,-0.028027288615703583,0.527402937412262,0.3658335208892822,-0.0485231913626194,0.49747729301452637,0.26909664273262024,-0.07150182873010635,0.47266891598701477,0.18585631251335144,-0.09016038477420807,0.648356556892395,0.5104642510414124,-0.04123249277472496,0.6156507134437561,0.34897077083587646,-0.06854100525379181,0.5989654064178467,0.2507118880748749,-0.08951272815465927,0.5809388756752014,0.16156601905822754,-0.10592079162597656,0.7185555100440979,0.5269481539726257,-0.05852656438946724,0.714880108833313,0.40156322717666626,-0.08617162704467773,0.7147960066795349,0.31752896308898926,-0.09836684167385101,0.711006224155426,0.23803448677062988,-0.10734739899635315
0.7258151769638062,0.8893828988075256,5.584316795648192e-07,0.6178669929504395,0.8858257532119751,-0.04121225327253342,0.5262129306793213,0.79048752784729,-0.055698543787002563,0.48251843452453613,0.676001787185669,-0.06688545644283295,0.4263521432876587,0.5920616388320923,-0.07693209499120712,0.5191633701324463,0.583872377872467,-0.023011529818177223,0.44982677698135376,0.4602270722389221,-0.049722108989953995,0.4083336293697357,0.3813326954841614,-0.07343857735395432,0.37509265542030334,0.3071112334728241,-0.09248751401901245,0.5810356736183167,0.5256475806236267,-0.028812246397137642,0.5269333720207214,0.36672401428222656,-0.04952768236398697,0.4967966079711914,0.2703213691711426,-0.0726674348115921,0.47176700830459595,0.18719977140426636,-0.09148059785366058,0.6481318473815918,0.5105069875717163,-0.041701335459947586,0.615134060382843,0.34904745221138,-0.0691380575299263,0.5986183285713196,0.25071489810943604,-0.09014546126127243,0.5807579755783081,0.16090628504753113,-0.10664182901382446,0.7185370326042175,0.526849627494812,-0.05873763933777809,0.714309573173523,0.40230846405029297,-0.08664026111364365,0.7140814065933228,0.31858378648757935,-0.09900733828544617,0.7103700041770935,0.23876243829727173,-0.10808532685041428
0.7243356704711914,0.8924360275268555,5.595943548541982e-07,0.6158855557441711,0.888512134552002,-0.04087238386273384,0.5243663787841797,0.7922406792640686,-0.054825309664011,0.48113465309143066,0.6765220165252686,-0.06553418934345245,0.4252983033657074,0.5913264155387878,-0.07509803026914597,0.5180134177207947,0.5862894654273987,-0.02207004278898239,0.44882509112358093,0.46193549036979675,-0.048243504017591476,0.4074203670024872,0.38320356607437134,-0.07158162444829941,0.37408551573753357,0.309439092874527,-0.09030084311962128,0.5803819894790649,0.5282952189445496,-0.027780868113040924,0.5263444185256958,0.3681233823299408,-0.047777317464351654,0.4961596727371216,0.2712918519973755,-0.07060197740793228,0.47100749611854553,0.1882643699645996,-0.08920910954475403,0.6477673053741455,0.5131924152374268,-0.040568768978118896,0.6146553754806519,0.3511422276496887,-0.06738078594207764,0.5985003113746643,0.25309425592422485,-0.08814290165901184,0.5808553695678711,0.16413414478302002,-0.10446761548519135,0.7182947397232056,0.5293537974357605,-0.05750076472759247,0.7142449617385864,0.4040641784667969,-0.08485715836286545,0.714156985282898,0.3205052614212036,-0.09693561494350433,0.7104786038398743,0.2414812445640564,-0.10579746961593628
0.7248129844665527,0.8938291668891907,5.517501335816632e-07,0.6170139908790588,0.8900184631347656,-0.041029687970876694,0.5250824689865112,0.7944964170455933,-0.05505681037902832,0.48130691051483154,0.6792011857032776,-0.06581251323223114,0.4263077974319458,0.5932649374008179,-0.07530523836612701,0.5183432102203369,0.5867881774902344,-0.02179829776287079,0.4489023685455322,0.46331384778022766,-0.047888703644275665,0.40737539529800415,0.38442808389663696,-0.07123944163322449,0.3741763234138489,0.31038886308670044,-0.09000840783119202,0.5801700949668884,0.5283607840538025,-0.027266787365078926,0.5259732007980347,0.369248628616333,-0.04707318916916847,0.4958380460739136,0.2730545401573181,-0.06951900571584702,0.47095319628715515,0.19054707884788513,-0.08783766627311707,0.6473673582077026,0.5128194093704224,-0.03987524285912514,0.6139934062957764,0.351485013961792,-0.06636279821395874,0.5972746014595032,0.25398027896881104,-0.08672081679105759,0.5793860554695129,0.16547977924346924,-0.10280390083789825,0.7180107235908508,0.528728187084198,-0.0567108578979969,0.7140052318572998,0.4046391248703003,-0.08373655378818512,0.7135078310966492,0.321194052696228,-0.0957571268081665,0.709610104560852,0.24200895428657532,-0.10459005832672119
0.7248358130455017,0.8940792083740234,5.520477657228184e-07,0.6174166798591614,0.8889206647872925,-0.04077236354351044,0.5259208679199219,0.7939532995223999,-0.05497552454471588,0.4818021059036255,0.6802307367324829,-0.06600411981344223,0.427179753780365,0.595089316368103,-0.07578236609697342,0.5184186697006226,0.5867082476615906,-0.02187190018594265,0.44908857345581055,0.4635780453681946,-0.04800545051693916,0.4072389006614685,0.3851143717765808,-0.07142646610736847,0.3735392093658447,0.3113696277141571,-0.0902361273765564,0.5798912048339844,0.5284975171089172,-0.02750035934150219,0.5260930061340332,0.3697372376918793,-0.047515470534563065,0.4958491921424866,0.27350160479545593,-0.07001101225614548,0.47074946761131287,0.19064515829086304,-0.08830028027296066,0.6469082236289978,0.5128995776176453,-0.040238842368125916,0.6140141487121582,0.352458119392395,-0.0668334811925888,0.5975416898727417,0.2550649046897888,-0.08724097907543182,0.5797751545906067,0.16648614406585693,-0.10327387601137161,0.7173474431037903,0.528684139251709,-0.05718843266367912,0.7135671377182007,0.40454965829849243,-0.08414795249700546,0.7132506966590881,0.3209504187107086,-0.09609047323465347,0.709531843662262,0.24142950773239136,-0.10485109686851501
0.7255314588546753,0.8942931890487671,5.524647122001625e-07,0.6173776984214783,0.8898812532424927,-0.040800534188747406,0.5254877805709839,0.7939663529396057,-0.054800089448690414,0.4813773036003113,0.6789187788963318,-0.06559707224369049,0.42552199959754944,0.5938147902488708,-0.0751555860042572,0.51877760887146,0.5871973037719727,-0.021666552871465683,0.44909337162971497,0.46421074867248535,-0.04774956405162811,0.40729963779449463,0.3853301703929901,-0.07112790644168854,0.3737980127334595,0.3111981749534607,-0.08997231721878052,0.5802997350692749,0.5286607146263123,-0.02735126204788685,0.5260682702064514,0.3700515627861023,-0.0473005473613739,0.4957026541233063,0.2737734913825989,-0.06977833062410355,0.4704309403896332,0.19116288423538208,-0.08812753111124039,0.6472921371459961,0.5130377411842346,-0.04018257558345795,0.6139656901359558,0.3520407974720001,-0.06684479862451553,0.5971797704696655,0.2544165849685669,-0.08727762848138809,0.5790104269981384,0.16560226678848267,-0.10340464860200882,0.7176889777183533,0.5289080739021301,-0.05721870809793472,0.7135881781578064,0.4047771990299225,-0.08441225439310074,0.712989866733551,0.32110580801963806,-0.09653206169605255,0.7088204622268677,0.2415112853050232,-0.10545731335878372
0.7266331911087036,0.894071102142334,5.445054966912721e-07,0.6187993288040161,0.8920189142227173,-0.04177531599998474,0.5260823965072632,0.797134518623352,-0.056170158088207245,0.4820907711982727,0.6819058656692505,-0.06717480719089508,0.42747676372528076,0.595353901386261,-0.07694035023450851,0.5190131664276123,0.5882951021194458,-0.02302328310906887,0.44931530952453613,0.464968740940094,-0.04935809224843979,0.4074237644672394,0.3865712583065033,-0.07294540852308273,0.3737075626850128,0.3126720190048218,-0.0920369103550911,0.5805108547210693,0.5296450853347778,-0.028386665508151054,0.526045024394989,0.37134915590286255,-0.048688214272260666,0.49573835730552673,0.27528223395347595,-0.07159435749053955,0.4703965187072754,0.19225314259529114,-0.09034984558820724,0.6474501490592957,0.5141221284866333,-0.04095105454325676,0.6146791577339172,0.354004442691803,-0.06805592030286789,0.5982297658920288,0.256081759929657,-0.08913426846265793,0.5802392363548279,0.1668114960193634,-0.10579460859298706,0.7178747653961182,0.5302135944366455,-0.05776643753051758,0.714073896408081,0.4065898060798645,-0.08552748709917068,0.7136781215667725,0.32304805517196655,-0.09822005778551102,0.7096566557884216,0.2434273362159729,-0.10762466490268707
0.7273210883140564,0.8942035436630249,5.546468173633912e-07,0.6189357042312622,0.892358660697937,-0.04259069263935089,0.5260370969772339,0.797500729560852,-0.05739844962954521,0.4812335669994354,0.6825905442237854,-0.06862038373947144,0.42535778880119324,0.5963946580886841,-0.07857640087604523,0.5195121765136719,0.5872817635536194,-0.023822244256734848,0.44921180605888367,0.4641025960445404,-0.050616346299648285,0.4067714214324951,0.38584232330322266,-0.07465878129005432,0.3722279667854309,0.3121086359024048,-0.09400156885385513,0.5811097025871277,0.5288094282150269,-0.028888288885354996,0.5269226431846619,0.3705613613128662,-0.049283888190984726,0.49644768238067627,0.2746322751045227,-0.07225533574819565,0.47054556012153625,0.19208410382270813,-0.09104584902524948,0.6478344202041626,0.5135985612869263,-0.04123923182487488,0.6150210499763489,0.35333630442619324,-0.06840246915817261,0.5981021523475647,0.25520649552345276,-0.08933807164430618,0.579384446144104,0.16554942727088928,-0.10588890314102173,0.7177200317382812,0.5301574468612671,-0.057930219918489456,0.7138569951057434,0.406620591878891,-0.08564778417348862,0.7135912179946899,0.323305606842041,-0.09813666343688965,0.7096056938171387,0.24361202120780945,-0.10736774653196335
0.7263007760047913,0.8954463005065918,5.518766101886285e-07,0.6182864904403687,0.8925060033798218,-0.04225526377558708,0.525937020778656,0.797075092792511,-0.05705837160348892,0.48130863904953003,0.6826282143592834,-0.06838911026716232,0.42539048194885254,0.5965536236763,-0.07847245037555695,0.5197086334228516,0.5873952507972717,-0.02335597760975361,0.4495782256126404,0.4646673798561096,-0.050266340374946594,0.40718305110931396,0.38644230365753174,-0.07443301379680634,0.37295499444007874,0.31259241700172424,-0.09385701268911362,0.5812153816223145,0.5289842486381531,-0.028635935857892036,0.5269001722335815,0.3708491325378418,-0.049010101705789566,0.49613144993782043,0.27487897872924805,-0.0720139741897583,0.470049649477005,0.1924014389514923,-0.09086213260889053,0.6479641795158386,0.5136385560035706,-0.04121313989162445,0.6150038838386536,0.3534368872642517,-0.06816758960485458,0.5981016755104065,0.25524476170539856,-0.08895518630743027,0.5794236063957214,0.16559165716171265,-0.10546037554740906,0.718039870262146,0.5300840735435486,-0.05814024806022644,0.7140904664993286,0.40659546852111816,-0.08542598783969879,0.7136064171791077,0.3233177363872528,-0.09768258035182953,0.7093883156776428,0.2437724769115448,-0.10683687031269073
0.7260216474533081,0.894801914691925,5.482984306581784e-07,0.6188610196113586,0.8918198347091675,-0.04165308177471161,0.5264447331428528,0.7964808940887451,-0.05601872503757477,0.4819900691509247,0.6816927194595337,-0.06695600599050522,0.4257656931877136,0.5970236659049988,-0.07664322853088379,0.5187739133834839,0.587676465511322,-0.023119531571865082,0.44885528087615967,0.4646202623844147,-0.04937412217259407,0.4068763554096222,0.3860335946083069,-0.07294575870037079,0.3731669783592224,0.31216129660606384,-0.09196042269468307,0.5803313255310059,0.5292266011238098,-0.028394285589456558,0.5258136987686157,0.3711106777191162,-0.04829869791865349,0.49566149711608887,0.2749677896499634,-0.07066512107849121,0.4708058834075928,0.192448228597641,-0.08902817219495773,0.6475138664245605,0.5138828158378601,-0.04088065028190613,0.6142947673797607,0.3536272943019867,-0.06740546971559525,0.5977901816368103,0.25567036867141724,-0.08791530877351761,0.5799287557601929,0.16635408997535706,-0.10422419011592865,0.7181529998779297,0.5302157998085022,-0.057651348412036896,0.7139342427253723,0.4063168168067932,-0.0847020372748375,0.7131798267364502,0.32292887568473816,-0.09689420461654663,0.7088871598243713,0.24337172508239746,-0.10599517077207565
0.7252930998802185,0.8955345749855042,5.419254307525989e-07,0.6163405776023865,0.8921052813529968,-0.04038931056857109,0.523811936378479,0.7947368025779724,-0.0537882037460804,0.4795576333999634,0.6786321401596069,-0.06408815830945969,0.4234136641025543,0.5936200022697449,-0.07334966957569122,0.5184576511383057,0.5904125571250916,-0.021365050226449966,0.4493831396102905,0.4672207236289978,-0.047621894627809525,0.40780627727508545,0.38861656188964844,-0.07115840166807175,0.37426674365997314,0.31434565782546997,-0.0902099609375,0.5800593495368958,0.5317614078521729,-0.027454353868961334,0.5251089334487915,0.3728492856025696,-0.047975972294807434,0.49399900436401367,0.2762688398361206,-0.0713089257478714,0.4678192138671875,0.19253918528556824,-0.0902935266494751,0.6469453573226929,0.5163021683692932,-0.04060909152030945,0.6136754155158997,0.35610276460647583,-0.06792113929986954,0.5967029929161072,0.2577242851257324,-0.08925963938236237,0.5782373547554016,0.1680050790309906,-0.10604124516248703,0.7173838019371033,0.532252848148346,-0.057862069457769394,0.7129663228988647,0.40801700949668884,-0.08560124784708023,0.7123490571975708,0.3242189884185791,-0.0981430783867836,0.7082087397575378,0.2444940209388733,-0.10745912790298462
0.7248003482818604,0.8957322239875793,5.48520745269343e-07,0.6160931587219238,0.8927921056747437,-0.04118196293711662,0.5236009955406189,0.7960293292999268,-0.055007725954055786,0.4791024923324585,0.6801493763923645,-0.06553750485181808,0.42408299446105957,0.5936006903648376,-0.07480404525995255,0.518206000328064,0.590125322341919,-0.021894343197345734,0.4479769766330719,0.46701425313949585,-0.04814397916197777,0.40565359592437744,0.38837650418281555,-0.07158086448907852,0.3715379536151886,0.3144131004810333,-0.09047728776931763,0.5792900919914246,0.5314847826957703,-0.027471251785755157,0.5243688821792603,0.3727547824382782,-0.0476757250726223,0.4932420253753662,0.27628830075263977,-0.07043872028589249,0.46715956926345825,0.19342780113220215,-0.08897871524095535,0.6458306312561035,0.5158563852310181,-0.04024190455675125,0.6128799915313721,0.35509705543518066,-0.06731781363487244,0.5959224104881287,0.2567402720451355,-0.0881837010383606,0.5774122476577759,0.167231023311615,-0.10459388047456741,0.7158692479133606,0.5317783355712891,-0.0572163425385952,0.7118966579437256,0.4077923893928528,-0.0848357081413269,0.7113478183746338,0.32402604818344116,-0.09726322442293167,0.7071748375892639,0.24429020285606384,-0.10641256719827652
0.7243091464042664,0.8953417539596558,5.52366088868439e-07,0.6156786680221558,0.8928124904632568,-0.04146312549710274,0.5234143733978271,0.7969248294830322,-0.05551210790872574,0.4787517786026001,0.6812124252319336,-0.06615684926509857,0.4232514500617981,0.5946081876754761,-0.07551998645067215,0.5168992280960083,0.589775800704956,-0.022366054356098175,0.44659531116485596,0.46640488505363464,-0.048747364431619644,0.40440118312835693,0.38758164644241333,-0.07233285903930664,0.37039461731910706,0.3134861886501312,-0.09126168489456177,0.5780965685844421,0.5306839942932129,-0.027565794065594673,0.5234275460243225,0.3720124363899231,-0.047451261430978775,0.4926367998123169,0.27584296464920044,-0.06987669318914413,0.4669007658958435,0.19345945119857788,-0.08822008222341537,0.6446157097816467,0.5147409439086914,-0.03997557610273361,0.6117973327636719,0.354275107383728,-0.06641940027475357,0.5948189496994019,0.2563469111919403,-0.08683910220861435,0.5762919187545776,0.16728302836418152,-0.10304812341928482,0.7145078182220459,0.5305636525154114,-0.05667249485850334,0.7107640504837036,0.40689778327941895,-0.0836348831653595,0.7101244330406189,0.3238278329372406,-0.09572302550077438,0.7059037685394287,0.24469950795173645,-0.1046706959605217
0.7239722013473511,0.8957110643386841,5.52004678411322e-07,0.6149556040763855,0.8933599591255188,-0.042484100908041,0.5222444534301758,0.7978816628456116,-0.057126764208078384,0.4773178994655609,0.6816048622131348,-0.06824932247400284,0.42199355363845825,0.5936797261238098,-0.07809128612279892,0.516789972782135,0.5906787514686584,-0.023350218310952187,0.44693541526794434,0.4672256112098694,-0.05037632957100868,0.40429097414016724,0.38850730657577515,-0.07453471422195435,0.3697490394115448,0.31400245428085327,-0.09398823231458664,0.5778018236160278,0.5316157341003418,-0.028320953249931335,0.5232040286064148,0.37318623065948486,-0.048772357404232025,0.49231183528900146,0.2769165337085724,-0.07180873304605484,0.46633172035217285,0.19365659356117249,-0.09071294963359833,0.6443307995796204,0.5157387256622314,-0.04055985435843468,0.6112105846405029,0.35537612438201904,-0.06750372052192688,0.5948169827461243,0.25754180550575256,-0.08810287714004517,0.5768038034439087,0.16817858815193176,-0.10447312146425247,0.714499294757843,0.5313851833343506,-0.05718246102333069,0.710324227809906,0.4078308343887329,-0.08455026894807816,0.7098646759986877,0.3246932923793793,-0.09675650298595428,0.7059517502784729,0.24535730481147766,-0.10581954568624496
0.7233148813247681,0.8974527716636658,5.403560408012709e-07,0.6148746609687805,0.8957642316818237,-0.04168889299035072,0.5216087698936462,0.7982140779495239,-0.05532895773649216,0.47679436206817627,0.6812502145767212,-0.06556583940982819,0.42112332582473755,0.5942763686180115,-0.07453090697526932,0.5164510011672974,0.5907253623008728,-0.02166398987174034,0.44600704312324524,0.4680910110473633,-0.04774284362792969,0.4033030569553375,0.3897465765476227,-0.07132858783006668,0.3686775863170624,0.31578299403190613,-0.09050540626049042,0.5772358179092407,0.5316292643547058,-0.02692391537129879,0.5220933556556702,0.37363201379776,-0.04671730846166611,0.4908212423324585,0.2775053083896637,-0.06947378814220428,0.46456629037857056,0.19479289650917053,-0.08821483701467514,0.6435834169387817,0.5160293579101562,-0.0394706204533577,0.610421895980835,0.3556472659111023,-0.066022127866745,0.5933291912078857,0.2577371895313263,-0.08671461045742035,0.5746335387229919,0.16848120093345642,-0.1032424345612526,0.713467001914978,0.5323561429977417,-0.056352585554122925,0.7095244526863098,0.4089388847351074,-0.0835302546620369,0.7087597250938416,0.3257896602153778,-0.09588545560836792,0.7044527530670166,0.24634826183319092,-0.10515448451042175
0.7237337231636047,0.8978762626647949,5.47534511952108e-07,0.615408718585968,0.8964923024177551,-0.04229770600795746,0.5225582718849182,0.7998722791671753,-0.056362561881542206,0.47751331329345703,0.6832512617111206,-0.06688857078552246,0.4211982190608978,0.5959079265594482,-0.07609102129936218,0.5156536102294922,0.5905291438102722,-0.021837418898940086,0.44520652294158936,0.46805593371391296,-0.04764924943447113,0.40239840745925903,0.3898496627807617,-0.07116059958934784,0.36775052547454834,0.3158644735813141,-0.09031282365322113,0.5767614245414734,0.5313993692398071,-0.026802241802215576,0.5217448472976685,0.3730328381061554,-0.04619774594902992,0.49077922105789185,0.27679315209388733,-0.06883469223976135,0.464985728263855,0.1940464973449707,-0.08755087107419968,0.6434252858161926,0.5160433053970337,-0.039117589592933655,0.6102436184883118,0.35557425022125244,-0.06544982641935349,0.5934233069419861,0.25769907236099243,-0.0863499864935875,0.5750287175178528,0.16827043890953064,-0.10307247191667557,0.7134546637535095,0.5326421856880188,-0.05580064281821251,0.7094026207923889,0.4089713394641876,-0.08286110311746597,0.7089763283729553,0.3258760869503021,-0.0953354686498642,0.7049824595451355,0.2462727427482605,-0.10473073273897171
0.7234872579574585,0.8972959518432617,5.390608635025274e-07,0.61527019739151,0.8964290618896484,-0.0424736812710762,0.521700382232666,0.7998361587524414,-0.05674995854496956,0.4764198064804077,0.6831422448158264,-0.06746210902929306,0.42120689153671265,0.595217227935791,-0.07687930017709732,0.5153471231460571,0.5911406874656677,-0.02268928661942482,0.4457193613052368,0.46791326999664307,-0.048818618059158325,0.40310603380203247,0.3899085521697998,-0.072382353246212,0.3684200644493103,0.3163459897041321,-0.09160665422677994,0.5765806436538696,0.5319632887840271,-0.027693497017025948,0.5217267274856567,0.37352240085601807,-0.047697391360998154,0.49063578248023987,0.2775680124759674,-0.07062876224517822,0.4642704725265503,0.19463509321212769,-0.0895795151591301,0.643268883228302,0.5163417458534241,-0.04001416638493538,0.6099551320075989,0.3560623526573181,-0.06694038957357407,0.5933524370193481,0.2580874264240265,-0.0880161002278328,0.5749119520187378,0.16850852966308594,-0.1048469990491867,0.7133703231811523,0.5325089693069458,-0.05667795240879059,0.7092674374580383,0.4089086651802063,-0.0842139795422554,0.7090790271759033,0.32586294412612915,-0.0968790128827095,0.7051622271537781,0.2464102804660797,-0.10642648488283157
0.7237412929534912,0.8966943621635437,5.404289709076693e-07,0.6153298616409302,0.8965383768081665,-0.04256124049425125,0.5215514898300171,0.8007758259773254,-0.05694970116019249,0.4761994779109955,0.6843769550323486,-0.06771273910999298,0.420993834733963,0.5965781807899475,-0.07723155617713928,0.5152923464775085,0.5915179252624512,-0.023287836462259293,0.44558095932006836,0.46813303232192993,-0.04960428550839424,0.40306028723716736,0.3900189995765686,-0.07328668236732483,0.36837688088417053,0.3164686858654022,-0.09257088601589203,0.5766255259513855,0.5323231220245361,-0.02826898731291294,0.5216972827911377,0.3739003539085388,-0.04843130707740784,0.4906008243560791,0.2777968645095825,-0.07157722860574722,0.46410220861434937,0.19466915726661682,-0.09070340543985367,0.643234133720398,0.5165398716926575,-0.04052549600601196,0.6100123524665833,0.3565024137496948,-0.0676213726401329,0.5934811234474182,0.2581704258918762,-0.08890286833047867,0.5749721527099609,0.16815471649169922,-0.10586480796337128,0.7131582498550415,0.5323396921157837,-0.05709589645266533,0.7087048888206482,0.4087536036968231,-0.0847940668463707,0.7084238529205322,0.32579007744789124,-0.09754281491041183,0.7044216394424438,0.24634972214698792,-0.10713855922222137
0.724291205406189,0.8968218564987183,5.444862267722783e-07,0.6185562610626221,0.8950232863426208,-0.04098999500274658,0.5254168510437012,0.7992972135543823,-0.05465992912650108,0.48052284121513367,0.684988260269165,-0.06494168937206268,0.42540305852890015,0.600574791431427,-0.07415210455656052,0.5173834562301636,0.5900935530662537,-0.022838333621621132,0.44786733388900757,0.46859997510910034,-0.04846193641424179,0.4055081605911255,0.3907618522644043,-0.07159554958343506,0.37156426906585693,0.3177310824394226,-0.09052234888076782,0.5782793164253235,0.5309978723526001,-0.02857222780585289,0.5229629278182983,0.3718707263469696,-0.04808533936738968,0.49131709337234497,0.27488309144973755,-0.07032142579555511,0.46491244435310364,0.19241586327552795,-0.08873672783374786,0.6448923349380493,0.515635073184967,-0.0414501428604126,0.6120642423629761,0.3534781038761139,-0.06810584664344788,0.5942990779876709,0.25409823656082153,-0.08923246711492538,0.5747484564781189,0.16359081864356995,-0.10617458075284958,0.7151455283164978,0.5323731303215027,-0.05848020315170288,0.7121134996414185,0.4082443118095398,-0.08592462539672852,0.711665689945221,0.3247799873352051,-0.09863238036632538,0.7073946595191956,0.24478906393051147,-0.10831168293952942
0.724737286567688,0.8956356048583984,5.309702828526497e-07,0.617362916469574,0.89415043592453,-0.041592828929424286,0.5250495076179504,0.7970869541168213,-0.05542941018939018,0.48039209842681885,0.6811413168907166,-0.06592539697885513,0.4238990247249603,0.5960603952407837,-0.07531075179576874,0.5177949666976929,0.5880752801895142,-0.022025974467396736,0.4482661485671997,0.4659193754196167,-0.04830647259950638,0.4061144292354584,0.38799360394477844,-0.07217562198638916,0.37211790680885315,0.31436118483543396,-0.0915299579501152,0.5790032148361206,0.5293582677841187,-0.027362974360585213,0.5241390466690063,0.37176084518432617,-0.04738913103938103,0.49294513463974,0.2761632800102234,-0.07043837755918503,0.4665640890598297,0.19347214698791504,-0.08942919224500656,0.6457477807998657,0.5140588879585266,-0.039932072162628174,0.6127344369888306,0.35418713092803955,-0.06669172644615173,0.5964580774307251,0.2566806674003601,-0.08759584277868271,0.5784937739372253,0.16771435737609863,-0.10425302386283875,0.7159290909767151,0.5306652188301086,-0.056815531104803085,0.7119544148445129,0.40703073143959045,-0.08403488993644714,0.7117868661880493,0.3240526020526886,-0.09645931422710419,0.7079901695251465,0.24467867612838745,-0.10583522170782089
0.7247539162635803,0.8956716060638428,5.341314022189181e-07,0.6174443364143372,0.8937336206436157,-0.0410253182053566,0.525276243686676,0.7968242168426514,-0.05460405349731445,0.48081427812576294,0.6814723014831543,-0.064926877617836,0.42528700828552246,0.5961754322052002,-0.07405851781368256,0.51775723695755,0.5875630974769592,-0.02128959633409977,0.44782721996307373,0.46534454822540283,-0.04721955582499504,0.40556448698043823,0.3872416019439697,-0.0707780197262764,0.37150120735168457,0.3137214481830597,-0.08984599262475967,0.5792322158813477,0.5289826989173889,-0.02681085839867592,0.5241401791572571,0.3712950050830841,-0.046526920050382614,0.4928613007068634,0.2754001021385193,-0.06925980746746063,0.4666631817817688,0.19286379218101501,-0.08789946138858795,0.6462441682815552,0.5136412978172302,-0.039530593901872635,0.613176167011261,0.35392922163009644,-0.0659489631652832,0.5965063571929932,0.2564660310745239,-0.08654773235321045,0.5783383250236511,0.16773641109466553,-0.1029055193066597,0.7164847254753113,0.5302762985229492,-0.05652467533946037,0.7122770547866821,0.4069364070892334,-0.08341468870639801,0.7117707133293152,0.3240698575973511,-0.09551134705543518,0.707746148109436,0.24489173293113708,-0.10454439371824265
0.7249858379364014,0.8957160115242004,5.339566087059211e-07,0.6174201965332031,0.8933082818984985,-0.040869154036045074,0.5253867506980896,0.7961188554763794,-0.054429009556770325,0.4808822274208069,0.6804354190826416,-0.06474688649177551,0.42504802346229553,0.5952352285385132,-0.07386310398578644,0.5176644325256348,0.587799608707428,-0.021181335672736168,0.44802528619766235,0.465157687664032,-0.0470416322350502,0.405987024307251,0.38668954372406006,-0.07047879695892334,0.3721202611923218,0.31295427680015564,-0.0894700214266777,0.5789176821708679,0.5291928052902222,-0.026745451614260674,0.5238227844238281,0.37124574184417725,-0.04646773263812065,0.49278995394706726,0.27533140778541565,-0.0690632164478302,0.4669598340988159,0.1929072141647339,-0.08759032934904099,0.645870566368103,0.5138642191886902,-0.03949378430843353,0.6126435995101929,0.35387444496154785,-0.06587490439414978,0.5959417819976807,0.25617799162864685,-0.0865226536989212,0.577808141708374,0.16738739609718323,-0.10295018553733826,0.7163059711456299,0.5304287672042847,-0.05647964030504227,0.7122277021408081,0.406961590051651,-0.08333443105220795,0.7114269733428955,0.3240053951740265,-0.09551668912172318,0.7070310711860657,0.24488693475723267,-0.10464373975992203
0.7267886400222778,0.8952510356903076,5.400094664764765e-07,0.6192969083786011,0.8943458795547485,-0.04227050766348839,0.5262295007705688,0.7983542680740356,-0.0565464124083519,0.48124557733535767,0.6815658211708069,-0.06728315353393555,0.4252356290817261,0.5939122438430786,-0.07677168399095535,0.5185651779174805,0.5890883207321167,-0.02273865044116974,0.44901007413864136,0.46618348360061646,-0.048957839608192444,0.40659773349761963,0.38789573311805725,-0.0726403146982193,0.3722938001155853,0.31387826800346375,-0.0918850228190422,0.5798271894454956,0.5301364064216614,-0.027754414826631546,0.5243728160858154,0.37192466855049133,-0.04762617498636246,0.49324196577072144,0.27586880326271057,-0.07033166289329529,0.46732473373413086,0.19298049807548523,-0.0890970453619957,0.6467092633247375,0.5147066712379456,-0.0400555245578289,0.6130296587944031,0.3548819124698639,-0.0666346475481987,0.5965990424156189,0.2572311460971832,-0.08725766837596893,0.5786609649658203,0.16798391938209534,-0.10377592593431473,0.7169942855834961,0.5307854413986206,-0.056719690561294556,0.7121410965919495,0.40705007314682007,-0.08374802023172379,0.7118340134620667,0.32405388355255127,-0.09597956389188766,0.7080069780349731,0.2445908784866333,-0.1052374541759491
0.726762592792511,0.8961728811264038,5.42444468010217e-07,0.6189696788787842,0.8946129083633423,-0.042677998542785645,0.5261650085449219,0.7979797124862671,-0.057029154151678085,0.4809512495994568,0.681598424911499,-0.06778457015752792,0.42422622442245483,0.5948395729064941,-0.07724504917860031,0.5194730758666992,0.5888773798942566,-0.022598884999752045,0.4494442045688629,0.4663269519805908,-0.04894808679819107,0.4068033695220947,0.38840174674987793,-0.07278475165367126,0.37218374013900757,0.3148013651371002,-0.09207236021757126,0.5805363655090332,0.5299762487411499,-0.027471009641885757,0.5253478288650513,0.37192314863204956,-0.047233689576387405,0.4938984215259552,0.2760925889015198,-0.06991372257471085,0.4673662781715393,0.19364649057388306,-0.08864106237888336,0.6471459865570068,0.5144332647323608,-0.03972312808036804,0.6138758659362793,0.3548043966293335,-0.06612290441989899,0.5971588492393494,0.2569645941257477,-0.08655495941638947,0.5788398385047913,0.16751739382743835,-0.10294578224420547,0.7170912623405457,0.5306075215339661,-0.056421902030706406,0.7122140526771545,0.4075109362602234,-0.08326305449008942,0.7119991779327393,0.324852854013443,-0.09521357715129852,0.7083960175514221,0.2456606924533844,-0.10424536466598511
0.7269114255905151,0.8962323665618896,5.422944582278433e-07,0.6195842623710632,0.8951607942581177,-0.04271140694618225,0.526447594165802,0.7986676692962646,-0.0570109523832798,0.4812750816345215,0.6819669008255005,-0.06770161539316177,0.42486292123794556,0.5949782133102417,-0.07704683393239975,0.5193111300468445,0.5890078544616699,-0.022609347477555275,0.44889962673187256,0.4662476181983948,-0.04881252720952034,0.40624380111694336,0.3880864381790161,-0.07255049794912338,0.37176448106765747,0.3143218159675598,-0.09176994115114212,0.5805027484893799,0.5300012826919556,-0.02740325778722763,0.5251060724258423,0.3717527687549591,-0.04714195430278778,0.49367567896842957,0.27576905488967896,-0.06987273693084717,0.4673643112182617,0.19329309463500977,-0.08859702199697495,0.647258460521698,0.5145739316940308,-0.039557863026857376,0.6140790581703186,0.35468292236328125,-0.06603855639696121,0.597396969795227,0.25706323981285095,-0.08667947351932526,0.5791462659835815,0.16797131299972534,-0.10313257575035095,0.7173227071762085,0.5309105515480042,-0.05613142251968384,0.7127957344055176,0.40716296434402466,-0.08312778919935226,0.7124017477035522,0.3241228461265564,-0.095309317111969,0.708505392074585,0.24465897679328918,-0.10444604605436325
0.7265907526016235,0.8974982500076294,5.371650217966817e-07,0.6183860898017883,0.8953810334205627,-0.042133744806051254,0.525709867477417,0.7984521389007568,-0.05625155568122864,0.4808063805103302,0.6819468140602112,-0.06689497083425522,0.42576277256011963,0.5942468643188477,-0.07616490870714188,0.5188406109809875,0.5886405110359192,-0.021341636776924133,0.4489097595214844,0.4659219980239868,-0.04716034233570099,0.4064856171607971,0.38804155588150024,-0.07073131203651428,0.3720186650753021,0.3146143853664398,-0.0899314358830452,0.5802887678146362,0.5299967527389526,-0.026408886536955833,0.5251914262771606,0.3721920847892761,-0.046086203306913376,0.4939992129802704,0.2766566574573517,-0.06901787221431732,0.46768999099731445,0.19415730237960815,-0.08786322921514511,0.6473112106323242,0.5147945284843445,-0.03881043568253517,0.6141343712806702,0.3551945090293884,-0.06541024148464203,0.5974745154380798,0.25725439190864563,-0.0863570123910904,0.5790881514549255,0.167791485786438,-0.10301044583320618,0.7177178263664246,0.5314070582389832,-0.05554775521159172,0.7133394479751587,0.40783917903900146,-0.08271954953670502,0.7128980159759521,0.32470688223838806,-0.095052570104599,0.7088004946708679,0.24515405297279358,-0.10427343100309372
0.7280925512313843,0.8971736431121826,5.320166565070394e-07,0.621185302734375,0.8957608342170715,-0.041260018944740295,0.5281317234039307,0.7996501922607422,-0.055049747228622437,0.483656644821167,0.6845319867134094,-0.06555434316396713,0.42793744802474976,0.6005364060401917,-0.0748823806643486,0.5209900140762329,0.5894970297813416,-0.021759793162345886,0.4515037536621094,0.46666842699050903,-0.04729345813393593,0.4093971848487854,0.3885875344276428,-0.07050996273756027,0.37548571825027466,0.31545233726501465,-0.08943963795900345,0.5820609927177429,0.531121551990509,-0.027268806472420692,0.5270703434944153,0.372723788022995,-0.04667506366968155,0.49596384167671204,0.2768654227256775,-0.06912611424922943,0.4698712229728699,0.19505038857460022,-0.08769908547401428,0.6485500335693359,0.5161360502243042,-0.04000207409262657,0.6159397959709167,0.35590165853500366,-0.06617671996355057,0.5996683835983276,0.25809526443481445,-0.0869360938668251,0.5816650390625,0.1691814363002777,-0.10360154509544373,0.718468427658081,0.5327663421630859,-0.05700867250561714,0.7147799134254456,0.4093167781829834,-0.08375035226345062,0.7147403955459595,0.3264559805393219,-0.09600691497325897,0.7110168933868408,0.24713128805160522,-0.10537178069353104
0.7297346591949463,0.8969210386276245,5.355536814022344e-07,0.6228501200675964,0.895213782787323,-0.04103527590632439,0.5290062427520752,0.7995484471321106,-0.05466795340180397,0.4840790033340454,0.684374988079071,-0.0649697557091713,0.4292391538619995,0.5985388159751892,-0.07398001849651337,0.5205496549606323,0.5893318057060242,-0.022081924602389336,0.45099663734436035,0.4658825993537903,-0.048001792281866074,0.4090174436569214,0.3876674175262451,-0.07137960195541382,0.374958872795105,0.3145061731338501,-0.09027714282274246,0.5818862318992615,0.5308025479316711,-0.027558080852031708,0.5268775820732117,0.37274041771888733,-0.04734343662858009,0.4956960678100586,0.27681198716163635,-0.06979444622993469,0.4695361256599426,0.19475314021110535,-0.08811309933662415,0.6489493250846863,0.5156214833259583,-0.040177635848522186,0.6161445379257202,0.35592854022979736,-0.06655100733041763,0.5997116565704346,0.25844961404800415,-0.0868777334690094,0.5817875266075134,0.1698838174343109,-0.10297665745019913,0.7194263339042664,0.5322844982147217,-0.057061273604631424,0.7153365612030029,0.4088471531867981,-0.08402583003044128,0.7148706316947937,0.3260791599750519,-0.09593985229730606,0.7110981941223145,0.24710270762443542,-0.104720339179039
0.7260163426399231,0.8962714672088623,5.475886837302824e-07,0.6171708703041077,0.8924745321273804,-0.040498051792383194,0.52495276927948,0.7956069707870483,-0.0538816936314106,0.48048466444015503,0.6798692941665649,-0.06405371427536011,0.4252661466598511,0.5928851366043091,-0.07291732728481293,0.5188243389129639,0.5884913802146912,-0.02055179886519909,0.4486132860183716,0.4653227627277374,-0.04621262475848198,0.40657955408096313,0.3874419331550598,-0.06920062005519867,0.3728785812854767,0.31433504819869995,-0.0876702293753624,0.5804435014724731,0.5303103923797607,-0.026146933436393738,0.5252504348754883,0.37203916907310486,-0.04548460617661476,0.4943500757217407,0.27594295144081116,-0.06756649166345596,0.4689531922340393,0.1934565305709839,-0.08567303419113159,0.6473706364631653,0.5150805115699768,-0.03898293524980545,0.6149309873580933,0.3554137349128723,-0.06506209075450897,0.5983434319496155,0.25768986344337463,-0.08521593362092972,0.5804863572120667,0.1684659719467163,-0.10120011866092682,0.7176117897033691,0.5311470031738281,-0.0560496561229229,0.7137272953987122,0.4069560766220093,-0.08256055414676666,0.7132852077484131,0.32356032729148865,-0.09431517124176025,0.7093547582626343,0.2437598705291748,-0.10304700583219528
0.7256140112876892,0.8967279195785522,5.460345846586279e-07,0.616712212562561,0.8938434720039368,-0.04106498882174492,0.524473249912262,0.7961770296096802,-0.05451655760407448,0.48072052001953125,0.6787716746330261,-0.06465502083301544,0.42532381415367126,0.5925154685974121,-0.0735897570848465,0.5182085633277893,0.5903713703155518,-0.021781956776976585,0.44813600182533264,0.4661944508552551,-0.047883689403533936,0.40601032972335815,0.38709622621536255,-0.0711817592382431,0.37214764952659607,0.31266504526138306,-0.08999138325452805,0.5797410607337952,0.5315676927566528,-0.027234956622123718,0.5245495438575745,0.3727114200592041,-0.0471455380320549,0.49372899532318115,0.2760891914367676,-0.06974862515926361,0.468380331993103,0.19303584098815918,-0.08828367292881012,0.6466032266616821,0.5158792734146118,-0.03987886384129524,0.6136444211006165,0.355621874332428,-0.06656812131404877,0.5968867540359497,0.2572854459285736,-0.08741416782140732,0.578873872756958,0.16772949695587158,-0.10394269973039627,0.7168914675712585,0.531539797782898,-0.05675283819437027,0.7130135893821716,0.4073021411895752,-0.0840885117650032,0.7126941084861755,0.3238474130630493,-0.09653058648109436,0.7088762521743774,0.24428167939186096,-0.10577777028083801
0.7237448692321777,0.8988717794418335,5.47720333088364e-07,0.614372730255127,0.8953726291656494,-0.04087351635098457,0.5229946374893188,0.7969985008239746,-0.054344359785318375,0.4799731373786926,0.6794741153717041,-0.06463884562253952,0.4243294894695282,0.5931026935577393,-0.07387302815914154,0.518266499042511,0.5919612050056458,-0.02153155207633972,0.44821786880493164,0.4677535891532898,-0.04781622067093849,0.40608417987823486,0.3887631297111511,-0.07136871665716171,0.3724267780780792,0.31402796506881714,-0.09043901413679123,0.579613447189331,0.5335317254066467,-0.02738078124821186,0.5240416526794434,0.3740270137786865,-0.0477452278137207,0.4928198754787445,0.2767103314399719,-0.0711798444390297,0.46711012721061707,0.19270199537277222,-0.09038963168859482,0.6461188793182373,0.5182147026062012,-0.040403854101896286,0.6133366227149963,0.35700923204421997,-0.06767898052930832,0.5968198776245117,0.25774869322776794,-0.08946341276168823,0.5789617300033569,0.16732272505760193,-0.10669001191854477,0.7161163091659546,0.5341256260871887,-0.05758853256702423,0.7125520706176758,0.40951746702194214,-0.085375115275383,0.7122877836227417,0.3258015215396881,-0.09837161749601364,0.7084038853645325,0.245953768491745,-0.10813205689191818
0.7311514616012573,0.9005445241928101,5.343585485206859e-07,0.6238057017326355,0.8953154683113098,-0.041038721799850464,0.5314350128173828,0.7974067330360413,-0.05466251075267792,0.4867071211338043,0.68122798204422,-0.06484099477529526,0.431240975856781,0.5953147411346436,-0.07377330213785172,0.5226576328277588,0.5909539461135864,-0.022275613620877266,0.4529721140861511,0.4673583507537842,-0.04788168519735336,0.41065073013305664,0.3887893557548523,-0.07087893038988113,0.3766685724258423,0.3153481185436249,-0.08964166045188904,0.5847546458244324,0.5324796438217163,-0.027809515595436096,0.529939591884613,0.3725963234901428,-0.04729139059782028,0.4982674717903137,0.2756613790988922,-0.06965290755033493,0.4715844988822937,0.19368338584899902,-0.08800414204597473,0.6520978808403015,0.5181507468223572,-0.04047991707921028,0.6198106408119202,0.3561457097530365,-0.0670791044831276,0.6019015908241272,0.2566719949245453,-0.08821742981672287,0.5821962952613831,0.16612493991851807,-0.10499840974807739,0.7231640815734863,0.5356116890907288,-0.057261958718299866,0.7203240990638733,0.41044390201568604,-0.08464369922876358,0.719072699546814,0.3264230489730835,-0.09725852310657501,0.7138586044311523,0.24603861570358276,-0.10669681429862976
0.7338554859161377,0.8960957527160645,5.348686045181239e-07,0.6245279312133789,0.8899980783462524,-0.03921329230070114,0.5318304896354675,0.7919621467590332,-0.05191159248352051,0.48709461092948914,0.6766420602798462,-0.0618341900408268,0.4330543279647827,0.5921475291252136,-0.07048668712377548,0.5254846215248108,0.5861337780952454,-0.01855960488319397,0.45548224449157715,0.4629698097705841,-0.044077035039663315,0.4137178659439087,0.38470757007598877,-0.06726979464292526,0.3801785111427307,0.3114585876464844,-0.08594375103712082,0.5870378017425537,0.5283315777778625,-0.024796104058623314,0.5329105854034424,0.3705814778804779,-0.044290244579315186,0.5018599033355713,0.2746196389198303,-0.06671588122844696,0.4757673144340515,0.19246789813041687,-0.08495578169822693,0.6538363695144653,0.5133824348449707,-0.03821258619427681,0.6220999360084534,0.35322582721710205,-0.06451297551393509,0.6057119965553284,0.2549471855163574,-0.08472125977277756,0.5877377390861511,0.165849506855011,-0.1006312370300293,0.7242204546928406,0.5301390886306763,-0.05577019229531288,0.7212269306182861,0.4069752097129822,-0.08256107568740845,0.7206753492355347,0.32382407784461975,-0.09417971223592758,0.7167563438415527,0.24470332264900208,-0.10271460562944412
0.735025942325592,0.8923588991165161,5.510153187060496e-07,0.6279075145721436,0.8862590789794922,-0.04111216589808464,0.5354543924331665,0.788982629776001,-0.05535878241062164,0.49077776074409485,0.6735813021659851,-0.06636515259742737,0.4351099133491516,0.5873404741287231,-0.0758833959698677,0.5279889702796936,0.5819810032844543,-0.020908178761601448,0.45774930715560913,0.459555447101593,-0.047033995389938354,0.41605544090270996,0.3819699287414551,-0.07051499933004379,0.382719486951828,0.30887678265571594,-0.08944613486528397,0.5895513892173767,0.5243296027183533,-0.02663838118314743,0.535477876663208,0.366008460521698,-0.04634343087673187,0.5045050382614136,0.27000892162323,-0.068788081407547,0.47827690839767456,0.18828070163726807,-0.0872092917561531,0.6563199162483215,0.51041579246521,-0.03969680890440941,0.6253824830055237,0.3501989543437958,-0.06621446460485458,0.6087888479232788,0.25094714760780334,-0.08645057678222656,0.5900192856788635,0.16044408082962036,-0.10261569172143936,0.726854681968689,0.5285089015960693,-0.05700632557272911,0.7241351008415222,0.40518859028816223,-0.0839153453707695,0.7235414385795593,0.32235264778137207,-0.09554430097341537,0.718661904335022,0.24324941635131836,-0.10429468750953674
0.7455378174781799,0.891516923904419,5.523738764168229e-07,0.6403543949127197,0.8812099695205688,-0.04123710095882416,0.5496734976768494,0.7835534811019897,-0.05515507236123085,0.5082592368125916,0.667105495929718,-0.06563548743724823,0.45505744218826294,0.579879105091095,-0.07475519180297852,0.5410074591636658,0.5769333243370056,-0.022045359015464783,0.47322726249694824,0.45392972230911255,-0.047861404716968536,0.4317833185195923,0.37608593702316284,-0.07069695740938187,0.39983928203582764,0.30375930666923523,-0.08904910087585449,0.6030460000038147,0.5211765170097351,-0.02736569009721279,0.5507363080978394,0.35997748374938965,-0.04676877707242966,0.5195377469062805,0.26231053471565247,-0.06847266852855682,0.4935075044631958,0.18149393796920776,-0.08630276471376419,0.6694384813308716,0.50844806432724,-0.040048979222774506,0.6414499282836914,0.3471527397632599,-0.06660105288028717,0.6243143081665039,0.24997201561927795,-0.08671887964010239,0.6049479246139526,0.1626887321472168,-0.1026686355471611,0.7391852736473083,0.5263671875,-0.05695997178554535,0.7400911450386047,0.4004742503166199,-0.08390897512435913,0.7417132258415222,0.3164379894733429,-0.09584762156009674,0.7390264272689819,0.2368413805961609,-0.10479682683944702
0.7460085153579712,0.8896993398666382,5.270062501949724e-07,0.6359266638755798,0.8770285844802856,-0.03761322796344757,0.5464739203453064,0.7758116126060486,-0.05094341188669205,0.5066484808921814,0.6586185693740845,-0.062006931751966476,0.4520997405052185,0.5740368962287903,-0.07175687700510025,0.5450745820999146,0.5690333843231201,-0.016246743500232697,0.47673025727272034,0.4467436373233795,-0.04215217009186745,0.43680551648139954,0.3698904514312744,-0.06585816293954849,0.4054192304611206,0.2980377674102783,-0.08470609784126282,0.6070181727409363,0.515580952167511,-0.02377762831747532,0.5549068450927734,0.35777345299720764,-0.04401081055402756,0.5252074599266052,0.26212915778160095,-0.06760857254266739,0.5002233982086182,0.1800689399242401,-0.0865931361913681,0.6734353303909302,0.503944993019104,-0.03842359408736229,0.6444071531295776,0.344674289226532,-0.06526391208171844,0.6297429203987122,0.24639931321144104,-0.08589386940002441,0.6133509278297424,0.15738660097122192,-0.10197637230157852,0.7440346479415894,0.5228265523910522,-0.05704352259635925,0.7435657978057861,0.39847785234451294,-0.08350862562656403,0.7441996335983276,0.3152075409889221,-0.09490128606557846,0.7405173182487488,0.23641842603683472,-0.10334222763776779
0.7499383687973022,0.8904243111610413,5.27146482909302e-07,0.6402772665023804,0.8795061111450195,-0.04007882624864578,0.5498191118240356,0.7805532217025757,-0.05487288534641266,0.5109323859214783,0.6617733240127563,-0.06688506156206131,0.45768630504608154,0.5713022947311401,-0.07736803591251373,0.5501937866210938,0.5698020458221436,-0.018841419368982315,0.4817277193069458,0.4465731978416443,-0.045370250940322876,0.4417704939842224,0.3680382966995239,-0.06944756954908371,0.41081100702285767,0.29473331570625305,-0.08863136172294617,0.6121701598167419,0.5161187648773193,-0.025414692237973213,0.5594632029533386,0.3576759994029999,-0.04577735438942909,0.5299429893493652,0.26156261563301086,-0.06921446323394775,0.5056363344192505,0.17931538820266724,-0.08820126205682755,0.6786172389984131,0.504647433757782,-0.03930951654911041,0.6488823294639587,0.34474650025367737,-0.06593146175146103,0.6343356370925903,0.2463860809803009,-0.08610368520021439,0.6182397603988647,0.15668225288391113,-0.1021062433719635,0.7494672536849976,0.5233886241912842,-0.05744101479649544,0.748062014579773,0.40033501386642456,-0.08361918479204178,0.7487797737121582,0.31744885444641113,-0.09484314918518066,0.7454575300216675,0.23845091462135315,-0.1033167690038681
0.754936158657074,0.8944985270500183,5.312924145073339e-07,0.6452715396881104,0.8789883852005005,-0.03894359618425369,0.5556927919387817,0.7764649391174316,-0.051823485642671585,0.5169021487236023,0.6575559377670288,-0.062057238072156906,0.4638056755065918,0.5677974224090576,-0.07089000940322876,0.5585059523582458,0.5702564120292664,-0.0161149762570858,0.491546630859375,0.44799306988716125,-0.04101472720503807,0.4524933695793152,0.3702526092529297,-0.06367484480142593,0.4228106737136841,0.29795023798942566,-0.08191172033548355,0.6215685606002808,0.5163946151733398,-0.022762926295399666,0.5711243152618408,0.35534751415252686,-0.042063694447278976,0.5417652130126953,0.2573069930076599,-0.06440801173448563,0.5174717903137207,0.17483243346214294,-0.08239273726940155,0.687873363494873,0.5061851143836975,-0.036819182336330414,0.662198543548584,0.34430694580078125,-0.06344666332006454,0.6474412679672241,0.24538400769233704,-0.08358171582221985,0.6309970021247864,0.15572687983512878,-0.09926670789718628,0.757756233215332,0.5273972749710083,-0.05496760830283165,0.7605261206626892,0.4023568630218506,-0.08157113194465637,0.7636585235595703,0.3186083436012268,-0.0927542895078659,0.7625863552093506,0.23926791548728943,-0.10100537538528442
0.7538487911224365,0.8887461423873901,5.114533792038856e-07,0.6435978412628174,0.8714948296546936,-0.037451498210430145,0.5550100803375244,0.7697353363037109,-0.050569772720336914,0.5154033899307251,0.6518609523773193,-0.06151171028614044,0.4656778573989868,0.5606194734573364,-0.07104474306106567,0.5591573715209961,0.565448522567749,-0.014436331577599049,0.49403268098831177,0.44244715571403503,-0.03988420218229294,0.45609110593795776,0.36390092968940735,-0.06327017396688461,0.42720553278923035,0.29084542393684387,-0.0818023681640625,0.6222884654998779,0.5125373005867004,-0.021409232169389725,0.5730937123298645,0.3538629412651062,-0.04113980010151863,0.5452172756195068,0.2581009864807129,-0.0638270452618599,0.5222063660621643,0.17550915479660034,-0.08201873302459717,0.6889258623123169,0.5013076066970825,-0.035588689148426056,0.6615316867828369,0.3423212170600891,-0.0616503469645977,0.6474827527999878,0.245712012052536,-0.08103075623512268,0.6321353316307068,0.15782317519187927,-0.09616416692733765,0.7591328024864197,0.5206296443939209,-0.053796641528606415,0.7597331404685974,0.3982312083244324,-0.0794549211859703,0.7617529034614563,0.31544724106788635,-0.0899348184466362,0.7598701119422913,0.2369682490825653,-0.09754979610443115
0.7517361044883728,0.8698856234550476,5.158981366548687e-07,0.6434125900268555,0.851314127445221,-0.03705981746315956,0.5547115802764893,0.7526925206184387,-0.05126053839921951,0.5128921866416931,0.6388862133026123,-0.06314045935869217,0.46368634700775146,0.5501516461372375,-0.07340437173843384,0.5565604567527771,0.5533749461174011,-0.017280058935284615,0.491813063621521,0.4320681691169739,-0.04386288672685623,0.4541310966014862,0.35483527183532715,-0.06751763820648193,0.4253324270248413,0.28218188881874084,-0.08602918684482574,0.6192504167556763,0.5002204179763794,-0.024461494758725166,0.5690325498580933,0.3436063230037689,-0.045185089111328125,0.5399208664894104,0.2495616376399994,-0.06742925941944122,0.5152062177658081,0.16794341802597046,-0.0851031169295311,0.6857279539108276,0.4880128800868988,-0.03864914923906326,0.6585516929626465,0.3304053544998169,-0.06551261991262436,0.6430902481079102,0.2335560917854309,-0.08471190184354782,0.6262926459312439,0.14540934562683105,-0.09941372275352478,0.7554129362106323,0.5069675445556641,-0.05672607198357582,0.7559670209884644,0.38371574878692627,-0.08272404968738556,0.7572147846221924,0.2999975085258484,-0.09332653135061264,0.7536077499389648,0.2209896743297577,-0.1009039655327797
0.7550210356712341,0.8657887578010559,5.339359177014558e-07,0.6465829610824585,0.8498523235321045,-0.04106520488858223,0.5567339658737183,0.7529826164245605,-0.056931521743535995,0.5139517784118652,0.6370737552642822,-0.06965175271034241,0.4637429118156433,0.5433043837547302,-0.08032900840044022,0.5578547716140747,0.548431932926178,-0.018486181274056435,0.4914238452911377,0.4261789917945862,-0.04534871131181717,0.45235008001327515,0.34893476963043213,-0.06940186768770218,0.4224599301815033,0.27591848373413086,-0.08833643794059753,0.6198157668113708,0.49434077739715576,-0.02387479692697525,0.5669867992401123,0.3391302824020386,-0.044638123363256454,0.5366119146347046,0.24460303783416748,-0.06739587336778641,0.5114896297454834,0.16256865859031677,-0.08550165593624115,0.6863724589347839,0.4820559322834015,-0.03671334683895111,0.6569228768348694,0.32557952404022217,-0.06371235102415085,0.6404990553855896,0.22965097427368164,-0.0832255482673645,0.6228887438774109,0.14164307713508606,-0.09826098382472992,0.7567944526672363,0.5005757212638855,-0.053801532834768295,0.755412757396698,0.37895917892456055,-0.08006829023361206,0.7557847499847412,0.29662153124809265,-0.09100627899169922,0.7518545985221863,0.2181691825389862,-0.0988318994641304
0.7559506297111511,0.8641090393066406,5.182495215194649e-07,0.646093487739563,0.8472340106964111,-0.04021681472659111,0.5563586950302124,0.7479509115219116,-0.055077116936445236,0.5133695602416992,0.6312749981880188,-0.06718365848064423,0.4615241289138794,0.5392172336578369,-0.07745726406574249,0.5593749284744263,0.5443841218948364,-0.016557279974222183,0.49239039421081543,0.42278990149497986,-0.043539125472307205,0.4522473216056824,0.34599119424819946,-0.06807751953601837,0.42104366421699524,0.2728438973426819,-0.08751243352890015,0.6206056475639343,0.4908392131328583,-0.02257421240210533,0.5666568875312805,0.3363153040409088,-0.043598663061857224,0.5349360704421997,0.24199604988098145,-0.06705468893051147,0.5083194971084595,0.1593194603919983,-0.08576811850070953,0.6867002844810486,0.4787026643753052,-0.03608589991927147,0.6561843156814575,0.321822851896286,-0.0633808970451355,0.6394212245941162,0.2254314422607422,-0.08326654881238937,0.6216027140617371,0.13718387484550476,-0.09860578179359436,0.7569607496261597,0.4975244104862213,-0.05388324707746506,0.7552191019058228,0.3760322332382202,-0.08031455427408218,0.7552798986434937,0.29374971985816956,-0.09138336777687073,0.751346230506897,0.2155073583126068,-0.09939964860677719
0.7621568441390991,0.855452299118042,5.008433845432592e-07,0.6539176106452942,0.8390202522277832,-0.037830714136362076,0.5632444620132446,0.7399700880050659,-0.051194462925195694,0.5195476412773132,0.6233611106872559,-0.06211946904659271,0.4695308208465576,0.5320795774459839,-0.07121800631284714,0.5641536712646484,0.5388311147689819,-0.014464703388512135,0.4978281557559967,0.4166753590106964,-0.039899542927742004,0.45853742957115173,0.3406432271003723,-0.0631815567612648,0.4277120530605316,0.2691272795200348,-0.08163956552743912,0.6253732442855835,0.4851922392845154,-0.02093476429581642,0.5715214014053345,0.3282201290130615,-0.0406046137213707,0.5394002795219421,0.23397600650787354,-0.0629897192120552,0.5119644403457642,0.15227913856506348,-0.08081530034542084,0.69144207239151,0.4723350703716278,-0.03456040471792221,0.6614357233047485,0.31315916776657104,-0.06070683151483536,0.6445711851119995,0.2159964144229889,-0.0797642394900322,0.6266858577728271,0.12793195247650146,-0.09445706009864807,0.7619078755378723,0.49019676446914673,-0.05220569297671318,0.7603364586830139,0.36783355474472046,-0.07753324508666992,0.7604469060897827,0.2848041355609894,-0.087650366127491,0.7567039728164673,0.20592796802520752,-0.09494225680828094
0.7663252949714661,0.8583879470825195,5.026920462114504e-07,0.6552049517631531,0.8420950174331665,-0.04054593667387962,0.5645173788070679,0.7415050864219666,-0.05566103383898735,0.5218178033828735,0.6234729886054993,-0.06814170628786087,0.4712457060813904,0.5302614569664001,-0.0788799300789833,0.5696629285812378,0.5382644534111023,-0.017053192481398582,0.5022708773612976,0.4160977900028229,-0.04519089683890343,0.4621555507183075,0.3386382460594177,-0.07063780725002289,0.43113642930984497,0.2651866376399994,-0.09070909023284912,0.6310358643531799,0.48466387391090393,-0.02353043109178543,0.5754810571670532,0.3291603922843933,-0.045838724821805954,0.5427261590957642,0.2338530719280243,-0.07048360258340836,0.5155421495437622,0.1504208743572235,-0.08997609466314316,0.6972342729568481,0.4723517596721649,-0.03749118372797966,0.6649110317230225,0.31481191515922546,-0.06568620353937149,0.6483300924301147,0.21841388940811157,-0.08530405908823013,0.6307922601699829,0.13030073046684265,-0.1003803163766861,0.7684639692306519,0.4904347360134125,-0.05579281970858574,0.7649650573730469,0.3686872124671936,-0.08251623064279556,0.7641801238059998,0.286426305770874,-0.09300622344017029,0.7594690322875977,0.20815154910087585,-0.10059437900781631
0.7685045003890991,0.8594423532485962,4.924112317894469e-07,0.6581432819366455,0.8436405658721924,-0.04065496847033501,0.5665709972381592,0.7433480620384216,-0.055732764303684235,0.5239678621292114,0.6257895231246948,-0.06800912320613861,0.4751303791999817,0.5315927863121033,-0.07850050181150436,0.5713117718696594,0.5379932522773743,-0.017533550038933754,0.5042750835418701,0.4156992733478546,-0.04484139382839203,0.46369117498397827,0.33853739500045776,-0.06968805193901062,0.43184489011764526,0.2655956745147705,-0.08949849754571915,0.6333478093147278,0.48438113927841187,-0.023724142462015152,0.5775727033615112,0.3295745551586151,-0.045717719942331314,0.5444644093513489,0.2343718409538269,-0.07018768787384033,0.5166420936584473,0.15075206756591797,-0.08962538093328476,0.6999465227127075,0.472586065530777,-0.037348534911870956,0.6689396500587463,0.31502053141593933,-0.06548716127872467,0.6515582799911499,0.21753203868865967,-0.08604411035776138,0.6327121257781982,0.12819841504096985,-0.10191693902015686,0.7711278200149536,0.49168723821640015,-0.055217400193214417,0.7687684297561646,0.3699093163013458,-0.08223525434732437,0.7681030035018921,0.2870188355445862,-0.09361904859542847,0.7631860971450806,0.20772746205329895,-0.10195866972208023
0.7765747904777527,0.8603627681732178,4.946368221681041e-07,0.6690178513526917,0.8417697548866272,-0.040766630321741104,0.580279529094696,0.7411172389984131,-0.05542076751589775,0.537363588809967,0.6230950355529785,-0.06721945852041245,0.4850199818611145,0.5301418900489807,-0.07735197991132736,0.582307755947113,0.5390081405639648,-0.01758415997028351,0.5158835649490356,0.41573643684387207,-0.04387913644313812,0.4761050045490265,0.33832335472106934,-0.06805013120174408,0.4454345703125,0.26522114872932434,-0.08754123747348785,0.6436534523963928,0.4862285554409027,-0.02349703200161457,0.5897212028503418,0.32812565565109253,-0.04400074481964111,0.5572497844696045,0.2328353226184845,-0.06779806315898895,0.5292551517486572,0.15089580416679382,-0.08702535182237625,0.7094554305076599,0.4752717912197113,-0.036764178425073624,0.6805009245872498,0.3149242401123047,-0.06384093314409256,0.6646947264671326,0.21667805314064026,-0.08395131677389145,0.6468181610107422,0.12708789110183716,-0.09974373131990433,0.7800266742706299,0.495352566242218,-0.05425511673092842,0.7794491052627563,0.3719806671142578,-0.08047838509082794,0.780299723148346,0.2892216444015503,-0.09117993712425232,0.7766298055648804,0.21060463786125183,-0.0992332473397255
0.7774683833122253,0.8594602346420288,5.190079264139058e-07,0.6685562133789062,0.8405577540397644,-0.04268450662493706,0.5802979469299316,0.7402567863464355,-0.0589909628033638,0.5381263494491577,0.6229372620582581,-0.07233919203281403,0.48884397745132446,0.5279991626739502,-0.08377914130687714,0.5860241651535034,0.5358977317810059,-0.018015284091234207,0.5194904208183289,0.41294097900390625,-0.046034205704927444,0.47900038957595825,0.3352470397949219,-0.07137833535671234,0.4473304748535156,0.26134192943573,-0.09138329327106476,0.6475112438201904,0.48369327187538147,-0.02339102514088154,0.5938320755958557,0.3269187808036804,-0.045344457030296326,0.5616586208343506,0.23177233338356018,-0.06992363929748535,0.5343098640441895,0.14820510149002075,-0.08947523683309555,0.7131028771400452,0.4725169539451599,-0.03646690770983696,0.6826066374778748,0.31476718187332153,-0.0642261654138565,0.6654837727546692,0.218094140291214,-0.08447270095348358,0.6469188928604126,0.12923458218574524,-0.10015270113945007,0.7830600738525391,0.4917544424533844,-0.05410141497850418,0.7811698913574219,0.37040236592292786,-0.08043411374092102,0.7816019058227539,0.2878069281578064,-0.09149850159883499,0.7778447866439819,0.20905858278274536,-0.09969401359558105
0.7776583433151245,0.8566771149635315,5.092963419883745e-07,0.669352650642395,0.8401843309402466,-0.04294845089316368,0.5804234743118286,0.739901065826416,-0.05877682939171791,0.5385301113128662,0.6214476823806763,-0.07151968032121658,0.48898589611053467,0.5261978507041931,-0.08226467669010162,0.5863205790519714,0.5355458855628967,-0.01831366866827011,0.5190914869308472,0.41325709223747253,-0.045717719942331314,0.47829920053482056,0.3355417847633362,-0.07052338123321533,0.44694191217422485,0.2608526349067688,-0.09016825258731842,0.6472791433334351,0.48256927728652954,-0.023104170337319374,0.5933517813682556,0.3261135220527649,-0.04433827847242355,0.560962438583374,0.2308635115623474,-0.06803569197654724,0.533991277217865,0.14660224318504333,-0.08694121986627579,0.7125964760780334,0.47123953700065613,-0.03559177741408348,0.6828563809394836,0.31469306349754333,-0.06272676587104797,0.6660600304603577,0.21880248188972473,-0.08268056809902191,0.6480860114097595,0.12999403476715088,-0.0981447845697403,0.7824144959449768,0.4903639554977417,-0.05270902067422867,0.7815012335777283,0.3692808151245117,-0.07865069061517715,0.781940221786499,0.28743088245391846,-0.08971379697322845,0.778052031993866,0.20887398719787598,-0.09791745245456696
0.7794148921966553,0.8566531538963318,5.205918682804622e-07,0.6704311370849609,0.8401938080787659,-0.04303445667028427,0.5812580585479736,0.7401544451713562,-0.05885377153754234,0.5393011569976807,0.6212413311004639,-0.07154811173677444,0.49034497141838074,0.5254069566726685,-0.08221268653869629,0.5861778259277344,0.5361913442611694,-0.017865780740976334,0.5193451642990112,0.41357889771461487,-0.04500245675444603,0.4788867235183716,0.33539891242980957,-0.06956122815608978,0.4476136565208435,0.26060953736305237,-0.08909250050783157,0.6472631692886353,0.48285531997680664,-0.022586887702345848,0.5935760736465454,0.3262889087200165,-0.04390520602464676,0.5613343715667725,0.23066988587379456,-0.06770768016576767,0.5344316959381104,0.14648869633674622,-0.08663184195756912,0.7126461267471313,0.471343994140625,-0.035025376826524734,0.6830572485923767,0.31466183066368103,-0.06245396286249161,0.6660847067832947,0.218393474817276,-0.08272387832403183,0.647869884967804,0.1293797492980957,-0.09836310893297195,0.7823934555053711,0.49012628197669983,-0.05203977972269058,0.7816752791404724,0.36891454458236694,-0.07834295928478241,0.7822715640068054,0.2867993712425232,-0.08968296647071838,0.7784857749938965,0.20800888538360596,-0.09804030507802963
0.7800112366676331,0.8571802377700806,5.200290615903214e-07,0.6709377765655518,0.8407783508300781,-0.0429421029984951,0.581849992275238,0.7404021620750427,-0.05853307247161865,0.5397692322731018,0.6220455169677734,-0.0710516944527626,0.4911297559738159,0.5264686942100525,-0.08157695084810257,0.5864694714546204,0.5360832810401917,-0.01710525155067444,0.5195375084877014,0.41437798738479614,-0.044185396283864975,0.47935977578163147,0.3362789750099182,-0.06878019124269485,0.4485461115837097,0.2619290053844452,-0.08832867443561554,0.6475179195404053,0.4828329086303711,-0.02198200672864914,0.5940202474594116,0.3268701434135437,-0.043275490403175354,0.5621117949485779,0.23173195123672485,-0.0671745240688324,0.535686731338501,0.14820289611816406,-0.08612456917762756,0.7130216956138611,0.4713651239871979,-0.03465283662080765,0.6829797625541687,0.3146964907646179,-0.06223871931433678,0.6658293008804321,0.21850723028182983,-0.08266087621450424,0.6476638317108154,0.12949305772781372,-0.09840244799852371,0.7829281091690063,0.4906032979488373,-0.05188360810279846,0.7817767858505249,0.3703843355178833,-0.07856260240077972,0.7826529145240784,0.28863638639450073,-0.09003087878227234,0.7794845700263977,0.20999890565872192,-0.09841977804899216
0.7795130610466003,0.8583295345306396,5.097418238619866e-07,0.6707676649093628,0.8404130935668945,-0.041738174855709076,0.5822197198867798,0.7388780117034912,-0.05703067034482956,0.5408805012702942,0.6207669973373413,-0.06945715099573135,0.49236786365509033,0.5263127088546753,-0.0800420492887497,0.5873061418533325,0.5350341200828552,-0.016917286440730095,0.5207659602165222,0.41370028257369995,-0.04416174069046974,0.48048824071884155,0.33619996905326843,-0.06891963630914688,0.4493643641471863,0.26254361867904663,-0.08861187100410461,0.6483740210533142,0.48255765438079834,-0.02248048596084118,0.5948309898376465,0.32678502798080444,-0.04397564008831978,0.562938928604126,0.23198875784873962,-0.06793323159217834,0.5363308191299438,0.14873003959655762,-0.08695157617330551,0.7138454914093018,0.47168248891830444,-0.035703904926776886,0.6831813454627991,0.314622700214386,-0.06338631361722946,0.6659753322601318,0.21866843104362488,-0.08365615457296371,0.6477749943733215,0.13013234734535217,-0.09933304041624069,0.7837169170379639,0.49156635999679565,-0.05338473990559578,0.7821286916732788,0.3710726499557495,-0.08006618171930313,0.7826892137527466,0.28897303342819214,-0.09145261347293854,0.7792293429374695,0.21013879776000977,-0.09983690828084946
0.7794628143310547,0.8577510118484497,5.130948466103291e-07,0.6719663143157959,0.8408149480819702,-0.04267658665776253,0.5836721062660217,0.7403289079666138,-0.058442194014787674,0.5428450107574463,0.6211613416671753,-0.07114876061677933,0.49490445852279663,0.5248192548751831,-0.08172939717769623,0.587431788444519,0.5336552858352661,-0.016634484753012657,0.5213578939437866,0.4113580882549286,-0.04335881769657135,0.4812575876712799,0.3341190218925476,-0.0678638368844986,0.450269877910614,0.2604466378688812,-0.08736393600702286,0.6484857797622681,0.4815295338630676,-0.02140324003994465,0.5953366160392761,0.3255951404571533,-0.04185418039560318,0.5635241866111755,0.23132044076919556,-0.06507086008787155,0.5368661880493164,0.1486116647720337,-0.08366923034191132,0.7138149738311768,0.47082942724227905,-0.03398030623793602,0.6835355758666992,0.31472259759902954,-0.06042654439806938,0.6661548614501953,0.21978232264518738,-0.07995104789733887,0.6473549604415894,0.13164320588111877,-0.09526306390762329,0.7834142446517944,0.4903554618358612,-0.05121975019574165,0.7821100354194641,0.36999934911727905,-0.0769084170460701,0.782439112663269,0.2887257933616638,-0.08788611739873886,0.7784904837608337,0.2103998363018036,-0.09602831304073334
0.7846832275390625,0.8564717769622803,4.862044988840353e-07,0.6785106658935547,0.8381446599960327,-0.04153500869870186,0.5900737047195435,0.7377899885177612,-0.05701588839292526,0.5480900406837463,0.6204609870910645,-0.06965101510286331,0.49925607442855835,0.5246824622154236,-0.08025633543729782,0.5937665700912476,0.534102737903595,-0.016952021047472954,0.5278589129447937,0.4121848940849304,-0.04341234639286995,0.4885449707508087,0.33539074659347534,-0.06763870269060135,0.4582371413707733,0.2628417909145355,-0.08706830441951752,0.6545766592025757,0.4818512499332428,-0.022175204008817673,0.6009016036987305,0.32600417733192444,-0.04296443611383438,0.5690856575965881,0.23245707154273987,-0.06650064140558243,0.5422840714454651,0.1511804759502411,-0.0853266641497612,0.7197626233100891,0.47085869312286377,-0.03494146093726158,0.6888710260391235,0.31399789452552795,-0.06162461265921593,0.6723194122314453,0.21937069296836853,-0.0812293067574501,0.6543450951576233,0.1325766146183014,-0.09657251834869385,0.7898061275482178,0.49043241143226624,-0.05215318128466606,0.7881876230239868,0.3698105216026306,-0.07777445763349533,0.788153886795044,0.28820639848709106,-0.08871787041425705,0.7841110229492188,0.21000546216964722,-0.09692517668008804
0.7846176624298096,0.8558440208435059,5.123657729200204e-07,0.6774288415908813,0.8378476500511169,-0.041854310780763626,0.5897336006164551,0.7377784252166748,-0.057669661939144135,0.5500954389572144,0.6203739047050476,-0.0706494003534317,0.5049399733543396,0.5238386988639832,-0.0815989300608635,0.5940243005752563,0.5331554412841797,-0.01673854887485504,0.5288161635398865,0.4116930663585663,-0.04375817999243736,0.48900169134140015,0.3339482247829437,-0.0684017539024353,0.4584285318851471,0.26009225845336914,-0.08801877498626709,0.655084490776062,0.4811043441295624,-0.022089852020144463,0.6026331186294556,0.32514774799346924,-0.043200068175792694,0.5712364912033081,0.23035487532615662,-0.066860131919384,0.5452704429626465,0.14706194400787354,-0.0856519490480423,0.7208642363548279,0.47036707401275635,-0.03508666902780533,0.6908705234527588,0.3141935169696808,-0.06196550652384758,0.6741827130317688,0.21899697184562683,-0.081651471555233,0.6564147472381592,0.13057532906532288,-0.09699076414108276,0.7911924123764038,0.4900323152542114,-0.05262647569179535,0.7900855541229248,0.36996859312057495,-0.07842107862234116,0.7907540798187256,0.2884848117828369,-0.08927815407514572,0.787369430065155,0.20968097448349,-0.09732367098331451
0.7892334461212158,0.8597795367240906,4.909479116577131e-07,0.6816072463989258,0.8404574394226074,-0.04205112159252167,0.5940676331520081,0.7401162385940552,-0.05784417316317558,0.5532443523406982,0.6228718757629395,-0.07085950672626495,0.5057011246681213,0.5261721014976501,-0.08199644088745117,0.6003873348236084,0.536039412021637,-0.01635696366429329,0.5345013737678528,0.4147520363330841,-0.04370901733636856,0.4938284158706665,0.3370853066444397,-0.06891332566738129,0.4624488949775696,0.26300662755966187,-0.08908384293317795,0.6608148217201233,0.48412659764289856,-0.021823721006512642,0.6066380739212036,0.3285009264945984,-0.04345811530947685,0.5747591853141785,0.2334498167037964,-0.06799544394016266,0.5485031008720398,0.14985725283622742,-0.08747415244579315,0.725807249546051,0.47367510199546814,-0.0349871888756752,0.6949997544288635,0.31768304109573364,-0.06233307719230652,0.678126335144043,0.22169756889343262,-0.08263834565877914,0.6600375175476074,0.1330505907535553,-0.09847006946802139,0.7958395481109619,0.49353331327438354,-0.05268867686390877,0.7936588525772095,0.37445831298828125,-0.07867033779621124,0.793502926826477,0.2931382358074188,-0.0897512435913086,0.7892516255378723,0.2146708071231842,-0.09807844460010529
0.7896212935447693,0.8583964705467224,5.048055982115329e-07,0.6831223964691162,0.838949978351593,-0.04222186654806137,0.5957015752792358,0.739102303981781,-0.058493856340646744,0.5549879670143127,0.6216251850128174,-0.07176816463470459,0.50861656665802,0.5249890089035034,-0.08301891386508942,0.5988612771034241,0.5352855920791626,-0.01776326820254326,0.5339640378952026,0.4128214418888092,-0.045003678649663925,0.4940204620361328,0.3352230191230774,-0.06980297714471817,0.4631330668926239,0.26087579131126404,-0.08954448252916336,0.6598255634307861,0.4832218289375305,-0.02286575548350811,0.6074999570846558,0.327250599861145,-0.04401439055800438,0.5761840343475342,0.23237484693527222,-0.06761959195137024,0.5502293109893799,0.14827406406402588,-0.08648134022951126,0.7252691984176636,0.472804456949234,-0.035570964217185974,0.6958757638931274,0.3171861469745636,-0.0620696060359478,0.6794308423995972,0.2213827669620514,-0.08166098594665527,0.661718487739563,0.13219931721687317,-0.09708855301141739,0.795093297958374,0.4927442669868469,-0.052864816039800644,0.792806088924408,0.37270587682724,-0.07809072732925415,0.7921852469444275,0.2918558716773987,-0.08869872242212296,0.7874184846878052,0.21364468336105347,-0.0967048779129982
0.7879164218902588,0.8516311645507812,3.0224273928070033e-07,0.6806731224060059,0.8437355756759644,-0.033484239131212234,0.5814082026481628,0.750070333480835,-0.044396497309207916,0.5297093391418457,0.645305335521698,-0.05487555265426636,0.47297728061676025,0.5731950402259827,-0.06394272297620773,0.5608997344970703,0.5662641525268555,-0.0070335036143660545,0.4902879297733307,0.45682966709136963,-0.03441494703292847,0.4456512928009033,0.3866112232208252,-0.06031988561153412,0.40880969166755676,0.32173097133636475,-0.08028620481491089,0.6130265593528748,0.5054184198379517,-0.01513866800814867,0.5469269752502441,0.3685063123703003,-0.03691514581441879,0.5026746392250061,0.28174176812171936,-0.06067536771297455,0.4659046530723572,0.20670244097709656,-0.0795874297618866,0.6764254570007324,0.48080599308013916,-0.03057251311838627,0.6318682432174683,0.33733707666397095,-0.056254755705595016,0.6022740006446838,0.2494049370288849,-0.07617706805467606,0.572623610496521,0.1698419153690338,-0.09142013639211655,0.7477735877037048,0.48279905319213867,-0.05015929415822029,0.7362422943115234,0.36001962423324585,-0.0740518644452095,0.7277044057846069,0.2790871858596802,-0.08584155887365341,0.7160139679908752,0.2038806974887848,-0.09465468674898148
0.7908339500427246,0.8492171764373779,3.235103918086679e-07,0.6862518191337585,0.8567789793014526,-0.029276613146066666,0.580274224281311,0.7805947661399841,-0.03858519345521927,0.5210486650466919,0.6872426867485046,-0.0480009950697422,0.4621671438217163,0.6250656843185425,-0.055837638676166534,0.5379074811935425,0.6054120063781738,-0.005257562734186649,0.46059495210647583,0.5041091442108154,-0.03180019557476044,0.41237330436706543,0.4403045177459717,-0.05757614225149155,0.37262994050979614,0.38244277238845825,-0.07722092419862747,0.5823836922645569,0.5368092656135559,-0.01457237172871828,0.5039350986480713,0.40838706493377686,-0.03444674611091614,0.4537322521209717,0.3295903205871582,-0.05686865746974945,0.4121759533882141,0.2637024223804474,-0.07482437789440155,0.641325056552887,0.5000890493392944,-0.03061828203499317,0.5816642642021179,0.36167410016059875,-0.05301259085536003,0.5455835461616516,0.2805023491382599,-0.07045218348503113,0.5106773376464844,0.20997607707977295,-0.08442075550556183,0.7119922041893005,0.48863735795021057,-0.0507221594452858,0.6859245896339417,0.3692359924316406,-0.07198115438222885,0.6686018109321594,0.2919878363609314,-0.08163245767354965,0.6492119431495667,0.22244563698768616,-0.08891047537326813
0.8013845086097717,0.845863938331604,2.2690628043164907e-07,0.6932059526443481,0.8662137389183044,-0.026212016120553017,0.5798603892326355,0.7968209385871887,-0.029588788747787476,0.5146678686141968,0.7060285210609436,-0.03411535918712616,0.4520958364009857,0.6422086358070374,-0.0361870676279068,0.5253535509109497,0.6322888731956482,0.01383158192038536,0.4368354082107544,0.5582082271575928,-0.005868986714631319,0.38254308700561523,0.5094161629676819,-0.02859840914607048,0.3355269134044647,0.4623573422431946,-0.047086313366889954,0.5627330541610718,0.561008632183075,0.00430309446528554,0.47026535868644714,0.4632883071899414,-0.010703854262828827,0.411354660987854,0.4026417136192322,-0.03140607476234436,0.36085596680641174,0.34982600808143616,-0.047941748052835464,0.6190435886383057,0.5182063579559326,-0.012936577200889587,0.5425639152526855,0.40366119146347046,-0.033174630254507065,0.4958536624908447,0.33696985244750977,-0.04899056255817413,0.4504404366016388,0.277263343334198,-0.0615532360970974,0.6890354752540588,0.4962589740753174,-0.03445856645703316,0.6515138149261475,0.3887042701244354,-0.053367696702480316,0.6263477802276611,0.31888699531555176,-0.061132047325372696,0.5993379950523376,0.25432032346725464,-0.06715580075979233
0.8191385865211487,0.837712287902832,5.689037720912893e-07,0.7085729241371155,0.8169100880622864,-0.039197612553834915,0.6187857985496521,0.7188202738761902,-0.05778028070926666,0.576994776725769,0.604431688785553,-0.07320454716682434,0.5350438356399536,0.5184462666511536,-0.08872149139642715,0.6051875948905945,0.5154088139533997,-0.03574923798441887,0.5414019227027893,0.393024206161499,-0.06966910511255264,0.49341529607772827,0.32491999864578247,-0.09878668189048767,0.447631299495697,0.265180379152298,-0.12112156301736832,0.667323887348175,0.46169084310531616,-0.04503066837787628,0.6163918972015381,0.300932377576828,-0.07096010446548462,0.5793513059616089,0.20877113938331604,-0.0975075364112854,0.5436602234840393,0.13265854120254517,-0.11882507055997849,0.7350760102272034,0.4479578733444214,-0.06004354730248451,0.7041661143302917,0.288461834192276,-0.09094896167516708,0.6782252192497253,0.19417589902877808,-0.11136667430400848,0.6503838300704956,0.11703655123710632,-0.12658271193504333,0.8078134655952454,0.46489518880844116,-0.07902296632528305,0.8035752773284912,0.3348039388656616,-0.10883107781410217,0.7971515655517578,0.24955591559410095,-0.11928971111774445,0.7869018912315369,0.17639347910881042,-0.12615935504436493
0.8224825263023376,0.8190604448318481,6.543693302774045e-07,0.7109628915786743,0.7865644097328186,-0.04338313639163971,0.6339536309242249,0.6768592596054077,-0.061372239142656326,0.6067851781845093,0.5550382137298584,-0.07554241269826889,0.5604267120361328,0.4609217047691345,-0.0885506272315979,0.6408459544181824,0.47090020775794983,-0.031356580555438995,0.585310161113739,0.340356707572937,-0.062020186334848404,0.5487828254699707,0.2581560015678406,-0.08868421614170074,0.517448365688324,0.18229913711547852,-0.10895491391420364,0.7093418836593628,0.4251164495944977,-0.036644741892814636,0.6763879060745239,0.2560729384422302,-0.05862005054950714,0.6580994725227356,0.15385094285011292,-0.08217856287956238,0.6433163285255432,0.06561622023582458,-0.10118033736944199,0.778844952583313,0.4225781559944153,-0.04879164323210716,0.768791675567627,0.25981470942497253,-0.0768253356218338,0.7657517194747925,0.1608443558216095,-0.09546121209859848,0.7605419158935547,0.07192811369895935,-0.10947780311107635,0.8487646579742432,0.4523811936378479,-0.06544889509677887,0.8597736358642578,0.32561129331588745,-0.09315747022628784,0.8712769150733948,0.2445991337299347,-0.10228098183870316,0.8781825304031372,0.17256641387939453,-0.1079576388001442
0.8272860050201416,0.8119574785232544,6.875314397802867e-07,0.7171207070350647,0.7744306325912476,-0.04184645041823387,0.639592170715332,0.6583067178726196,-0.056352075189352036,0.6100187301635742,0.5352649092674255,-0.06757862120866776,0.5658984780311584,0.4388408064842224,-0.07722613960504532,0.6587390303611755,0.4591678977012634,-0.017996493726968765,0.6095280647277832,0.3259538412094116,-0.04372145235538483,0.5805817246437073,0.2390221804380417,-0.06669371575117111,0.5610446929931641,0.16000020503997803,-0.08444540947675705,0.7290915250778198,0.4164217710494995,-0.0226771030575037,0.7070065140724182,0.24443097412586212,-0.04144109785556793,0.6957538723945618,0.1384522020816803,-0.06296449154615402,0.6876887083053589,0.050758689641952515,-0.08028334379196167,0.7968044281005859,0.4159623086452484,-0.03508894145488739,0.7958288192749023,0.2536308467388153,-0.06169382482767105,0.7961363196372986,0.15350043773651123,-0.0808599442243576,0.7933708429336548,0.06440472602844238,-0.0953374132514,0.8638203740119934,0.44686609506607056,-0.051889900118112564,0.8856403231620789,0.32297492027282715,-0.07794225960969925,0.9033838510513306,0.24084952473640442,-0.08799702674150467,0.9167724251747131,0.16448229551315308,-0.09492167830467224
0.8369903564453125,0.8418692350387573,1.1110223141486131e-07,0.7185601592063904,0.8284409046173096,-0.03179115056991577,0.6170506477355957,0.7467831373214722,-0.040171463042497635,0.5614887475967407,0.6470117568969727,-0.04977615922689438,0.5031033754348755,0.5779720544815063,-0.05720137804746628,0.5780137777328491,0.5629136562347412,0.012188872322440147,0.49720299243927,0.46866974234580994,-0.009396069683134556,0.4499087631702423,0.40834754705429077,-0.0343114510178566,0.40959227085113525,0.3534272611141205,-0.05364740639925003,0.626347541809082,0.4986707866191864,0.005783681757748127,0.5515038967132568,0.37451937794685364,-0.009425089694559574,0.5059744119644165,0.3016451895236969,-0.0298951156437397,0.46696174144744873,0.2427826225757599,-0.04667551442980766,0.6880447864532471,0.46624550223350525,-0.009587538428604603,0.634235143661499,0.3361817002296448,-0.02794492430984974,0.6036505699157715,0.2592621445655823,-0.04584570229053497,0.5756531953811646,0.19246932864189148,-0.05986074358224869,0.7618907690048218,0.45731833577156067,-0.030018605291843414,0.745237410068512,0.3475513756275177,-0.04557451233267784,0.7344893217086792,0.2774233818054199,-0.054437056183815,0.7219489216804504,0.2123892605304718,-0.06174299120903015
0.8228282928466797,0.8277117609977722,2.840365027623193e-07,0.7126189470291138,0.8351709842681885,-0.02634851261973381,0.6041180491447449,0.7541896104812622,-0.027630731463432312,0.5422739386558533,0.659542441368103,-0.03029439225792885,0.4804784655570984,0.5960332155227661,-0.030028818175196648,0.559436023235321,0.5862248539924622,0.02009573206305504,0.47231465578079224,0.5059397220611572,0.003018296090885997,0.4201360046863556,0.4556938409805298,-0.01760479435324669,0.3759010434150696,0.40653103590011597,-0.03412793204188347,0.6004445552825928,0.5199861526489258,0.012796801514923573,0.5146933197975159,0.4179198443889618,0.002733026398345828,0.46084094047546387,0.3571130633354187,-0.014085575006902218,0.4148591458797455,0.3042867183685303,-0.027801888063549995,0.6580113172531128,0.48380351066589355,-0.002858132356777787,0.596653938293457,0.3653169870376587,-0.018959783017635345,0.5594204068183899,0.2981840968132019,-0.030977115035057068,0.5229560136795044,0.23792025446891785,-0.040839388966560364,0.7264314293861389,0.47021496295928955,-0.023411618545651436,0.705326497554779,0.36206895112991333,-0.03895162418484688,0.6933549046516418,0.2929428815841675,-0.04432322084903717,0.6794289350509644,0.22814860939979553,-0.04832959175109863
0.7997467517852783,0.8119844198226929,5.702518137695733e-07,0.6962198615074158,0.7976166009902954,-0.03004300408065319,0.6042531132698059,0.7046335935592651,-0.03669591620564461,0.558087170124054,0.5956621766090393,-0.041795115917921066,0.5181552767753601,0.5146501064300537,-0.0455453097820282,0.5801507234573364,0.5286673903465271,-0.009317567571997643,0.5117201805114746,0.4236909747123718,-0.0282382071018219,0.47034579515457153,0.36262768507003784,-0.04565274342894554,0.4341304898262024,0.3082409203052521,-0.059640802443027496,0.6368290185928345,0.4689819812774658,-0.015505345538258553,0.5873919129371643,0.3248789310455322,-0.029225867241621017,0.5563664436340332,0.24030539393424988,-0.04713701829314232,0.531907856464386,0.16874045133590698,-0.06145883724093437,0.7016602158546448,0.4489419460296631,-0.027920057997107506,0.6835091710090637,0.301202654838562,-0.05251705273985863,0.6722325086593628,0.20880836248397827,-0.07235751301050186,0.6597561836242676,0.1281605362892151,-0.08631541579961777,0.7695886492729187,0.4616401493549347,-0.04328141361474991,0.7764837741851807,0.3461906909942627,-0.0712151899933815,0.7824715375900269,0.2698209583759308,-0.08289869129657745,0.7844318151473999,0.1988927125930786,-0.08962170034646988
0.7945281863212585,0.8085718750953674,6.233920544218563e-07,0.6905269026756287,0.7913336753845215,-0.03779267892241478,0.6028190851211548,0.6907643675804138,-0.05053770914673805,0.5650638341903687,0.5775130987167358,-0.06022822484374046,0.5216933488845825,0.4894922077655792,-0.06887142360210419,0.6005942821502686,0.501507043838501,-0.023261643946170807,0.5373693704605103,0.3917902112007141,-0.04982946440577507,0.5031810998916626,0.32217103242874146,-0.07276489585638046,0.4793657660484314,0.2577393054962158,-0.08987125009298325,0.6628766655921936,0.44693654775619507,-0.029332326725125313,0.6232517957687378,0.29228949546813965,-0.049017295241355896,0.6034092903137207,0.19682389497756958,-0.0718451738357544,0.5912103652954102,0.11726701259613037,-0.08981337398290634,0.7280332446098328,0.4352019131183624,-0.041982222348451614,0.7227730751037598,0.2756510376930237,-0.07197846472263336,0.7210468649864197,0.17731189727783203,-0.09570465981960297,0.7183765769004822,0.09389042854309082,-0.11233463138341904,0.7941091060638428,0.45859265327453613,-0.05793030560016632,0.8099511861801147,0.3353273868560791,-0.09075643122196198,0.825401246547699,0.2545938491821289,-0.10556171089410782,0.8367215394973755,0.1844872236251831,-0.11443879455327988
0.7966268658638,0.8056153059005737,6.010096740283188e-07,0.6912412643432617,0.7821574211120605,-0.035053037106990814,0.6072306036949158,0.6811599135398865,-0.04681557044386864,0.5713794827461243,0.5716151595115662,-0.056054189801216125,0.5305095314979553,0.48161202669143677,-0.06409012526273727,0.6149804592132568,0.4879752993583679,-0.018716540187597275,0.5599777698516846,0.37064647674560547,-0.04282543808221817,0.5288869738578796,0.2966277599334717,-0.06375603377819061,0.5052839517593384,0.22788506746292114,-0.08024705201387405,0.677945613861084,0.43829622864723206,-0.025960581377148628,0.6472940444946289,0.28061240911483765,-0.0452660471200943,0.6303026676177979,0.1830153465270996,-0.066677987575531,0.6175194382667542,0.10089629888534546,-0.0835554376244545,0.7416408658027649,0.43180379271507263,-0.03974054008722305,0.7440140247344971,0.27668559551239014,-0.06833173334598541,0.7484372854232788,0.1750950813293457,-0.09069326519966125,0.7496577501296997,0.08526438474655151,-0.1069905087351799,0.8058727383613586,0.4591001570224762,-0.05678342655301094,0.8300734162330627,0.3414033055305481,-0.08657355606555939,0.8489415645599365,0.259520947933197,-0.09994722157716751,0.8624815344810486,0.18398728966712952,-0.10891927033662796
0.8183833360671997,0.8047508001327515,4.3831470009081386e-08,0.712861955165863,0.801209568977356,-0.02645796351134777,0.6134639382362366,0.7305076122283936,-0.03261426463723183,0.5559689402580261,0.642490029335022,-0.040941521525382996,0.5049850344657898,0.5726577043533325,-0.046680252999067307,0.5678267478942871,0.5653539896011353,0.01595022901892662,0.48775410652160645,0.4879460632801056,-0.003915421664714813,0.435640811920166,0.4383831322193146,-0.025737009942531586,0.39047011733055115,0.392844557762146,-0.04261795058846474,0.6093018651008606,0.5011755228042603,0.009345238097012043,0.5319764614105225,0.39842620491981506,-0.004377869423478842,0.4811384975910187,0.33981019258499146,-0.020365692675113678,0.43825563788414,0.29302096366882324,-0.03269248083233833,0.6691094040870667,0.4654370844364166,-0.00543860113248229,0.6114345788955688,0.34715476632118225,-0.023015379905700684,0.5733597874641418,0.280656635761261,-0.03403276950120926,0.5395726561546326,0.2212396264076233,-0.042063333094120026,0.7404662370681763,0.45146119594573975,-0.024738982319831848,0.7235192060470581,0.3429117500782013,-0.039567191153764725,0.7128583192825317,0.27353575825691223,-0.044090453535318375,0.7007368206977844,0.20838847756385803,-0.04686461761593819
0.8145239353179932,0.8017239570617676,3.4010275840046233e-07,0.710718035697937,0.8140431642532349,-0.027148893103003502,0.6082895994186401,0.7380300164222717,-0.030283629894256592,0.5509321689605713,0.6440216898918152,-0.03396232798695564,0.49996018409729004,0.5758513808250427,-0.03535567969083786,0.5651046633720398,0.5778889656066895,0.010415085591375828,0.4769042134284973,0.5036472082138062,-0.007256322540342808,0.4233115017414093,0.4547455906867981,-0.026176707819104195,0.3791752755641937,0.40773332118988037,-0.04107004031538963,0.6059347987174988,0.5127302408218384,0.003407337935641408,0.5209954380989075,0.4124935269355774,-0.007580427918583155,0.46727240085601807,0.3535268306732178,-0.02323261648416519,0.4232361614704132,0.3057185411453247,-0.0353335402905941,0.6634733080863953,0.4777504503726959,-0.011241831816732883,0.6067209839820862,0.36029714345932007,-0.029236426576972008,0.5719385147094727,0.29383397102355957,-0.04335292801260948,0.538978099822998,0.23557043075561523,-0.053811654448509216,0.7306643128395081,0.4668921232223511,-0.03003859519958496,0.7087711095809937,0.35910722613334656,-0.047661952674388885,0.6963838934898376,0.28932255506515503,-0.05425113067030907,0.681839108467102,0.22376030683517456,-0.05867308750748634
0.8262611627578735,0.8030542135238647,4.875944910054386e-07,0.7193678021430969,0.8111283779144287,-0.028124991804361343,0.6228212118148804,0.7295061945915222,-0.03365321829915047,0.57096928358078,0.6286348104476929,-0.0384703129529953,0.5157040357589722,0.5610799789428711,-0.04222504794597626,0.5906931161880493,0.5508173704147339,-0.00400089006870985,0.5106698274612427,0.4625585675239563,-0.02239476516842842,0.4610787332057953,0.407809853553772,-0.04146171361207962,0.4196806848049164,0.3557888865470886,-0.05710220709443092,0.6400467157363892,0.4855848252773285,-0.012523871846497059,0.5667955279350281,0.3602136969566345,-0.02664380520582199,0.5221270322799683,0.28112858533859253,-0.04793242737650871,0.486907958984375,0.21479013562202454,-0.0648336336016655,0.7018573880195618,0.45648831129074097,-0.02714666724205017,0.6631719470024109,0.3121265769004822,-0.05148225650191307,0.6403300762176514,0.21972569823265076,-0.07370109111070633,0.6177706122398376,0.1398410201072693,-0.0898282527923584,0.770601749420166,0.4571582078933716,-0.04462003335356712,0.7623725533485413,0.3354795575141907,-0.07140280306339264,0.7593854069709778,0.25343865156173706,-0.08378594368696213,0.7534207701683044,0.17933371663093567,-0.09165816754102707
0.8295738101005554,0.8019094467163086,4.531205775037961e-07,0.7223583459854126,0.8085328340530396,-0.03128928318619728,0.6235963106155396,0.7309739589691162,-0.040369242429733276,0.5703586339950562,0.6314800381660461,-0.04851195961236954,0.5177597403526306,0.5564830899238586,-0.055039182305336,0.5937261581420898,0.5499709248542786,-0.003972549457103014,0.5109129548072815,0.4624209702014923,-0.02601766400039196,0.45954063534736633,0.40575963258743286,-0.047489527612924576,0.41788047552108765,0.35268619656562805,-0.06474245339632034,0.6425832509994507,0.4838730990886688,-0.012413909658789635,0.5656805634498596,0.35742664337158203,-0.02958645112812519,0.52154141664505,0.28029847145080566,-0.05074299871921539,0.4850911796092987,0.2148205041885376,-0.06727580726146698,0.7045137286186218,0.45530882477760315,-0.028000768274068832,0.6608770489692688,0.31563201546669006,-0.054333604872226715,0.6380035281181335,0.22293990850448608,-0.07607206702232361,0.6146557331085205,0.1408463418483734,-0.09200221300125122,0.7740253210067749,0.4563795328140259,-0.04684507101774216,0.7654612064361572,0.3374098837375641,-0.07278657704591751,0.7630184888839722,0.2573194205760956,-0.08427217602729797,0.755466103553772,0.182590514421463,-0.09238620102405548
0.8305214643478394,0.8042296171188354,3.8681761793668556e-07,0.724506139755249,0.8121938705444336,-0.030399439856410027,0.6247233152389526,0.7352423667907715,-0.03811318427324295,0.5711631178855896,0.6368489861488342,-0.04549871385097504,0.5187888741493225,0.5623493194580078,-0.050748080015182495,0.5936142802238464,0.5542156100273132,-0.0004235341912135482,0.511468231678009,0.46500465273857117,-0.02284683659672737,0.45839059352874756,0.40952882170677185,-0.044504620134830475,0.4144287705421448,0.36017635464668274,-0.06161896884441376,0.639590322971344,0.4899580776691437,-0.008740946650505066,0.5577069520950317,0.3697328567504883,-0.02631484530866146,0.5084671378135681,0.29812997579574585,-0.046761687844991684,0.46662789583206177,0.23958882689476013,-0.062438007444143295,0.6998509764671326,0.46011242270469666,-0.02440301515161991,0.6509116888046265,0.32650190591812134,-0.04991800710558891,0.6240661144256592,0.24590721726417542,-0.0684712678194046,0.5954053401947021,0.17636480927467346,-0.08184105157852173,0.769256591796875,0.45714038610458374,-0.043744757771492004,0.7605271339416504,0.33950281143188477,-0.06845338642597198,0.7554692625999451,0.2614406645298004,-0.07890615612268448,0.7448127269744873,0.1900838315486908,-0.08599771559238434
0.8270847797393799,0.8125022649765015,3.782178339406528e-07,0.7218971848487854,0.821668267250061,-0.027562571689486504,0.620663046836853,0.7484666109085083,-0.033119238913059235,0.565265417098999,0.6537511348724365,-0.03876892104744911,0.5079455971717834,0.5855768322944641,-0.042513407766819,0.5853394269943237,0.5741252899169922,0.004515558946877718,0.5003150701522827,0.49253442883491516,-0.015557307749986649,0.44722235202789307,0.4369436204433441,-0.03634300455451012,0.40435460209846497,0.3861135244369507,-0.05268174037337303,0.6277642846107483,0.508285403251648,-0.004659411031752825,0.5406845211982727,0.39223623275756836,-0.019071852788329124,0.48677319288253784,0.3207803964614868,-0.038499362766742706,0.4434398412704468,0.2627910077571869,-0.05352583900094032,0.6863705515861511,0.4758842885494232,-0.02088230289518833,0.6275094151496887,0.34354281425476074,-0.04323515295982361,0.5903509855270386,0.2614153325557709,-0.06214776262640953,0.5551828742027283,0.19049209356307983,-0.07631496340036392,0.7565577626228333,0.4704967141151428,-0.04058511555194855,0.7414872646331787,0.3553829491138458,-0.06256196647882462,0.7303779721260071,0.2787471115589142,-0.07215789705514908,0.7160873413085938,0.20880338549613953,-0.07901465892791748
0.8302910327911377,0.8121722936630249,4.1158085650749854e-07,0.7241181135177612,0.820375919342041,-0.02811853215098381,0.623174786567688,0.7473775744438171,-0.03509464114904404,0.5647242069244385,0.6519652009010315,-0.042075615376234055,0.5082351565361023,0.58127760887146,-0.04677921161055565,0.5860634446144104,0.5709812045097351,0.0047074309550225735,0.5006469488143921,0.48755738139152527,-0.015849128365516663,0.4494335651397705,0.43357330560684204,-0.03638915717601776,0.407235324382782,0.38267818093299866,-0.05302387475967407,0.6291239261627197,0.5043285489082336,-0.004778887145221233,0.5383038520812988,0.38973185420036316,-0.022032592445611954,0.4850327968597412,0.3206859230995178,-0.04351120814681053,0.43940842151641846,0.2617832124233246,-0.05963560566306114,0.6879190802574158,0.47036051750183105,-0.021400364115834236,0.6294156312942505,0.3403093218803406,-0.04653594642877579,0.5943731069564819,0.2615470886230469,-0.06632479280233383,0.5584337711334229,0.19365334510803223,-0.08057739585638046,0.7583348155021667,0.4611179828643799,-0.04138510301709175,0.7415593266487122,0.34590601921081543,-0.06413520872592926,0.7300394773483276,0.27001461386680603,-0.07391030341386795,0.7132710814476013,0.2012833058834076,-0.08091516047716141
0.8325065970420837,0.8126912117004395,4.12749045608507e-07,0.7264546751976013,0.820030927658081,-0.0273969117552042,0.6239363551139832,0.7449615597724915,-0.03361750766634941,0.564824640750885,0.6494433283805847,-0.04000602290034294,0.5084123015403748,0.5789679288864136,-0.04409652575850487,0.5860613584518433,0.5702948570251465,0.00579997431486845,0.5016655921936035,0.4857381582260132,-0.014917697757482529,0.45077943801879883,0.4303678274154663,-0.03540562465786934,0.409026563167572,0.3801252543926239,-0.05179237201809883,0.6286320686340332,0.5042580962181091,-0.004033032804727554,0.5375207662582397,0.38722801208496094,-0.021161828190088272,0.4847542941570282,0.31650590896606445,-0.042074281722307205,0.44052255153656006,0.2577405869960785,-0.0575532428920269,0.6877535581588745,0.47065168619155884,-0.021036814898252487,0.628971517086029,0.34012120962142944,-0.04628289118409157,0.5935634970664978,0.26000648736953735,-0.0660715252161026,0.5579454302787781,0.19185665249824524,-0.08022526651620865,0.7590422630310059,0.46194764971733093,-0.04134787246584892,0.7436580657958984,0.3461339771747589,-0.06440486013889313,0.7334080338478088,0.26927149295806885,-0.07422776520252228,0.7183369398117065,0.2001638114452362,-0.08118521422147751
0.833963930606842,0.8121939897537231,4.239610404965788e-07,0.7272968888282776,0.8209205865859985,-0.028509432449936867,0.6241776347160339,0.7455933094024658,-0.035102665424346924,0.5649502873420715,0.64815753698349,-0.04178397357463837,0.5087816715240479,0.5762327313423157,-0.04619352146983147,0.58793044090271,0.5695881247520447,0.004390717018395662,0.5027481913566589,0.48289769887924194,-0.017264176160097122,0.451373428106308,0.4274921119213104,-0.03821341693401337,0.4090055525302887,0.3772639036178589,-0.0547371469438076,0.6304219365119934,0.5037542581558228,-0.004866295959800482,0.5396288633346558,0.38521310687065125,-0.0223422572016716,0.4864252209663391,0.3137625455856323,-0.04320967569947243,0.4419960379600525,0.2542029023170471,-0.05868569761514664,0.688981831073761,0.47063836455345154,-0.021441897377371788,0.6290541887283325,0.34098225831985474,-0.04654835909605026,0.592871367931366,0.2618166506290436,-0.06587067991495132,0.556774377822876,0.19409838318824768,-0.07984960824251175,0.7597894668579102,0.4619511067867279,-0.04157671704888344,0.7447233200073242,0.3467460870742798,-0.06466204673051834,0.7344725728034973,0.2695773243904114,-0.07452281564474106,0.7199012637138367,0.1996370255947113,-0.08154840767383575
0.8331771492958069,0.8135774731636047,4.3479096234477765e-07,0.72652667760849,0.8218870162963867,-0.028575748205184937,0.6235881447792053,0.7464430332183838,-0.03516923636198044,0.5647282600402832,0.6496119499206543,-0.04178115352988243,0.5087994337081909,0.578359067440033,-0.046277470886707306,0.5872297286987305,0.5708301663398743,0.0030083514284342527,0.5012333393096924,0.4828912019729614,-0.018685348331928253,0.44895854592323303,0.42631566524505615,-0.039396584033966064,0.4057472348213196,0.3755377531051636,-0.05564270541071892,0.6301677823066711,0.5051932334899902,-0.006006516516208649,0.54035484790802,0.38426491618156433,-0.023306570947170258,0.4874022901058197,0.31232255697250366,-0.04375113919377327,0.44309818744659424,0.2536371350288391,-0.05890151485800743,0.6887891888618469,0.4716649055480957,-0.02225625142455101,0.6283732652664185,0.34224358201026917,-0.04676507040858269,0.5908430218696594,0.263172447681427,-0.06604847311973572,0.5539301037788391,0.19621479511260986,-0.08012331277132034,0.7592675685882568,0.462577760219574,-0.04208666458725929,0.7445888519287109,0.34729820489883423,-0.06457003951072693,0.7344489097595215,0.2700881361961365,-0.07450353354215622,0.7202566862106323,0.20094427466392517,-0.0816681906580925
0.8334205150604248,0.8167470693588257,4.4394275278136774e-07,0.7261614799499512,0.8297746181488037,-0.031687140464782715,0.6224544048309326,0.7555171251296997,-0.03883669152855873,0.5640311241149902,0.6565245389938354,-0.04553012549877167,0.5084772109985352,0.583093523979187,-0.05010615661740303,0.5869196653366089,0.5770511627197266,0.0009429954225197434,0.5007956027984619,0.4886440634727478,-0.021159972995519638,0.44744569063186646,0.431143581867218,-0.04236464574933052,0.4032791554927826,0.37917864322662354,-0.058966170996427536,0.6305665969848633,0.5102397799491882,-0.006611250340938568,0.541816234588623,0.3889273703098297,-0.023493675515055656,0.4890720248222351,0.31592029333114624,-0.043584298342466354,0.4456160366535187,0.25595179200172424,-0.058596715331077576,0.689313530921936,0.4766225814819336,-0.02172410674393177,0.6287515759468079,0.3488600254058838,-0.04558404162526131,0.5909754633903503,0.2699878215789795,-0.06409323960542679,0.5544584393501282,0.20212134718894958,-0.07775472849607468,0.7591992020606995,0.4682238698005676,-0.04090128093957901,0.7429707050323486,0.3571556508541107,-0.06312339007854462,0.7319589853286743,0.2809082865715027,-0.07267821580171585,0.7177590131759644,0.2108645737171173,-0.07957067340612411
0.8337463736534119,0.8191553354263306,4.3877264488401124e-07,0.7270742058753967,0.8292847275733948,-0.029988950118422508,0.6241113543510437,0.7527891397476196,-0.036102164536714554,0.5653666257858276,0.6538583636283875,-0.04205326735973358,0.5082300901412964,0.5825178027153015,-0.045829519629478455,0.587585985660553,0.5747978687286377,0.004351086914539337,0.5000497102737427,0.4874596893787384,-0.015607073903083801,0.4467543959617615,0.4305880069732666,-0.03535056486725807,0.4034675657749176,0.3775138258934021,-0.051171716302633286,0.6315182447433472,0.5079531073570251,-0.003461656393483281,0.5440889000892639,0.389803409576416,-0.018586810678243637,0.4916880428791046,0.3177303671836853,-0.03815812990069389,0.4485704302787781,0.2572164535522461,-0.05306050553917885,0.6901252269744873,0.47425681352615356,-0.01881496049463749,0.6298435926437378,0.3469821512699127,-0.040801048278808594,0.5924923419952393,0.2678896486759186,-0.059505365788936615,0.5564353466033936,0.19906651973724365,-0.07384379953145981,0.7599647045135498,0.4657667577266693,-0.038123682141304016,0.7438945770263672,0.35587137937545776,-0.058659639209508896,0.7331617474555969,0.28023776412010193,-0.06819784641265869,0.7190492749214172,0.21066728234291077,-0.07548325508832932
0.829571008682251,0.816270649433136,4.355575526915345e-07,0.7225592732429504,0.8252683281898499,-0.028194446116685867,0.6187674403190613,0.7492918372154236,-0.03462475538253784,0.5577470660209656,0.6531513333320618,-0.04098277911543846,0.49936288595199585,0.5868917107582092,-0.04560982063412666,0.5856254696846008,0.571439802646637,0.0024076306726783514,0.5026077628135681,0.48060083389282227,-0.017076240852475166,0.45213812589645386,0.42404860258102417,-0.03687134385108948,0.4092985689640045,0.37069350481033325,-0.05322157219052315,0.6297073364257812,0.5059731602668762,-0.006269562989473343,0.5482039451599121,0.3834446668624878,-0.021360108628869057,0.49759727716445923,0.3102912902832031,-0.04141121730208397,0.453220009803772,0.24828976392745972,-0.05745230242609978,0.68752521276474,0.47398996353149414,-0.02189001627266407,0.6288202404975891,0.34451040625572205,-0.044115349650382996,0.5915055274963379,0.26359304785728455,-0.06387066096067429,0.5544960498809814,0.19327306747436523,-0.07943084090948105,0.7565945982933044,0.46800148487091064,-0.041031818836927414,0.7405903935432434,0.3539053797721863,-0.06295272707939148,0.7290225028991699,0.2762201130390167,-0.073851078748703,0.7133944630622864,0.20584926009178162,-0.08236663788557053
0.8285789489746094,0.8140536546707153,4.105400819298666e-07,0.7202051281929016,0.823185920715332,-0.027471870183944702,0.6166321039199829,0.747404158115387,-0.03295997530221939,0.5551213622093201,0.6513523459434509,-0.03882308676838875,0.4955487549304962,0.5852680802345276,-0.04282524064183235,0.5861993432044983,0.5691853165626526,0.007582557387650013,0.5053755640983582,0.4793262481689453,-0.011122092604637146,0.4558331072330475,0.42445075511932373,-0.03165467083454132,0.41356712579727173,0.37180906534194946,-0.04869929328560829,0.629518985748291,0.5040683746337891,-0.0009886740008369088,0.5490666031837463,0.3844945430755615,-0.01475974265486002,0.4988594055175781,0.31193047761917114,-0.03478190302848816,0.455390989780426,0.24896720051765442,-0.05107855424284935,0.6866018772125244,0.4724903106689453,-0.016812216490507126,0.628115713596344,0.34215646982192993,-0.03690800070762634,0.5939480662345886,0.2646244764328003,-0.05463821068406105,0.559119701385498,0.19700294733047485,-0.06907034665346146,0.7552023530006409,0.46675121784210205,-0.03646878898143768,0.7372578978538513,0.3558407425880432,-0.056370530277490616,0.7234494090080261,0.28143632411956787,-0.06573538482189178,0.7056740522384644,0.21261751651763916,-0.07330765575170517
0.8234997987747192,0.8149278163909912,4.2550718148959277e-07,0.7163229584693909,0.8167670965194702,-0.027188636362552643,0.6136612296104431,0.739662766456604,-0.03376034274697304,0.5518222451210022,0.6473193168640137,-0.040914665907621384,0.49310970306396484,0.5805879235267639,-0.046353716403245926,0.5853748917579651,0.564195454120636,0.006352981552481651,0.506089448928833,0.4722268581390381,-0.013623315840959549,0.4572789669036865,0.416357159614563,-0.03465789183974266,0.4153890609741211,0.3619155287742615,-0.05226626992225647,0.6293784379959106,0.5015996694564819,-0.0032714600674808025,0.5520535707473755,0.3818536698818207,-0.01948660798370838,0.505075216293335,0.3080295920372009,-0.040687430649995804,0.46348899602890015,0.24216622114181519,-0.05767355486750603,0.6866142153739929,0.471145361661911,-0.02013627626001835,0.6267194151878357,0.3420925736427307,-0.042966458946466446,0.5922495126724243,0.26318252086639404,-0.06104036793112755,0.5569273233413696,0.19276535511016846,-0.07530929148197174,0.755071759223938,0.46538299322128296,-0.04067476838827133,0.734790027141571,0.3544952869415283,-0.06260773539543152,0.7208237648010254,0.2793314456939697,-0.07235896587371826,0.7026220560073853,0.20989421010017395,-0.08003831654787064
0.8028955459594727,0.8211561441421509,5.073153985790668e-08,0.6957753896713257,0.784633457660675,-0.017073599621653557,0.6063475012779236,0.6821579933166504,-0.021324411034584045,0.554027795791626,0.5964135527610779,-0.029065003618597984,0.505592405796051,0.5252015590667725,-0.03656807541847229,0.6091681718826294,0.5367523431777954,0.014378583058714867,0.5469634532928467,0.4490100145339966,-0.007904483005404472,0.5037068724632263,0.4033573269844055,-0.03291567787528038,0.4615481197834015,0.3548698127269745,-0.05436061695218086,0.6486404538154602,0.4956291615962982,0.0005789968417957425,0.5823960900306702,0.3900914490222931,-0.021210458129644394,0.5334409475326538,0.3308076858520508,-0.04912831261754036,0.48459392786026,0.27211490273475647,-0.07166236639022827,0.6979032158851624,0.4797496795654297,-0.019209805876016617,0.6406359672546387,0.3707335889339447,-0.04383401572704315,0.5954095125198364,0.3148893713951111,-0.06287088990211487,0.5462262034416199,0.26563599705696106,-0.07812719792127609,0.7579013705253601,0.4828713834285736,-0.04210326448082924,0.7221010327339172,0.3901318311691284,-0.0645194724202156,0.6877461671829224,0.332743376493454,-0.07593081891536713,0.6469482779502869,0.28153279423713684,-0.0854625329375267
0.7878148555755615,0.8187593221664429,-2.7193357254873263e-07,0.6875895261764526,0.7669317126274109,-0.008674233220517635,0.6055793762207031,0.6542349457740784,-0.01390841044485569,0.5569884777069092,0.5717650055885315,-0.024705354124307632,0.5099738240242004,0.5023981332778931,-0.03419492393732071,0.6227844953536987,0.5200737118721008,0.02137107588350773,0.565007746219635,0.42148706316947937,-0.01068828534334898,0.5203222036361694,0.3927437961101532,-0.04379486292600632,0.4801035225391388,0.3856942057609558,-0.06529385596513748,0.6629801392555237,0.4958066940307617,0.004790793638676405,0.6086474657058716,0.3820180296897888,-0.03237945958971977,0.5568174123764038,0.3686726987361908,-0.06512715667486191,0.5099329948425293,0.3881184458732605,-0.08194751292467117,0.7110328078269958,0.4890598654747009,-0.017335981130599976,0.6636598110198975,0.3667890429496765,-0.04487740620970726,0.6136600375175476,0.343903511762619,-0.060759030282497406,0.5667839646339417,0.35299813747406006,-0.06747256219387054,0.7683050632476807,0.49869877099990845,-0.042061470448970795,0.7329612970352173,0.40582942962646484,-0.06062376871705055,0.6915860772132874,0.3669484853744507,-0.06801098585128784,0.6486093997955322,0.35237354040145874,-0.07060137391090393
0.7647826671600342,0.7959681749343872,-4.483325426463125e-07,0.675104022026062,0.7381197214126587,-0.011239049956202507,0.6018764972686768,0.6192400455474854,-0.020922783762216568,0.5562610030174255,0.5316917896270752,-0.040063612163066864,0.5146726369857788,0.4544130563735962,-0.05446675419807434,0.6398124098777771,0.46927690505981445,0.025620071217417717,0.5931490659713745,0.3589966893196106,-0.023544251918792725,0.5848883986473083,0.3976858854293823,-0.05959075316786766,0.6082057952880859,0.44338876008987427,-0.07533670961856842,0.6801257729530334,0.45936769247055054,0.007810625247657299,0.6215771436691284,0.33334362506866455,-0.04128338024020195,0.5907502770423889,0.39049381017684937,-0.06696169823408127,0.5990402698516846,0.4423278272151947,-0.07158785313367844,0.7282915115356445,0.4690011143684387,-0.018504967913031578,0.6737514734268188,0.37389910221099854,-0.06605502218008041,0.6313076615333557,0.4597074091434479,-0.07064865529537201,0.6296458840370178,0.531205415725708,-0.05848631262779236,0.7789832949638367,0.49329569935798645,-0.04698304086923599,0.7290356159210205,0.4036117196083069,-0.0727236419916153,0.6807549595832825,0.44461482763290405,-0.06875117868185043,0.6615481972694397,0.49273067712783813,-0.05720609053969383
0.8324970602989197,0.774570107460022,-3.7181172274358687e-07,0.7110289931297302,0.6792930364608765,-0.004215657245367765,0.6431527137756348,0.5675632357597351,-0.020164109766483307,0.6143189072608948,0.4794859290122986,-0.04421662166714668,0.6094481945037842,0.41471347212791443,-0.06609822809696198,0.678380012512207,0.42585617303848267,-0.024843864142894745,0.6357496380805969,0.35317710041999817,-0.08299542963504791,0.6680145859718323,0.3065117597579956,-0.11800821125507355,0.7144008278846741,0.251059353351593,-0.13849122822284698,0.7288262248039246,0.4492459297180176,-0.04802347719669342,0.5906811952590942,0.5618314743041992,-0.11065474897623062,0.6002886295318604,0.6373884677886963,-0.11903102695941925,0.6365582346916199,0.6481109261512756,-0.11736075580120087,0.7683953642845154,0.5164037942886353,-0.07607823610305786,0.6290399432182312,0.633240282535553,-0.1286642998456955,0.6503196954727173,0.6850826740264893,-0.10762225091457367,0.6896886825561523,0.6758419871330261,-0.08535796403884888,0.8028504848480225,0.5967930555343628,-0.10688602924346924,0.6849181056022644,0.678787887096405,-0.13868555426597595,0.6940927505493164,0.7113929986953735,-0.12467008829116821,0.7276129722595215,0.6962791681289673,-0.1065802350640297
0.858822762966156,0.7622884511947632,-8.574807566219533e-07,0.7428086996078491,0.6511273980140686,0.000569115683902055,0.669409453868866,0.5245283842086792,-0.012743324972689152,0.6322868466377258,0.4262743592262268,-0.030391549691557884,0.6170771718025208,0.3498407006263733,-0.044089097529649734,0.6876427531242371,0.4335519075393677,-0.027058551087975502,0.5653699040412903,0.5099291205406189,-0.07675155997276306,0.6000403165817261,0.5606578588485718,-0.1008201539516449,0.6487241983413696,0.5468739867210388,-0.11171122640371323,0.7276440262794495,0.48117998242378235,-0.049447812139987946,0.5779697895050049,0.6077313423156738,-0.0968492180109024,0.6181488037109375,0.6465210914611816,-0.10051809996366501,0.6650224328041077,0.6236407160758972,-0.10030021518468857,0.7629928588867188,0.5498349070549011,-0.07529862970113754,0.619056224822998,0.6646208763122559,-0.11775439977645874,0.6574440598487854,0.6902150511741638,-0.10266537219285965,0.7025634050369263,0.6629455089569092,-0.08792610466480255,0.7930008769035339,0.628467857837677,-0.10170597583055496,0.6760491728782654,0.7014145851135254,-0.12578824162483215,0.7003130912780762,0.7154648303985596,-0.11657721549272537,0.7412919402122498,0.69356769323349,-0.10534665733575821
0.866864800453186,0.7598121762275696,-7.316201617868501e-07,0.774202823638916,0.6494480967521667,0.0006817514658905566,0.6998999118804932,0.5310455560684204,-0.01089367363601923,0.6528108716011047,0.44243955612182617,-0.02603345923125744,0.6284422874450684,0.3640512526035309,-0.038222767412662506,0.6954116225242615,0.4492117166519165,-0.01754172146320343,0.5737874507904053,0.5554830431938171,-0.0553179495036602,0.6024518609046936,0.5935145020484924,-0.07505278289318085,0.6397347450256348,0.5735328197479248,-0.08399998396635056,0.7263681292533875,0.5007380247116089,-0.035142745822668076,0.5946270227432251,0.6275965571403503,-0.06778337061405182,0.6309999227523804,0.6459141969680786,-0.07026617228984833,0.6682856678962708,0.6241572499275208,-0.07116968929767609,0.7556554079055786,0.5673207640647888,-0.055439624935388565,0.631206750869751,0.675541341304779,-0.08754900097846985,0.6663047671318054,0.6857154369354248,-0.07551183551549911,0.7025127410888672,0.6574767827987671,-0.06440518796443939,0.7842716574668884,0.6414936184883118,-0.07582085579633713,0.6810184717178345,0.7111266255378723,-0.09648575633764267,0.7073394656181335,0.7155277132987976,-0.08857138454914093,0.7439781427383423,0.6921336054801941,-0.07868516445159912
0.8623374700546265,0.7483597993850708,-6.932722271812963e-07,0.7714047431945801,0.647727906703949,-0.0023865122348070145,0.6973888874053955,0.5359650254249573,-0.015585190616548061,0.6509207487106323,0.4493928551673889,-0.03161122277379036,0.6230214238166809,0.3717671036720276,-0.04459800943732262,0.6967005729675293,0.44797274470329285,-0.02621159888803959,0.570613443851471,0.5565751194953918,-0.06688474118709564,0.60024094581604,0.5973758697509766,-0.08435317873954773,0.6396577954292297,0.5778687596321106,-0.0906599909067154,0.7300403714179993,0.4983264207839966,-0.04283762723207474,0.5944252610206604,0.6313844323158264,-0.08023443073034286,0.6328279376029968,0.6544055342674255,-0.08134069293737411,0.6700580716133118,0.6308692693710327,-0.08006879687309265,0.7602349519729614,0.5658512711524963,-0.062128085643053055,0.6312664747238159,0.6784077882766724,-0.09933649003505707,0.6687132120132446,0.6951247453689575,-0.08504865318536758,0.7053070068359375,0.6683661937713623,-0.07089012116193771,0.7878698706626892,0.6433320641517639,-0.08135533332824707,0.6794812679290771,0.712393581867218,-0.10663899034261703,0.7077047228813171,0.7208610773086548,-0.09815104305744171,0.7461193203926086,0.6975316405296326,-0.08652356266975403
0.8652495741844177,0.7450436353683472,-7.523127010244934e-07,0.7796516418457031,0.6466799974441528,-0.004401032347232103,0.7021114826202393,0.5452770590782166,-0.017797740176320076,0.6483750343322754,0.466590940952301,-0.03312285244464874,0.6184973120689392,0.38856041431427,-0.045800358057022095,0.699695348739624,0.45537108182907104,-0.0310831181704998,0.5734755396842957,0.5639912486076355,-0.06977672129869461,0.6022488474845886,0.6097031235694885,-0.08496331423521042,0.6410579681396484,0.5930339097976685,-0.09075450897216797,0.7310713529586792,0.5085884928703308,-0.046533044427633286,0.5961242318153381,0.6412062048912048,-0.08318252116441727,0.6337839961051941,0.6698248386383057,-0.08253765851259232,0.6714890003204346,0.6478767395019531,-0.08053421229124069,0.7612767815589905,0.5770131945610046,-0.06444642692804337,0.6345556378364563,0.689660370349884,-0.10159604251384735,0.6711914539337158,0.7090244889259338,-0.08649304509162903,0.7077957391738892,0.681657075881958,-0.07218101620674133,0.7916547060012817,0.6517028212547302,-0.08224495500326157,0.6827719211578369,0.7204810976982117,-0.10913445800542831,0.7089184522628784,0.729905366897583,-0.1011178120970726,0.7461521625518799,0.705345630645752,-0.09002924710512161
0.8643208146095276,0.742901086807251,-7.434412623297249e-07,0.7796335816383362,0.6473246812820435,-0.004447859711945057,0.7034406661987305,0.5467867255210876,-0.01772790402173996,0.6502124071121216,0.46779775619506836,-0.03280016779899597,0.6163619160652161,0.39069661498069763,-0.04527932032942772,0.7009629011154175,0.4589157700538635,-0.032315272837877274,0.5746290683746338,0.5635482668876648,-0.07117622345685959,0.5991555452346802,0.6094518899917603,-0.08481086045503616,0.638339638710022,0.5985838174819946,-0.08870230615139008,0.7332817316055298,0.5090613961219788,-0.04742895066738129,0.597808301448822,0.6401107311248779,-0.08342038094997406,0.6324188709259033,0.6715320348739624,-0.08248281478881836,0.6688151955604553,0.6520609259605408,-0.08011889457702637,0.7646339535713196,0.5760325193405151,-0.06499108672142029,0.6361171007156372,0.689026951789856,-0.10308065265417099,0.6697186827659607,0.7114340662956238,-0.08909552544355392,0.7055826783180237,0.6857360005378723,-0.07502107322216034,0.7950823307037354,0.651386022567749,-0.08216826617717743,0.6839345693588257,0.7207679152488708,-0.11030741780996323,0.7078449130058289,0.7322437763214111,-0.10321774333715439,0.7450042366981506,0.7096952795982361,-0.09247716516256332
0.8641483783721924,0.73940110206604,-7.353493174377945e-07,0.779376208782196,0.6486551761627197,-0.0071587273851037025,0.7022943496704102,0.5499739050865173,-0.021863620728254318,0.6490885019302368,0.4713631868362427,-0.03741976618766785,0.6164652705192566,0.39216405153274536,-0.04998452216386795,0.6966773271560669,0.4578288793563843,-0.03661896660923958,0.5739825367927551,0.5685737133026123,-0.07458686828613281,0.6023091077804565,0.6159912347793579,-0.08745739609003067,0.6421981453895569,0.6015920639038086,-0.09162140637636185,0.7300865054130554,0.5069920420646667,-0.050688713788986206,0.5980026721954346,0.6434261202812195,-0.08590758591890335,0.6339539885520935,0.6749299764633179,-0.08410533517599106,0.6697677373886108,0.654085099697113,-0.081687331199646,0.7627813816070557,0.574946939945221,-0.06710435450077057,0.6366792321205139,0.6928980946540833,-0.10447325557470322,0.6710941791534424,0.7147452235221863,-0.0899173766374588,0.7063470482826233,0.6869363188743591,-0.07609730958938599,0.7943920493125916,0.6510476469993591,-0.08330857008695602,0.6843821406364441,0.725412130355835,-0.11180878430604935,0.7091832160949707,0.7353525757789612,-0.10508333891630173,0.7464002966880798,0.7102026343345642,-0.09482438117265701
0.8616790175437927,0.7364258766174316,-7.191995337052504e-07,0.7763417959213257,0.6491937041282654,-0.008258665911853313,0.699196994304657,0.5520836710929871,-0.023623859509825706,0.647616982460022,0.4746095538139343,-0.039771534502506256,0.6142022609710693,0.39563584327697754,-0.05293257534503937,0.6906866431236267,0.4588901400566101,-0.03620744124054909,0.5713201761245728,0.5755156874656677,-0.07485610246658325,0.6021443009376526,0.6226015090942383,-0.08955444395542145,0.6433605551719666,0.6062161326408386,-0.09512031078338623,0.7260096669197083,0.5059959888458252,-0.05015178397297859,0.5977975130081177,0.6482130289077759,-0.08499909937381744,0.6348770260810852,0.6781644821166992,-0.08413075655698776,0.6713985204696655,0.6554146409034729,-0.08264151215553284,0.7604730725288391,0.5737191438674927,-0.06663908809423447,0.6365987658500671,0.6966307759284973,-0.10375593602657318,0.6721584796905518,0.7181726098060608,-0.08939433097839355,0.7082119584083557,0.6896324157714844,-0.07587787508964539,0.7931827306747437,0.6513259410858154,-0.08311917632818222,0.6841098666191101,0.7313541769981384,-0.11221135407686234,0.7101116180419922,0.7398360371589661,-0.10572676360607147,0.7487418055534363,0.7128702402114868,-0.09552182257175446
0.866107702255249,0.7401923537254333,-6.962559382373001e-07,0.7880191206932068,0.6499161124229431,-0.003542747115716338,0.7070578336715698,0.5554352402687073,-0.01723169907927513,0.6501832008361816,0.48299533128738403,-0.03300723433494568,0.6124529242515564,0.40895140171051025,-0.046046070754528046,0.692693293094635,0.4734330475330353,-0.032088834792375565,0.5709154605865479,0.5895448327064514,-0.07216932624578476,0.6006757020950317,0.629974365234375,-0.08840533345937729,0.6404153108596802,0.6117097735404968,-0.09468985348939896,0.724324107170105,0.5232464075088501,-0.04875001311302185,0.5934785604476929,0.6610186696052551,-0.08579578250646591,0.6320756673812866,0.6853653788566589,-0.08545054495334625,0.6695687174797058,0.659808337688446,-0.08355668932199478,0.7562825083732605,0.5897775292396545,-0.06790521740913391,0.6310221552848816,0.7081068158149719,-0.10645349323749542,0.6687389612197876,0.7242452502250671,-0.09263381361961365,0.7062696218490601,0.6929820775985718,-0.07896223664283752,0.7886475324630737,0.6641592383384705,-0.08667648583650589,0.68086177110672,0.7387034296989441,-0.11726917326450348,0.7096072435379028,0.744828462600708,-0.11122990399599075,0.7505665421485901,0.7172029614448547,-0.10089293867349625
0.8637237548828125,0.7386655807495117,-7.187576898104453e-07,0.7828376889228821,0.6511625051498413,-0.004005974158644676,0.7024617195129395,0.558159589767456,-0.01805247738957405,0.6476522088050842,0.48578324913978577,-0.03385598212480545,0.6143772006034851,0.41111207008361816,-0.047160133719444275,0.6931554079055786,0.4751442074775696,-0.03548179566860199,0.5699945688247681,0.5896256566047668,-0.07524404674768448,0.6001437306404114,0.6345399618148804,-0.09069685637950897,0.6418057084083557,0.6188691854476929,-0.09626825153827667,0.7260890007019043,0.5246664881706238,-0.05115548521280289,0.5941943526268005,0.6618555188179016,-0.08684875816106796,0.6317422389984131,0.6893535256385803,-0.08481168001890182,0.6695941090583801,0.664591908454895,-0.08227558434009552,0.7587879300117493,0.5916192531585693,-0.06904006749391556,0.6315643191337585,0.7078776955604553,-0.10689153522253036,0.6671931147575378,0.7275474071502686,-0.09122283011674881,0.7050698399543762,0.7001372575759888,-0.07634031027555466,0.7914000153541565,0.6672759056091309,-0.08650105446577072,0.6812560558319092,0.741241455078125,-0.1167154312133789,0.7072710990905762,0.7513689398765564,-0.10952272266149521,0.7474495768547058,0.7280351519584656,-0.09837818145751953
0.8648449182510376,0.736031711101532,-6.934758971510746e-07,0.7874271273612976,0.6475404500961304,-0.003860392374917865,0.7055498361587524,0.5579236745834351,-0.018275292590260506,0.6477562189102173,0.4879227876663208,-0.03441156819462776,0.613300085067749,0.41371166706085205,-0.04840657114982605,0.6917426586151123,0.4795916676521301,-0.03774820640683174,0.568585991859436,0.5923449397087097,-0.07772933691740036,0.5993905067443848,0.6336591243743896,-0.09359896928071976,0.6404916644096375,0.6168531775474548,-0.09974970668554306,0.7243291735649109,0.530622124671936,-0.05369231849908829,0.5922387838363647,0.6645594239234924,-0.08919695764780045,0.630466639995575,0.6896055936813354,-0.08714819699525833,0.6681703925132751,0.6654042601585388,-0.084908127784729,0.757393479347229,0.5979205369949341,-0.07164496183395386,0.6331685781478882,0.7137163877487183,-0.10863722860813141,0.6702080965042114,0.7300711870193481,-0.09292562305927277,0.7082054615020752,0.7008402347564697,-0.0785847082734108,0.7910633087158203,0.6732794046401978,-0.08907676488161087,0.6815730929374695,0.7477915287017822,-0.11865297704935074,0.7099462151527405,0.7545199394226074,-0.11104180663824081,0.7511698603630066,0.7281945943832397,-0.1000249832868576
0.8565120100975037,0.7397140264511108,-8.55876749028539e-07,0.7772210240364075,0.6599382162094116,0.0023080362007021904,0.6999284029006958,0.571320116519928,-0.011576223187148571,0.6445085406303406,0.5035626888275146,-0.02773977816104889,0.601017415523529,0.43308883905410767,-0.0465848408639431,0.6931484937667847,0.4959856867790222,-0.05749143287539482,0.5614995360374451,0.5648483633995056,-0.09320898354053497,0.539286732673645,0.6503005623817444,-0.1042940691113472,0.5603889226913452,0.6981990933418274,-0.10810062289237976,0.7248603701591492,0.5414236187934875,-0.07762865722179413,0.5785223245620728,0.6287400722503662,-0.11121498048305511,0.5750537514686584,0.7076548337936401,-0.10910791158676147,0.6044857501983643,0.7374805808067322,-0.10807881504297256,0.7591342329978943,0.6053867340087891,-0.09683708101511002,0.6175172328948975,0.6895351409912109,-0.129908949136734,0.6290661096572876,0.7469369173049927,-0.11556467413902283,0.6660401821136475,0.751137912273407,-0.10474426299333572,0.7913376092910767,0.6780208349227905,-0.11432389914989471,0.6788389086723328,0.732109010219574,-0.1436896026134491,0.6849784851074219,0.7627257704734802,-0.13752633333206177,0.7182161808013916,0.7539727091789246,-0.13024398684501648
0.8578191995620728,0.7541253566741943,-1.012225993690663e-06,0.7665921449661255,0.6825077533721924,0.010232968255877495,0.6862031817436218,0.5988391041755676,-0.0035542931873351336,0.629368245601654,0.5400952696800232,-0.021739650517702103,0.5853274464607239,0.47754213213920593,-0.042222537100315094,0.689831018447876,0.49993178248405457,-0.054869282990694046,0.5629263520240784,0.5564128756523132,-0.08963871002197266,0.5260589122772217,0.6449787616729736,-0.09808853268623352,0.5297776460647583,0.708397388458252,-0.09933460503816605,0.7253263592720032,0.542404055595398,-0.07946985960006714,0.5806525945663452,0.6297846436500549,-0.11336452513933182,0.5669273734092712,0.7217149138450623,-0.10950019210577011,0.5885447859764099,0.7595453858375549,-0.10634805262088776,0.7608823776245117,0.6065150499343872,-0.10218130052089691,0.6192535161972046,0.6805379986763,-0.13344578444957733,0.6127620935440063,0.7561356425285339,-0.11664292216300964,0.6373171210289001,0.7756296992301941,-0.10342658311128616,0.7940798997879028,0.6805191040039062,-0.12265776097774506,0.6774411797523499,0.7195721864700317,-0.14671611785888672,0.6563923358917236,0.7699335217475891,-0.13710659742355347,0.667811393737793,0.7868977785110474,-0.12733010947704315
0.6120866537094116,0.3715328872203827,-3.995670283529762e-07,0.6187706589698792,0.2837522029876709,-0.020535215735435486,0.6519455909729004,0.21624289453029633,-0.05136627331376076,0.6985061764717102,0.17757725715637207,-0.07788103073835373,0.7453327178955078,0.1358320415019989,-0.10849869251251221,0.6622877717018127,0.2980494499206543,-0.09938427060842514,0.579640805721283,0.2809838056564331,-0.13617655634880066,0.5850591659545898,0.293933629989624,-0.15697498619556427,0.6096292734146118,0.3081740140914917,-0.1701156198978424,0.6443009376525879,0.3783525228500366,-0.10907168686389923,0.5408527255058289,0.3311041593551636,-0.13773958384990692,0.5590810775756836,0.3413945436477661,-0.1386561393737793,0.5935956239700317,0.362704873085022,-0.1456293910741806,0.6194358468055725,0.43785980343818665,-0.11608555167913437,0.5265322923660278,0.38342350721359253,-0.14291241765022278,0.5473331809043884,0.39154744148254395,-0.12487476319074631,0.583026111125946,0.4099733233451843,-0.11568084359169006,0.596211314201355,0.4814882278442383,-0.12404371052980423,0.5278276205062866,0.44023895263671875,-0.1439952850341797,0.5468225479125977,0.44395577907562256,-0.12898921966552734,0.5783970952033997,0.4577692747116089,-0.11950875073671341
0.8531889915466309,0.7750255465507507,-9.893494734569686e-07,0.7540808320045471,0.7025803327560425,0.011507248505949974,0.6752236485481262,0.6062929034233093,0.0009757511434145272,0.6193509101867676,0.5357455015182495,-0.013853457756340504,0.5721024870872498,0.4758005738258362,-0.031168874353170395,0.6892771124839783,0.5074307322502136,-0.0497138686478138,0.5672144889831543,0.5440988540649414,-0.08517424762248993,0.5191332697868347,0.6197155714035034,-0.09696809947490692,0.5088477730751038,0.6856638789176941,-0.09880685061216354,0.7239164113998413,0.5473364591598511,-0.07239904999732971,0.5846393704414368,0.6152647733688354,-0.09976179152727127,0.555166482925415,0.7079135775566101,-0.0961381047964096,0.5625326037406921,0.7587370276451111,-0.09444209188222885,0.7578815817832947,0.608252763748169,-0.09354144334793091,0.6240983605384827,0.6572418808937073,-0.11927998811006546,0.5988962054252625,0.7376193404197693,-0.10596714913845062,0.6099554300308228,0.7798361778259277,-0.09625400602817535,0.7878034710884094,0.6821328997612,-0.11268208175897598,0.6816481947898865,0.7005712389945984,-0.13232257962226868,0.6485932469367981,0.7527552843093872,-0.12446001917123795,0.646972119808197,0.7847797870635986,-0.11666795611381531
0.5303419828414917,0.36433106660842896,-4.957350370204949e-07,0.5741209387779236,0.2728452682495117,-0.03622863441705704,0.6374965310096741,0.21637225151062012,-0.0575900562107563,0.6926538944244385,0.17929106950759888,-0.07446172088384628,0.7433643341064453,0.1378823071718216,-0.09029291570186615,0.6801846027374268,0.3302513360977173,-0.046966537833213806,0.6202660202980042,0.2827373147010803,-0.08092118054628372,0.5944100022315979,0.2798785865306854,-0.1059827208518982,0.5882809162139893,0.29138708114624023,-0.12262900918722153,0.6606450080871582,0.4085581302642822,-0.047102004289627075,0.6112487316131592,0.3549015522003174,-0.07114099711179733,0.595495879650116,0.35029137134552,-0.08616255968809128,0.5879087448120117,0.35676559805870056,-0.10072434693574905,0.6274778842926025,0.4710926413536072,-0.05058417096734047,0.5842979550361633,0.4085071086883545,-0.08412802964448929,0.5631487369537354,0.3790415823459625,-0.09044425189495087,0.5523389577865601,0.36534151434898376,-0.09369838237762451,0.5881624221801758,0.5201371312141418,-0.056233640760183334,0.5562663674354553,0.480089008808136,-0.08561857044696808,0.5337682366371155,0.44612258672714233,-0.08860041946172714,0.5178368091583252,0.4266532063484192,-0.08836770057678223
0.7792142033576965,0.8406240940093994,5.270485985420237e-07,0.690234899520874,0.8335219621658325,-0.030412212014198303,0.6084085702896118,0.7395730018615723,-0.0414474755525589,0.5559530854225159,0.6520466804504395,-0.0492289736866951,0.5022804737091064,0.5967200994491577,-0.0565725713968277,0.610353410243988,0.5923354029655457,-0.023848775774240494,0.5664178729057312,0.49242061376571655,-0.04748620092868805,0.5305597186088562,0.4402003288269043,-0.06915287673473358,0.4924473166465759,0.40494057536125183,-0.085305355489254,0.6662567257881165,0.5470125675201416,-0.030014589428901672,0.6273553371429443,0.4263598322868347,-0.048376649618148804,0.5932700634002686,0.36484676599502563,-0.06883164495229721,0.5571165680885315,0.3235921263694763,-0.08397186547517776,0.7297857999801636,0.5321407914161682,-0.04070840775966644,0.7003725171089172,0.40933406352996826,-0.06565859168767929,0.6757298707962036,0.337290495634079,-0.0836542546749115,0.6474480032920837,0.2769472002983093,-0.09635451436042786,0.7978473901748657,0.5445395708084106,-0.053527384996414185,0.7985005974769592,0.42890113592147827,-0.08060520142316818,0.7995665669441223,0.35110220313072205,-0.0911557674407959,0.7959318161010742,0.28384068608283997,-0.09700706601142883
0.5305958986282349,0.48023927211761475,-9.219685352945817e-07,0.5831246376037598,0.3802749216556549,-0.02619757317006588,0.6434495449066162,0.2898063659667969,-0.05630115792155266,0.6942471265792847,0.21106871962547302,-0.08591578900814056,0.7399802207946777,0.13585908710956573,-0.1162860095500946,0.7123385667800903,0.4177111089229584,-0.05804232880473137,0.7160835862159729,0.34048113226890564,-0.11012955009937286,0.6818053722381592,0.25991326570510864,-0.14671726524829865,0.6489729285240173,0.18656738102436066,-0.16594265401363373,0.6868267059326172,0.47704723477363586,-0.0679369866847992,0.6766222715377808,0.3707195818424225,-0.11192987114191055,0.6403814554214478,0.2767118513584137,-0.1345769166946411,0.6087413430213928,0.20343531668186188,-0.14803995192050934,0.6453151106834412,0.5259515643119812,-0.08062313497066498,0.6194019913673401,0.4126977324485779,-0.13174371421337128,0.5803214311599731,0.3188261091709137,-0.14224232733249664,0.5483092069625854,0.24783450365066528,-0.1432826817035675,0.593421220779419,0.5628424882888794,-0.09346215426921844,0.5548053979873657,0.4829007387161255,-0.13595078885555267,0.5117457509040833,0.4111478924751282,-0.13837040960788727,0.4813103675842285,0.3545323312282562,-0.13448180258274078
0.7953085899353027,0.839525580406189,6.056006895960309e-07,0.6996466517448425,0.8429754376411438,-0.03703908622264862,0.6128423810005188,0.7562464475631714,-0.05258476734161377,0.5574330687522888,0.6632483005523682,-0.0642329603433609,0.49843859672546387,0.6064881086349487,-0.0756099745631218,0.6135697960853577,0.5827054977416992,-0.028341611847281456,0.5600641965866089,0.4754174053668976,-0.05456763878464699,0.5215047597885132,0.4072536826133728,-0.07848751544952393,0.48781338334083557,0.3449251353740692,-0.09735167771577835,0.6675200462341309,0.529374897480011,-0.03337695077061653,0.6154883503913879,0.3902187943458557,-0.05614674091339111,0.5784605741500854,0.29748231172561646,-0.08058695495128632,0.5455054044723511,0.21829980611801147,-0.09862706810235977,0.7309154868125916,0.5131803154945374,-0.04339626431465149,0.6963425874710083,0.3660256266593933,-0.07326456904411316,0.6715238690376282,0.2688559591770172,-0.09836994111537933,0.6476189494132996,0.18301069736480713,-0.1156863197684288,0.7983440160751343,0.5266061425209045,-0.05583115667104721,0.7975669503211975,0.4068673849105835,-0.08616962283849716,0.7971962690353394,0.3254324197769165,-0.10099521279335022,0.7926952838897705,0.25033870339393616,-0.1102224662899971
0.5984662771224976,0.5368932485580444,-8.562438438275422e-07,0.6235109567642212,0.402311772108078,-0.022383306175470352,0.6688240766525269,0.2915491461753845,-0.049966324120759964,0.6979665756225586,0.20228701829910278,-0.07900228351354599,0.7420147657394409,0.12721961736679077,-0.1098666712641716,0.7443653345108032,0.43451806902885437,-0.05806601792573929,0.7595741748809814,0.36725279688835144,-0.1101163774728775,0.7501890063285828,0.3055884540081024,-0.1495436280965805,0.7363302707672119,0.2380084991455078,-0.17394882440567017,0.7271391153335571,0.4960593283176422,-0.07448238134384155,0.6880192160606384,0.3712391257286072,-0.1267845779657364,0.6516350507736206,0.27827519178390503,-0.15392780303955078,0.6228616833686829,0.2013692706823349,-0.17225748300552368,0.6909286379814148,0.5442944765090942,-0.09384719282388687,0.6468310356140137,0.41435322165489197,-0.15540054440498352,0.6026529669761658,0.3128012716770172,-0.17031627893447876,0.5690938234329224,0.2295304238796234,-0.17450907826423645,0.6470970511436462,0.5780121684074402,-0.11289796233177185,0.6020920276641846,0.4734170138835907,-0.16897739470005035,0.554504930973053,0.38560909032821655,-0.17737029492855072,0.5181208848953247,0.31033164262771606,-0.1770739108324051
0.8110495209693909,0.8488603830337524,5.179888376005692e-07,0.7107521891593933,0.8474858999252319,-0.038822975009679794,0.6197306513786316,0.7623698711395264,-0.05486743152141571,0.56390780210495,0.6648225784301758,-0.06744606047868729,0.5042380690574646,0.597295880317688,-0.07857737690210342,0.6171985268592834,0.5751913785934448,-0.023158757016062737,0.557021975517273,0.4582078754901886,-0.04893927648663521,0.5178084373474121,0.38655370473861694,-0.07303469628095627,0.483327180147171,0.32097291946411133,-0.09213261306285858,0.6693681478500366,0.5218708515167236,-0.027239685878157616,0.6114324927330017,0.37994837760925293,-0.04824616387486458,0.5753285884857178,0.29013746976852417,-0.07119067758321762,0.5437785983085632,0.213058203458786,-0.08893892914056778,0.7300282120704651,0.5043663382530212,-0.03719643875956535,0.6872553825378418,0.3559369444847107,-0.06220902502536774,0.6641122102737427,0.26225873827934265,-0.08116307854652405,0.6413568258285522,0.17971333861351013,-0.09552120417356491,0.7967360019683838,0.5137709975242615,-0.05080651491880417,0.7816699743270874,0.39610719680786133,-0.07463773339986801,0.7722033262252808,0.3182222843170166,-0.08440343290567398,0.760330855846405,0.2464819848537445,-0.09117406606674194
0.5730406641960144,0.5210586786270142,-9.019282742883661e-07,0.605585515499115,0.38282719254493713,-0.026176586747169495,0.6566557288169861,0.2769756019115448,-0.04510433226823807,0.6944543719291687,0.20179277658462524,-0.06369798630475998,0.7411002516746521,0.13323968648910522,-0.08350758254528046,0.7308317422866821,0.42668890953063965,-0.05154634267091751,0.7371305823326111,0.35700538754463196,-0.09562565386295319,0.7222075462341309,0.28804105520248413,-0.12869183719158173,0.7068440318107605,0.21442174911499023,-0.15066413581371307,0.7000434398651123,0.4933386445045471,-0.06264932453632355,0.658345103263855,0.38308313488960266,-0.10773666203022003,0.6155296564102173,0.29493850469589233,-0.13431349396705627,0.5834710001945496,0.21872113645076752,-0.15461647510528564,0.6554133892059326,0.5474207401275635,-0.07691166549921036,0.5970585346221924,0.4349827468395233,-0.1324860006570816,0.5509546995162964,0.3453635573387146,-0.14877094328403473,0.5166724324226379,0.26618343591690063,-0.15512330830097198,0.6063438057899475,0.5865935683250427,-0.09122157096862793,0.5611158609390259,0.5038262009620667,-0.1403089463710785,0.5202689170837402,0.4327614903450012,-0.14933227002620697,0.4893985986709595,0.367567241191864,-0.1508898138999939
0.8205564618110657,0.852597713470459,4.576033347802877e-07,0.7136927843093872,0.8437530994415283,-0.03730827942490578,0.6211599111557007,0.7466089129447937,-0.04639802873134613,0.5673328638076782,0.6395692825317383,-0.05261863023042679,0.5087151527404785,0.567936360836029,-0.05669889226555824,0.6242209672927856,0.5562123656272888,-0.00686649838462472,0.5635465383529663,0.43674910068511963,-0.02645595371723175,0.5262206196784973,0.36790627241134644,-0.047422733157873154,0.49353253841400146,0.30374160408973694,-0.06445535272359848,0.6794720888137817,0.506739616394043,-0.009199616499245167,0.6230862736701965,0.36929285526275635,-0.020654454827308655,0.5885008573532104,0.2874671518802643,-0.0384189635515213,0.5586453676223755,0.21938356757164001,-0.05350010469555855,0.7408575415611267,0.4922812581062317,-0.01885744370520115,0.7023385763168335,0.3552711606025696,-0.035431332886219025,0.681650698184967,0.27443650364875793,-0.04874157905578613,0.6602587103843689,0.20283392071723938,-0.06027965620160103,0.8070811033248901,0.5025959014892578,-0.03315095603466034,0.7946962714195251,0.39199575781822205,-0.0502302460372448,0.7892718315124512,0.32091057300567627,-0.056165099143981934,0.7823804020881653,0.2530294358730316,-0.06081133335828781
0.5868557691574097,0.5257644653320312,-7.408270903397352e-07,0.6129865646362305,0.3775984048843384,-0.02658914402127266,0.6615849733352661,0.27029094099998474,-0.04639657586812973,0.699807345867157,0.19718687236309052,-0.06471665948629379,0.7483577728271484,0.13109910488128662,-0.08434243500232697,0.732585608959198,0.42942026257514954,-0.05849631503224373,0.7533819079399109,0.3767760694026947,-0.09664102643728256,0.7531847953796387,0.31988856196403503,-0.125013530254364,0.7505260109901428,0.2550678253173828,-0.1450747698545456,0.7069767117500305,0.49593716859817505,-0.06684569269418716,0.6719623804092407,0.3762367367744446,-0.10650274902582169,0.6362987756729126,0.2891480624675751,-0.12796150147914886,0.6084973216056824,0.2177257239818573,-0.14646495878696442,0.6663603782653809,0.5454329252243042,-0.07751741260290146,0.6192958354949951,0.41608184576034546,-0.1269351840019226,0.5820598602294922,0.3162853717803955,-0.14153559505939484,0.55198073387146,0.22941727936267853,-0.14998577535152435,0.6214001774787903,0.5805528163909912,-0.0883074700832367,0.5737183094024658,0.48409098386764526,-0.13648086786270142,0.5324344038963318,0.40507999062538147,-0.14749667048454285,0.5003694295883179,0.33377742767333984,-0.15199925005435944
0.8202340006828308,0.8628867864608765,4.222554252919508e-07,0.7142831087112427,0.8508087396621704,-0.03712812811136246,0.6231247186660767,0.7505262494087219,-0.04628460481762886,0.5711638927459717,0.6398454904556274,-0.053141236305236816,0.512570858001709,0.5646753907203674,-0.05751665309071541,0.6263611316680908,0.5592119097709656,-0.0012434454401955009,0.5653859376907349,0.44471442699432373,-0.021616952493786812,0.5279015302658081,0.3764446973800659,-0.04394333064556122,0.49578535556793213,0.31193503737449646,-0.06209452822804451,0.6801447868347168,0.5081486105918884,-0.0036339731886982918,0.6253502368927002,0.371441513299942,-0.015691379085183144,0.5910707712173462,0.2913755774497986,-0.03386642783880234,0.5597610473632812,0.222971111536026,-0.04919390007853508,0.7405014038085938,0.4931952953338623,-0.01381565909832716,0.7010369896888733,0.3555086851119995,-0.030123533681035042,0.6787979602813721,0.2776510715484619,-0.04198913276195526,0.6548149585723877,0.20784148573875427,-0.05255921930074692,0.8067916035652161,0.5051872730255127,-0.029075702652335167,0.7971596717834473,0.39748239517211914,-0.0451115183532238,0.7912581562995911,0.32652607560157776,-0.05038120597600937,0.783126950263977,0.2588118612766266,-0.05468648672103882
0.6024156212806702,0.5289189219474792,-9.622109473639284e-07,0.6233447194099426,0.3875672221183777,-0.030332272872328758,0.667087972164154,0.2830607295036316,-0.0529533326625824,0.7032677531242371,0.20854464173316956,-0.07300900667905807,0.7488940954208374,0.14123548567295074,-0.09438938647508621,0.7178788185119629,0.4224553108215332,-0.07702964544296265,0.7172563076019287,0.3474946618080139,-0.12422303110361099,0.7013713121414185,0.2806801497936249,-0.15520943701267242,0.6857382655143738,0.2059292048215866,-0.17392563819885254,0.6917329430580139,0.4943044185638428,-0.08529585599899292,0.6443359851837158,0.37961485981941223,-0.13430364429950714,0.6029994487762451,0.29548683762550354,-0.15945327281951904,0.5710529685020447,0.22097255289554596,-0.17850624024868011,0.6556382179260254,0.5558910369873047,-0.09511082619428635,0.5841993689537048,0.4485698938369751,-0.15514424443244934,0.535331666469574,0.36726561188697815,-0.17308682203292847,0.4976099133491516,0.29407966136932373,-0.17941205203533173,0.6176507472991943,0.6058482527732849,-0.10475625097751617,0.5694531798362732,0.5429975986480713,-0.15700025856494904,0.5266305208206177,0.4832781255245209,-0.16803565621376038,0.49123257398605347,0.4241511821746826,-0.1710076630115509
0.8209124207496643,0.8651529550552368,4.1813532902779116e-07,0.7156050205230713,0.851100742816925,-0.03781452775001526,0.6246688961982727,0.7513917684555054,-0.048148564994335175,0.5721950531005859,0.6407923102378845,-0.05607772618532181,0.513351321220398,0.5659334063529968,-0.0615784153342247,0.6267945766448975,0.5596776604652405,-0.003922454547137022,0.5662395358085632,0.44438207149505615,-0.025239283218979836,0.5284370183944702,0.37607342004776,-0.047901324927806854,0.4952404797077179,0.31127673387527466,-0.0664103552699089,0.6804415583610535,0.5093238353729248,-0.006368714850395918,0.6264570951461792,0.3725823163986206,-0.02013843134045601,0.5929931998252869,0.293599933385849,-0.038789913058280945,0.5620560050010681,0.22554203867912292,-0.05448545515537262,0.74048912525177,0.49483799934387207,-0.016574827954173088,0.701426088809967,0.35725879669189453,-0.034611597657203674,0.6784988045692444,0.27896595001220703,-0.04743267968297005,0.6538609862327576,0.20833608508110046,-0.058633022010326385,0.8063119649887085,0.5076341032981873,-0.03182771056890488,0.7987459897994995,0.3984805941581726,-0.0496893934905529,0.7937608957290649,0.3258421719074249,-0.056502316147089005,0.7860832810401917,0.2565559446811676,-0.06191366910934448
0.62890625,0.5354463458061218,-8.875599064595008e-07,0.645004153251648,0.3896755874156952,-0.03630082309246063,0.6827703714370728,0.2797885239124298,-0.056171562522649765,0.7160834074020386,0.20484372973442078,-0.07162924855947495,0.7608753442764282,0.13714444637298584,-0.0884125828742981,0.7229689955711365,0.4317799210548401,-0.07219383865594864,0.7030420303344727,0.33994022011756897,-0.11349184066057205,0.6818675994873047,0.2677624523639679,-0.14210207760334015,0.6654691696166992,0.19256864488124847,-0.16099362075328827,0.6961706280708313,0.4995031952857971,-0.07542787492275238,0.6443431973457336,0.38135281205177307,-0.1186966523528099,0.6082029342651367,0.290873646736145,-0.14536422491073608,0.580437183380127,0.21282148361206055,-0.16766278445720673,0.664862334728241,0.5551089644432068,-0.08064600080251694,0.5908875465393066,0.44132697582244873,-0.13555249571800232,0.5492154359817505,0.3569055199623108,-0.1564701497554779,0.5186963677406311,0.2873110771179199,-0.16685323417186737,0.633730411529541,0.5990633964538574,-0.08633389323949814,0.5815081596374512,0.514410674571991,-0.1326444000005722,0.544615626335144,0.4506450593471527,-0.14468714594841003,0.516848087310791,0.395877480506897,-0.15072304010391235
0.8215853571891785,0.863316535949707,4.5763499656459317e-07,0.7164517045021057,0.8512237668037415,-0.03829655796289444,0.6246539950370789,0.7493995428085327,-0.04762779548764229,0.5732487440109253,0.6367161870002747,-0.05432308837771416,0.5157292485237122,0.5600785613059998,-0.05848856642842293,0.6289765238761902,0.5576754808425903,-0.004210092592984438,0.5705164074897766,0.43901702761650085,-0.02508058026432991,0.5343344807624817,0.367526113986969,-0.04717019945383072,0.5025529861450195,0.3003480136394501,-0.06528869271278381,0.6834440231323242,0.5083693265914917,-0.006380579434335232,0.6312783360481262,0.36801087856292725,-0.01994105614721775,0.5989857316017151,0.28548264503479004,-0.03830946609377861,0.5692567229270935,0.21474167704582214,-0.05373730883002281,0.7434982657432556,0.4952540993690491,-0.016356388106942177,0.7047057747840881,0.3556361496448517,-0.03451325744390488,0.6820107698440552,0.27499109506607056,-0.04728251323103905,0.65802001953125,0.2022804617881775,-0.058475419878959656,0.8100852370262146,0.5085824728012085,-0.03142918646335602,0.8028524518013,0.39883995056152344,-0.04937180131673813,0.7988086342811584,0.326084166765213,-0.05586102604866028,0.792388916015625,0.2566155195236206,-0.06105466187000275
0.6195898056030273,0.5359582304954529,-9.840350685408339e-07,0.636254072189331,0.3948711156845093,-0.0250332523137331,0.6745811700820923,0.28510287404060364,-0.03904738649725914,0.7106683254241943,0.21649391949176788,-0.052629437297582626,0.7529688477516174,0.15095607936382294,-0.06792651116847992,0.7224595546722412,0.43406668305397034,-0.04375079274177551,0.7152420878410339,0.3489759564399719,-0.0832623839378357,0.6884852051734924,0.2759046256542206,-0.11348255723714828,0.6633409261703491,0.20154912769794464,-0.13310135900974274,0.7026296854019165,0.4930438995361328,-0.05128087103366852,0.653964102268219,0.3848964273929596,-0.09157818555831909,0.6130032539367676,0.3001877963542938,-0.12039369344711304,0.5842825770378113,0.22763611376285553,-0.14298221468925476,0.6803780198097229,0.5399101972579956,-0.06172900274395943,0.613005518913269,0.431438684463501,-0.10908917337656021,0.5714060664176941,0.35033971071243286,-0.12969309091567993,0.5436116456985474,0.2818794250488281,-0.14003677666187286,0.6607669591903687,0.5774158239364624,-0.07236801087856293,0.6051756739616394,0.47518718242645264,-0.11044391989707947,0.5667366981506348,0.40052178502082825,-0.12056048214435577,0.5409561991691589,0.3377465009689331,-0.12507718801498413
0.8207826614379883,0.8656936883926392,4.544248497495573e-07,0.7154302597045898,0.8500704765319824,-0.03650642931461334,0.6249752640724182,0.7481046915054321,-0.046377528458833694,0.5736549496650696,0.6372418999671936,-0.054154302924871445,0.5161682963371277,0.5612959861755371,-0.05961330980062485,0.6281888484954834,0.5571684837341309,-0.003515518270432949,0.5694488286972046,0.4396132528781891,-0.025326840579509735,0.5334184169769287,0.3682452142238617,-0.04807387292385101,0.5023107528686523,0.3011346161365509,-0.06641293317079544,0.6826810240745544,0.5084447264671326,-0.006989810615777969,0.6306759715080261,0.36784106492996216,-0.021721748635172844,0.5985048413276672,0.28603434562683105,-0.04080459102988243,0.5687568187713623,0.21590101718902588,-0.05646885558962822,0.7431296110153198,0.4954594373703003,-0.01807221956551075,0.7047978639602661,0.3544843792915344,-0.03722476586699486,0.6821280121803284,0.27375301718711853,-0.050508592277765274,0.6578588485717773,0.2014918327331543,-0.0617392435669899,0.8094713687896729,0.5098176598548889,-0.03399639204144478,0.8030464053153992,0.3983341157436371,-0.052453428506851196,0.7989735007286072,0.32508060336112976,-0.059139903634786606,0.792034924030304,0.2558416426181793,-0.06431551277637482
0.6153261661529541,0.5371376872062683,-9.055531791091198e-07,0.6375625729560852,0.39955732226371765,-0.030870961025357246,0.6773064732551575,0.29095667600631714,-0.05069495737552643,0.7140533924102783,0.21946226060390472,-0.06912440061569214,0.7571302652359009,0.15202847123146057,-0.0886477530002594,0.7316615581512451,0.44132623076438904,-0.055287569761276245,0.7282363176345825,0.35851025581359863,-0.10439752042293549,0.7003149390220642,0.2823106646537781,-0.14146815240383148,0.6710211038589478,0.20364327728748322,-0.1647736132144928,0.703524112701416,0.4949158728122711,-0.06258699297904968,0.6578996181488037,0.3861275911331177,-0.10996401309967041,0.6196981072425842,0.30193454027175903,-0.1414012461900711,0.5930355787277222,0.23049911856651306,-0.16571137309074402,0.6713771820068359,0.5392666459083557,-0.0734504833817482,0.6109335422515869,0.43203601241111755,-0.1257089227437973,0.5721028447151184,0.35201296210289,-0.14493469893932343,0.5460783243179321,0.28234589099884033,-0.1542797088623047,0.6417455077171326,0.5750967264175415,-0.08525830507278442,0.5963881611824036,0.4841660261154175,-0.12772566080093384,0.5626669526100159,0.4163573086261749,-0.13764192163944244,0.5408267974853516,0.35785698890686035,-0.14156125485897064
0.8202034831047058,0.868227481842041,4.432127411746478e-07,0.7151097059249878,0.8523322343826294,-0.03536936268210411,0.6245719194412231,0.7507627010345459,-0.044912245124578476,0.5744504928588867,0.6405820250511169,-0.05263952538371086,0.5184542536735535,0.5646186470985413,-0.05812503397464752,0.6273403763771057,0.5601553320884705,-0.002894527278840542,0.5688706636428833,0.44346582889556885,-0.024477386847138405,0.5333060026168823,0.3723856210708618,-0.04690452292561531,0.5033190250396729,0.3060700297355652,-0.0649668425321579,0.6816647052764893,0.510769784450531,-0.007038045674562454,0.6298863887786865,0.36965692043304443,-0.021813631057739258,0.5975891351699829,0.2876622676849365,-0.04080042615532875,0.5683658719062805,0.21739616990089417,-0.05633940175175667,0.7423021793365479,0.4971719980239868,-0.01866687647998333,0.703709065914154,0.35486483573913574,-0.03763792663812637,0.681759238243103,0.27526578307151794,-0.0506085567176342,0.6588273644447327,0.20387184619903564,-0.0615672767162323,0.8087825775146484,0.5112386345863342,-0.0350651852786541,0.8017069101333618,0.3987691402435303,-0.0533604621887207,0.797573447227478,0.3253960609436035,-0.059794552624225616,0.7912625074386597,0.25614526867866516,-0.06475580483675003
0.5995956659317017,0.5044251680374146,-5.439604819912347e-07,0.6354503631591797,0.3733578026294708,-0.027862437069416046,0.6891981363296509,0.2714972496032715,-0.043189406394958496,0.7324420809745789,0.20024381577968597,-0.05829285830259323,0.7780197858810425,0.13551288843154907,-0.07462749630212784,0.7512639760971069,0.40033644437789917,-0.04016076400876045,0.7645270824432373,0.3469338119029999,-0.0799744576215744,0.7516017556190491,0.29479506611824036,-0.11242744326591492,0.733070433139801,0.24001076817512512,-0.13477668166160583,0.7284747958183289,0.4543474018573761,-0.0475202351808548,0.6986544728279114,0.3587875962257385,-0.08812476694583893,0.6681210994720459,0.2714272737503052,-0.11808789521455765,0.6375401020050049,0.20111623406410217,-0.14125648140907288,0.6910934448242188,0.4988798499107361,-0.05832960456609726,0.6488057374954224,0.3926575779914856,-0.10575393587350845,0.6145107746124268,0.3041370213031769,-0.12436734139919281,0.5844516158103943,0.23298628628253937,-0.13355553150177002,0.6466159224510193,0.5296388268470764,-0.06984871625900269,0.6042940020561218,0.43672508001327515,-0.11491122841835022,0.5722980499267578,0.36733171343803406,-0.1273578256368637,0.5474731922149658,0.312967985868454,-0.1314133256673813
0.8190504312515259,0.861487865447998,4.921752747577557e-07,0.7135792374610901,0.8477202653884888,-0.037858378142118454,0.6219779253005981,0.7479298114776611,-0.0487285740673542,0.5706261396408081,0.638698160648346,-0.057323556393384933,0.5145912766456604,0.5619979500770569,-0.06345212459564209,0.6254755258560181,0.5572136640548706,-0.00617211451753974,0.5651564598083496,0.4410408139228821,-0.029061155393719673,0.5308488011360168,0.3682931661605835,-0.05170225724577904,0.5030673742294312,0.2994447648525238,-0.06958220899105072,0.6808798313140869,0.5087003111839294,-0.00874320138245821,0.6300824880599976,0.36794227361679077,-0.024623829871416092,0.5996382832527161,0.28470826148986816,-0.04300209507346153,0.5729058384895325,0.213026762008667,-0.057925838977098465,0.7413828372955322,0.49544793367385864,-0.019115570932626724,0.7023386359214783,0.35792866349220276,-0.03846527263522148,0.679336667060852,0.28166449069976807,-0.049997150897979736,0.6562674641609192,0.21307846903800964,-0.059690408408641815,0.807411789894104,0.5080661177635193,-0.034661076962947845,0.7993967533111572,0.3983960449695587,-0.053121138364076614,0.7941464185714722,0.32500895857810974,-0.0596625953912735,0.786698043346405,0.254711776971817,-0.06455852091312408
0.6008206605911255,0.4470236599445343,-3.595023088109883e-07,0.6445187926292419,0.3345159590244293,-0.03474995121359825,0.7003249526023865,0.25043508410453796,-0.05560491606593132,0.7410940527915955,0.19095081090927124,-0.07439877092838287,0.7845590114593506,0.13159959018230438,-0.09500079602003098,0.7667953372001648,0.39550840854644775,-0.06031132489442825,0.7846019864082336,0.35529476404190063,-0.10643942654132843,0.7809138298034668,0.301962673664093,-0.14199602603912354,0.7695368528366089,0.2443794310092926,-0.16650642454624176,0.7323477268218994,0.44501757621765137,-0.06954358518123627,0.7114804983139038,0.3543640673160553,-0.1197323277592659,0.6827201247215271,0.2661316394805908,-0.15040430426597595,0.6524146199226379,0.1938895583152771,-0.17223578691482544,0.6810125708580017,0.4792584776878357,-0.08205636590719223,0.6407812833786011,0.3747440278530121,-0.13940712809562683,0.6058602333068848,0.2865910530090332,-0.15680815279483795,0.5772713422775269,0.2165917009115219,-0.1635594666004181,0.6246718168258667,0.49493271112442017,-0.09575846046209335,0.5816606283187866,0.40761178731918335,-0.15083695948123932,0.547755241394043,0.3443033695220947,-0.16295821964740753,0.524102509021759,0.2991800904273987,-0.16523565351963043
0.8193608522415161,0.8628735542297363,4.843165584134113e-07,0.7131434082984924,0.8509817123413086,-0.037439778447151184,0.6218858361244202,0.7495988011360168,-0.0465303510427475,0.5698588490486145,0.6387109160423279,-0.05325472727417946,0.512619137763977,0.5627136826515198,-0.05747268348932266,0.6251576542854309,0.5582538843154907,-0.0018381747649982572,0.5641531348228455,0.44221851229667664,-0.022052934393286705,0.5296645760536194,0.3695579469203949,-0.043529171496629715,0.502190113067627,0.30035144090652466,-0.060723330825567245,0.6804008483886719,0.5091318488121033,-0.003726441878825426,0.6286742687225342,0.3694000244140625,-0.016043923795223236,0.5975320339202881,0.28588995337486267,-0.03320268541574478,0.5701669454574585,0.21488502621650696,-0.047577179968357086,0.7405959367752075,0.49528369307518005,-0.01362750306725502,0.7038086652755737,0.359171986579895,-0.030107544735074043,0.6814415454864502,0.2808288633823395,-0.042303260415792465,0.6583733558654785,0.2114795446395874,-0.052863962948322296,0.805781364440918,0.5069229602813721,-0.028703393414616585,0.7990761399269104,0.3967629075050354,-0.04496307671070099,0.7942689657211304,0.32398274540901184,-0.05139211565256119,0.7870311141014099,0.25494781136512756,-0.05653785169124603
0.5903232097625732,0.4574640393257141,-6.50202423457813e-07,0.6470868587493896,0.3555355668067932,-0.027733685448765755,0.7090109586715698,0.27589544653892517,-0.0480354018509388,0.7470288872718811,0.2115943431854248,-0.0668429359793663,0.782592236995697,0.1504901796579361,-0.08640211075544357,0.7626795172691345,0.403442919254303,-0.05752702057361603,0.7725940942764282,0.35426029562950134,-0.10238897800445557,0.757774293422699,0.29144522547721863,-0.1335938721895218,0.7403852939605713,0.2283114790916443,-0.15300895273685455,0.7245533466339111,0.4564973711967468,-0.06690522283315659,0.6971278190612793,0.35512861609458923,-0.10826730728149414,0.6733482480049133,0.2722645699977875,-0.1305301934480667,0.655839204788208,0.2065340131521225,-0.14731021225452423,0.6700189709663391,0.4932224154472351,-0.07899565249681473,0.6298717260360718,0.38410502672195435,-0.1281893402338028,0.597313642501831,0.29299986362457275,-0.13797339797019958,0.5739346742630005,0.21910881996154785,-0.1405312716960907,0.6122584939002991,0.5124176740646362,-0.09194675087928772,0.5701681971549988,0.4304150342941284,-0.1373545229434967,0.5362171530723572,0.36332809925079346,-0.1423480063676834,0.5144333243370056,0.30967268347740173,-0.1404884159564972
0.8174939155578613,0.8652467727661133,4.7048055762388685e-07,0.7109527587890625,0.8522121906280518,-0.0362406000494957,0.6189469695091248,0.7503581643104553,-0.04566936939954758,0.5686628222465515,0.6397930383682251,-0.05281510204076767,0.5126492977142334,0.5632504224777222,-0.05798265337944031,0.6229618787765503,0.5590221881866455,-0.004460575059056282,0.5601798295974731,0.4440225660800934,-0.025810031220316887,0.5256789326667786,0.3728875517845154,-0.047361310571432114,0.49907946586608887,0.3042427599430084,-0.0643923208117485,0.6799625158309937,0.5092576742172241,-0.007771902717649937,0.6285187602043152,0.36848631501197815,-0.02162378840148449,0.598234236240387,0.28454357385635376,-0.03976567089557648,0.5724664926528931,0.2119958996772766,-0.05480964854359627,0.7402949929237366,0.4958754777908325,-0.018782734870910645,0.7059946060180664,0.3604719042778015,-0.03630011901259422,0.6834744811058044,0.2817952334880829,-0.04944462329149246,0.660494863986969,0.21180424094200134,-0.06083602458238602,0.8041418790817261,0.5090771913528442,-0.0346931517124176,0.7947881817817688,0.40074723958969116,-0.05139598250389099,0.7884294986724854,0.32920825481414795,-0.057892095297575,0.7794089913368225,0.2611350417137146,-0.06333872675895691
0.5934527516365051,0.4464200735092163,-6.432470058825857e-07,0.6462110877037048,0.355620801448822,-0.030079154297709465,0.7068449854850769,0.28009599447250366,-0.05510461702942848,0.7448540925979614,0.21389497816562653,-0.07731538265943527,0.7836291193962097,0.15253238379955292,-0.10021785646677017,0.7533835768699646,0.4090849757194519,-0.07506436854600906,0.7697135210037231,0.3641098737716675,-0.12598729133605957,0.7463679909706116,0.2959825396537781,-0.15946228802204132,0.7226418256759644,0.2264208197593689,-0.17980997264385223,0.7163454294204712,0.45638641715049744,-0.08511599153280258,0.6992563009262085,0.36621180176734924,-0.1340232938528061,0.6746647953987122,0.2837267816066742,-0.15740050375461578,0.6586599946022034,0.21856236457824707,-0.17432156205177307,0.6641427874565125,0.48953086137771606,-0.09727345407009125,0.6321917176246643,0.3909298777580261,-0.15230952203273773,0.5986102223396301,0.29555901885032654,-0.1630292534828186,0.5771557688713074,0.2181936502456665,-0.16597996652126312,0.6086501479148865,0.5075148344039917,-0.10975029319524765,0.5696261525154114,0.43497297167778015,-0.16032156348228455,0.534008264541626,0.3632937967777252,-0.16648951172828674,0.5130588412284851,0.30415481328964233,-0.165396049618721
0.8151811361312866,0.8660156726837158,4.6982506773929344e-07,0.7098284959793091,0.8515918254852295,-0.03673996031284332,0.6185792088508606,0.7496396899223328,-0.04604057967662811,0.5675422549247742,0.6395744681358337,-0.05312278866767883,0.5096766948699951,0.565276563167572,-0.05819873884320259,0.6241270899772644,0.5571386814117432,-0.002819066634401679,0.5609870553016663,0.4440854787826538,-0.02397596277296543,0.5256381034851074,0.37354767322540283,-0.04601077735424042,0.498416543006897,0.3047330677509308,-0.0634583830833435,0.67998868227005,0.5075842142105103,-0.005802430212497711,0.6278314590454102,0.3673672080039978,-0.01895400881767273,0.5971758365631104,0.2831093966960907,-0.0367950014770031,0.5712387561798096,0.21036702394485474,-0.051681190729141235,0.7396294474601746,0.49503254890441895,-0.0167371928691864,0.7045146822929382,0.3605179786682129,-0.03371072933077812,0.6809270977973938,0.28183192014694214,-0.04665684700012207,0.6568993926048279,0.21156719326972961,-0.057955484837293625,0.8032124042510986,0.5091591477394104,-0.032755643129348755,0.7951651215553284,0.401164174079895,-0.048920679837465286,0.7891451716423035,0.3294101357460022,-0.055241696536540985,0.7804548144340515,0.26070061326026917,-0.06062963977456093
0.6030256152153015,0.4658965468406677,-8.793842312115885e-07,0.6507043838500977,0.39435771107673645,-0.02884761244058609,0.7106568813323975,0.31091800332069397,-0.04912329092621803,0.7460073232650757,0.23458324372768402,-0.06649228185415268,0.7777372002601624,0.17128252983093262,-0.08367518335580826,0.7476564645767212,0.43531855940818787,-0.05659562721848488,0.7467060089111328,0.37256038188934326,-0.10055164247751236,0.7158616781234741,0.29979538917541504,-0.1293407827615738,0.6932005882263184,0.23393341898918152,-0.14573372900485992,0.7193013429641724,0.46960195899009705,-0.06072453036904335,0.6976850032806396,0.36181914806365967,-0.10133481025695801,0.6700218915939331,0.2786475419998169,-0.12006014585494995,0.6519649028778076,0.2189542055130005,-0.13369126617908478,0.6813151836395264,0.4871833920478821,-0.06817491352558136,0.6557259559631348,0.37913501262664795,-0.11540031433105469,0.6316661834716797,0.2878929674625397,-0.12641853094100952,0.6154781579971313,0.22043262422084808,-0.13006947934627533,0.6403944492340088,0.49117761850357056,-0.07600704580545425,0.6179021000862122,0.4024141728878021,-0.11973205953836441,0.5921108722686768,0.3319603502750397,-0.12837529182434082,0.5775265097618103,0.2757166624069214,-0.13015101850032806
0.814152717590332,0.8647823929786682,4.6289164856716525e-07,0.7096026539802551,0.8517500162124634,-0.036709014326334,0.6174782514572144,0.7517489790916443,-0.046417172998189926,0.5670233368873596,0.6436978578567505,-0.05393587425351143,0.5108402967453003,0.5683266520500183,-0.05938710272312164,0.6220199465751648,0.5580218434333801,-0.005064541939646006,0.5603934526443481,0.4440816044807434,-0.02611459791660309,0.5251852869987488,0.37344348430633545,-0.04749840497970581,0.4970492720603943,0.30556222796440125,-0.06480097770690918,0.6776068806648254,0.5085284113883972,-0.008548340760171413,0.6259688138961792,0.36772850155830383,-0.023439200595021248,0.5958731174468994,0.2827743887901306,-0.04169534146785736,0.5695241689682007,0.20913204550743103,-0.05667073652148247,0.7372439503669739,0.49566513299942017,-0.01980515383183956,0.7005113959312439,0.35992226004600525,-0.0391279011964798,0.6768906712532043,0.2797834277153015,-0.05338674783706665,0.6526346802711487,0.20770329236984253,-0.06520911306142807,0.8015521764755249,0.5090411901473999,-0.03593159094452858,0.7940959334373474,0.39978525042533875,-0.05452267825603485,0.788422703742981,0.326221227645874,-0.06262174248695374,0.7799102663993835,0.2561844289302826,-0.06907105445861816
0.5993411540985107,0.45034074783325195,-6.118274882283004e-07,0.657892107963562,0.3751066029071808,-0.026758380234241486,0.7166224718093872,0.30860599875450134,-0.05099935084581375,0.7536301612854004,0.24341684579849243,-0.07123999297618866,0.7825264930725098,0.17862194776535034,-0.09212328493595123,0.7637543678283691,0.41557902097702026,-0.08225005120038986,0.753768265247345,0.34305340051651,-0.12549370527267456,0.7376079559326172,0.2854476273059845,-0.14963530004024506,0.7222681641578674,0.22953541576862335,-0.16526298224925995,0.7296677827835083,0.45693784952163696,-0.09241846203804016,0.6957639455795288,0.35458388924598694,-0.1368483603000641,0.6756170988082886,0.27503639459609985,-0.15441270172595978,0.6576492190361023,0.2114420235157013,-0.1691366583108902,0.6775454878807068,0.47994694113731384,-0.1034374088048935,0.6431823968887329,0.37421461939811707,-0.15365326404571533,0.6242067217826843,0.2868386209011078,-0.16395527124404907,0.6086307168006897,0.21912501752376556,-0.16956022381782532,0.622512698173523,0.48601672053337097,-0.1145288422703743,0.5934567451477051,0.4062865078449249,-0.1662158966064453,0.5733497142791748,0.3424850404262543,-0.17916741967201233,0.5617578625679016,0.29076918959617615,-0.18461893498897552
0.817286491394043,0.8649799823760986,4.770895998262858e-07,0.7117466926574707,0.8531920313835144,-0.03733302280306816,0.619317352771759,0.7517491579055786,-0.04617077484726906,0.5672093629837036,0.6421151161193848,-0.05258803442120552,0.5088027715682983,0.5668826103210449,-0.056784480810165405,0.6230555772781372,0.5590477585792542,-0.0027516598347574472,0.5614636540412903,0.44474390149116516,-0.02265159972012043,0.5258622169494629,0.3736409544944763,-0.043526142835617065,0.49717825651168823,0.30473777651786804,-0.060631293803453445,0.6784224510192871,0.5097561478614807,-0.005396666936576366,0.6271849274635315,0.36857593059539795,-0.01846248283982277,0.5977164506912231,0.2828998565673828,-0.03560565784573555,0.5723889470100403,0.20871275663375854,-0.04999084770679474,0.7377790808677673,0.4976096749305725,-0.016115693375468254,0.7002781629562378,0.3624733090400696,-0.03410030156373978,0.6764752268791199,0.28163212537765503,-0.047729603946208954,0.6522577404975891,0.20809978246688843,-0.059363532811403275,0.8016355633735657,0.5109996199607849,-0.03184159845113754,0.7930079698562622,0.4019891023635864,-0.04964447394013405,0.7870883345603943,0.3287508487701416,-0.05734296515583992,0.7785148024559021,0.25789883732795715,-0.06368017196655273
0.6033787727355957,0.44558948278427124,-5.302346153257531e-07,0.6527836918830872,0.3507950007915497,-0.04378954693675041,0.7107767462730408,0.28994444012641907,-0.07251081615686417,0.7515778541564941,0.2355383038520813,-0.09387616068124771,0.7855785489082336,0.1755792200565338,-0.11409148573875427,0.7718558311462402,0.4090661108493805,-0.08899188786745071,0.7522058486938477,0.32435810565948486,-0.1370854377746582,0.7211849093437195,0.2880525290966034,-0.16659384965896606,0.6997522711753845,0.2640308737754822,-0.18493543565273285,0.7367528080940247,0.4497864544391632,-0.09045934677124023,0.692869246006012,0.34534746408462524,-0.13728010654449463,0.667931079864502,0.2766343951225281,-0.15913502871990204,0.6520697474479675,0.2293148785829544,-0.1761515736579895,0.6844272017478943,0.47189101576805115,-0.09444663673639297,0.6272410750389099,0.361131876707077,-0.1453458070755005,0.5998507738113403,0.28041496872901917,-0.15539699792861938,0.5832554697990417,0.22688764333724976,-0.15946881473064423,0.6304267644882202,0.47418397665023804,-0.1004762053489685,0.5870799422264099,0.38503026962280273,-0.14876198768615723,0.5687512159347534,0.32667452096939087,-0.15940077602863312,0.5627517700195312,0.2875160276889801,-0.1624220311641693
0.8138412237167358,0.8669980764389038,4.927178451907821e-07,0.7092087268829346,0.8544411659240723,-0.03794652223587036,0.6181635856628418,0.7563057541847229,-0.04910767823457718,0.5667582750320435,0.648356556892395,-0.057867925614118576,0.5095258951187134,0.5717585682868958,-0.06447183340787888,0.6197288036346436,0.5621384382247925,-0.007108764257282019,0.5585911870002747,0.44731178879737854,-0.029765963554382324,0.5236635208129883,0.37557756900787354,-0.05229313671588898,0.4957282543182373,0.3061341643333435,-0.07027415931224823,0.6750892400741577,0.51136314868927,-0.010635416954755783,0.6237488389015198,0.37014472484588623,-0.02676345407962799,0.5930049419403076,0.2842419147491455,-0.0461052730679512,0.5656129717826843,0.20896396040916443,-0.06185426935553551,0.734667956829071,0.4975755512714386,-0.02194024994969368,0.6975094676017761,0.3620763421058655,-0.042506396770477295,0.6736299395561218,0.28034281730651855,-0.057344332337379456,0.648916482925415,0.2065657079219818,-0.06946369260549545,0.798895001411438,0.5107293128967285,-0.038132671266794205,0.7911646366119385,0.4009791910648346,-0.05775856226682663,0.785470187664032,0.32639291882514954,-0.06606454402208328,0.7766585946083069,0.25542181730270386,-0.07253234088420868
0.6006408333778381,0.4548802971839905,-7.133960480132373e-07,0.645405650138855,0.3554643988609314,-0.034319572150707245,0.7060973048210144,0.28934818506240845,-0.05695900693535805,0.7513377070426941,0.23775362968444824,-0.0745176151394844,0.78355872631073,0.1750303953886032,-0.09086813777685165,0.7653440833091736,0.39229270815849304,-0.06610525399446487,0.7375708818435669,0.2962525188922882,-0.10976442694664001,0.695793092250824,0.2618817985057831,-0.13801565766334534,0.6692836880683899,0.24545589089393616,-0.15515990555286407,0.738689661026001,0.44079506397247314,-0.06948095560073853,0.6909282207489014,0.3313663899898529,-0.10891852527856827,0.6593185663223267,0.2701873183250427,-0.12754791975021362,0.6411172151565552,0.23172473907470703,-0.14227692782878876,0.693908154964447,0.4710919260978699,-0.07581354677677155,0.6399450898170471,0.36439889669418335,-0.12068060785531998,0.610499918460846,0.2944231629371643,-0.12891899049282074,0.5944040417671204,0.25159090757369995,-0.13214710354804993,0.6456605195999146,0.48140576481819153,-0.08356265723705292,0.6050356030464172,0.396185964345932,-0.12561851739883423,0.5837619304656982,0.34184205532073975,-0.1338711678981781,0.576367199420929,0.3054502606391907,-0.1356876939535141
0.8120203018188477,0.8692454695701599,4.848180310546013e-07,0.708456814289093,0.8556205034255981,-0.036971259862184525,0.6176401972770691,0.7570436000823975,-0.04761464148759842,0.5665388107299805,0.6494619846343994,-0.05609474703669548,0.5088605284690857,0.5747800469398499,-0.0625796988606453,0.6188918948173523,0.5630598664283752,-0.00618908554315567,0.557735025882721,0.4482664465904236,-0.028472822159528732,0.5226523280143738,0.37644726037979126,-0.0507473424077034,0.4946390390396118,0.3069271445274353,-0.06853873282670975,0.6744623780250549,0.5129126310348511,-0.010232274420559406,0.6230207085609436,0.371299684047699,-0.026132158935070038,0.591637372970581,0.28490838408470154,-0.04551709443330765,0.5635851621627808,0.20920372009277344,-0.06127886474132538,0.7340260744094849,0.49969643354415894,-0.021953903138637543,0.6976920962333679,0.36432379484176636,-0.04215213283896446,0.6729685068130493,0.2823284864425659,-0.05720994994044304,0.6471996307373047,0.20855212211608887,-0.06951835006475449,0.7979096174240112,0.513274073600769,-0.03848705068230629,0.7902548909187317,0.40358078479766846,-0.057570647448301315,0.7839970588684082,0.3295007348060608,-0.06573903560638428,0.7744775414466858,0.2593248188495636,-0.0722072571516037
0.6066892147064209,0.4259968101978302,-5.677989634023106e-07,0.6383238434791565,0.33813562989234924,-0.029247689992189407,0.6918262243270874,0.2759752869606018,-0.04898630082607269,0.7378162741661072,0.22488732635974884,-0.06292791664600372,0.7660475373268127,0.16370517015457153,-0.07405708730220795,0.7551904320716858,0.3407803177833557,-0.05326979234814644,0.7324942946434021,0.28635963797569275,-0.08459551632404327,0.6915479302406311,0.274245023727417,-0.1004265546798706,0.6726572513580322,0.2682238221168518,-0.10889113694429398,0.7537150382995605,0.3902331590652466,-0.05110056698322296,0.7226523756980896,0.32944104075431824,-0.07849147170782089,0.6899896264076233,0.3116372227668762,-0.08575066924095154,0.677425742149353,0.30749961733818054,-0.09160522371530533,0.7375943064689636,0.430114209651947,-0.05066261813044548,0.7070193290710449,0.37381184101104736,-0.07548513263463974,0.684580385684967,0.3554948568344116,-0.07077185809612274,0.677175760269165,0.35140329599380493,-0.06783699989318848,0.7173840999603271,0.4555444121360779,-0.051943983882665634,0.6884262561798096,0.4005447328090668,-0.07114598155021667,0.6690550446510315,0.38896289467811584,-0.06801110506057739,0.6675874590873718,0.3907141089439392,-0.06377343088388443
0.8116891384124756,0.8721291422843933,4.845360308536328e-07,0.7069170475006104,0.8588853478431702,-0.03626749664545059,0.615739643573761,0.758907675743103,-0.04608366638422012,0.5653468370437622,0.6506694555282593,-0.05389409512281418,0.5084183216094971,0.5758357644081116,-0.059679046273231506,0.6173551678657532,0.5667998194694519,-0.005384937394410372,0.5562121868133545,0.45120230317115784,-0.027327699586749077,0.5210251808166504,0.37876802682876587,-0.049287788569927216,0.49287763237953186,0.30946946144104004,-0.06676709651947021,0.672667384147644,0.5161271691322327,-0.009335712529718876,0.6209290623664856,0.37274354696273804,-0.024373095482587814,0.5898290276527405,0.2858784794807434,-0.04267696663737297,0.5621529221534729,0.21038499474525452,-0.05751509964466095,0.7324846386909485,0.5022216439247131,-0.020953930914402008,0.6947652697563171,0.364616334438324,-0.03992713242769241,0.6708148121833801,0.2824380397796631,-0.05388125032186508,0.646072268486023,0.20879057049751282,-0.06548216193914413,0.797091543674469,0.5153391361236572,-0.0374591089785099,0.7896406054496765,0.405903697013855,-0.05534840002655983,0.7833244800567627,0.332589328289032,-0.06268321722745895,0.7740290760993958,0.2634699046611786,-0.06856893748044968
0.8127800822257996,0.8764667510986328,4.723593747257837e-07,0.708088219165802,0.8638961315155029,-0.03619357571005821,0.6164660453796387,0.7606776356697083,-0.045100562274456024,0.5653641223907471,0.650418758392334,-0.05204766243696213,0.5072214603424072,0.5758378505706787,-0.057003214955329895,0.6192585229873657,0.5677076578140259,-0.0035986413713544607,0.5572019815444946,0.45165351033210754,-0.024824822321534157,0.5213966965675354,0.3794324994087219,-0.046540550887584686,0.4928852319717407,0.309872031211853,-0.06406533718109131,0.674309253692627,0.5170247554779053,-0.007559515535831451,0.6222035884857178,0.37332046031951904,-0.021679233759641647,0.5909961462020874,0.28604447841644287,-0.039607737213373184,0.5635708570480347,0.21077781915664673,-0.05439714342355728,0.7337806224822998,0.5035581588745117,-0.019379494711756706,0.6948624849319458,0.3656706213951111,-0.037690676748752594,0.6702865958213806,0.283049076795578,-0.051455315202474594,0.6451944708824158,0.20900759100914001,-0.063226118683815,0.7978715300559998,0.5170657634735107,-0.03620005026459694,0.7895782589912415,0.4080493152141571,-0.05398759990930557,0.7824710607528687,0.3350510597229004,-0.06152470409870148,0.7725454568862915,0.2658460736274719,-0.06775008141994476
0.8118185997009277,0.8753309845924377,4.6931316433074244e-07,0.7069755792617798,0.8618267774581909,-0.0370444655418396,0.6154497861862183,0.7603592872619629,-0.04676470905542374,0.5640267133712769,0.6508973836898804,-0.054434679448604584,0.5057958364486694,0.576657235622406,-0.060178209096193314,0.6193463802337646,0.5674850940704346,-0.005277006886899471,0.5575957298278809,0.4522046148777008,-0.027584444731473923,0.5216852426528931,0.38012421131134033,-0.050061967223882675,0.4931299090385437,0.31005534529685974,-0.06802572309970856,0.6743168830871582,0.5173014402389526,-0.009011260233819485,0.6227388978004456,0.3748243451118469,-0.024341603741049767,0.5908015370368958,0.28784218430519104,-0.04310739040374756,0.5623903274536133,0.21170848608016968,-0.05847625806927681,0.7335856556892395,0.5041285753250122,-0.020590534433722496,0.6961679458618164,0.36855390667915344,-0.03983326256275177,0.6710348725318909,0.2865905165672302,-0.05411584675312042,0.6451825499534607,0.21303775906562805,-0.06610441207885742,0.7975863814353943,0.5179343223571777,-0.03721887990832329,0.7899166345596313,0.4098896384239197,-0.05538737773895264,0.7831009030342102,0.3370836675167084,-0.06307294219732285,0.7733981609344482,0.26799365878105164,-0.06937341392040253
0.8111253380775452,0.8761805295944214,4.6851158685967675e-07,0.7071552872657776,0.8627935647964478,-0.036711350083351135,0.615642249584198,0.7606369256973267,-0.0463312529027462,0.564568042755127,0.6517724394798279,-0.05389342084527016,0.5065826773643494,0.5779134035110474,-0.059521034359931946,0.6193180680274963,0.5681099891662598,-0.00545458123087883,0.5574958920478821,0.4529254734516144,-0.027498191222548485,0.5216593742370605,0.3809773921966553,-0.04964299127459526,0.4932565987110138,0.3112650215625763,-0.06748469173908234,0.6745272278785706,0.5181196928024292,-0.009338218718767166,0.6223591566085815,0.3757210075855255,-0.02463557943701744,0.5912723541259766,0.28855833411216736,-0.0431213341653347,0.5641118884086609,0.21271181106567383,-0.05829806998372078,0.7339543104171753,0.5052037835121155,-0.021025629714131355,0.6956024169921875,0.36851000785827637,-0.04045334830880165,0.671589732170105,0.2865426242351532,-0.054638274013996124,0.6468524932861328,0.21293646097183228,-0.0665854960680008,0.7980884909629822,0.5191437005996704,-0.03768828138709068,0.7900619506835938,0.41108155250549316,-0.056303009390830994,0.7832010984420776,0.3385508954524994,-0.06427666544914246,0.7732508182525635,0.2697146534919739,-0.07079989463090897
0.8123406171798706,0.8773689270019531,4.974319836037466e-07,0.7066601514816284,0.8654258251190186,-0.038573235273361206,0.6163576245307922,0.7635713219642639,-0.050039779394865036,0.5647273063659668,0.653602659702301,-0.059238530695438385,0.506201446056366,0.579619288444519,-0.06646548956632614,0.6189245581626892,0.5709654092788696,-0.008979604579508305,0.5576311945915222,0.4532124996185303,-0.032946571707725525,0.5222387313842773,0.38028761744499207,-0.056218329817056656,0.49546128511428833,0.31005844473838806,-0.07408200949430466,0.6742397546768188,0.5212361216545105,-0.01169202383607626,0.6223313212394714,0.37752193212509155,-0.02752494253218174,0.5896528959274292,0.29106754064559937,-0.045707881450653076,0.5621781349182129,0.22013285756111145,-0.060531120747327805,0.7341883778572083,0.5078412890434265,-0.02225847728550434,0.6984827518463135,0.3713558316230774,-0.04069795086979866,0.6752100586891174,0.2949959933757782,-0.05246467515826225,0.6519603133201599,0.2292766571044922,-0.06241624802350998,0.7982228994369507,0.5208730101585388,-0.038122132420539856,0.7893986105918884,0.4074116349220276,-0.055912964046001434,0.7831130623817444,0.3331652283668518,-0.06262898445129395,0.7750465273857117,0.2635272443294525,-0.0677158460021019
0.8140015602111816,0.8776329755783081,4.744725572436437e-07,0.7084085941314697,0.8661154508590698,-0.03730853646993637,0.6169598698616028,0.7627952098846436,-0.04765676334500313,0.5645605325698853,0.6519404053688049,-0.05585489049553871,0.5065510272979736,0.577601432800293,-0.06214999035000801,0.619498610496521,0.5705574750900269,-0.0071480306796729565,0.559363842010498,0.45146745443344116,-0.029741745442152023,0.523949921131134,0.3790557086467743,-0.052163079380989075,0.49671706557273865,0.3097257912158966,-0.06969038397073746,0.6747407913208008,0.5219789743423462,-0.010153912007808685,0.6236633658409119,0.3792097568511963,-0.024700572714209557,0.5913088917732239,0.2946915924549103,-0.04215409606695175,0.5636855363845825,0.2250274419784546,-0.05672871693968773,0.7348237633705139,0.5088720321655273,-0.020984116941690445,0.6987826228141785,0.3729444742202759,-0.03853214532136917,0.6745814085006714,0.29613834619522095,-0.05036303028464317,0.6505628824234009,0.22904393076896667,-0.06083748862147331,0.7993156313896179,0.5217340588569641,-0.037004608660936356,0.7896928787231445,0.40824347734451294,-0.05449741706252098,0.7831864356994629,0.3339676260948181,-0.06136493384838104,0.775151789188385,0.2634883522987366,-0.06685902178287506
0.8200507760047913,0.8812459707260132,5.067937536296085e-07,0.7155945301055908,0.8659510612487793,-0.03998618945479393,0.6238919496536255,0.7657504081726074,-0.05175408348441124,0.5710490942001343,0.6553646922111511,-0.060503195971250534,0.5117776393890381,0.5788227319717407,-0.06668023020029068,0.6218002438545227,0.5700748562812805,-0.009014139883220196,0.5651188492774963,0.4483756124973297,-0.03115987963974476,0.5306857824325562,0.37545397877693176,-0.05370461940765381,0.5013991594314575,0.3064604699611664,-0.07189959287643433,0.6778532862663269,0.5222503542900085,-0.011709821410477161,0.6268630027770996,0.3795706331729889,-0.026615774258971214,0.596299946308136,0.2926052212715149,-0.04569203779101372,0.5689550042152405,0.21673163771629333,-0.06152352690696716,0.7392479181289673,0.5106507539749146,-0.022239286452531815,0.6996363997459412,0.37133127450942993,-0.041813865303993225,0.6773449778556824,0.28972241282463074,-0.0556195043027401,0.653758704662323,0.21469929814338684,-0.0673287883400917,0.8063313961029053,0.5252016186714172,-0.03785751014947891,0.7962767481803894,0.41306138038635254,-0.05686625838279724,0.7925050258636475,0.3397213816642761,-0.06387986242771149,0.7867369055747986,0.2687198519706726,-0.06936352699995041
0.8227524757385254,0.882639467716217,5.007629511055711e-07,0.7169209122657776,0.8687984943389893,-0.03838716447353363,0.623818039894104,0.7658171057701111,-0.0487092062830925,0.5715847611427307,0.6542569398880005,-0.056367602199316025,0.5139356255531311,0.5782410502433777,-0.061830319464206696,0.6227837800979614,0.5750074982643127,-0.008788260631263256,0.5653374791145325,0.45298728346824646,-0.031262610107660294,0.5317606925964355,0.3784424066543579,-0.0533803328871727,0.5040563344955444,0.308685302734375,-0.07096187025308609,0.6792062520980835,0.5261591672897339,-0.011854773387312889,0.629008948802948,0.3810797333717346,-0.026964083313941956,0.5992244482040405,0.2941155433654785,-0.04522053524851799,0.5725598931312561,0.21925124526023865,-0.060198988765478134,0.7406336069107056,0.5129134654998779,-0.02263304777443409,0.7013583779335022,0.372842013835907,-0.041901711374521255,0.6776551008224487,0.2904749810695648,-0.055044498294591904,0.6532375812530518,0.21580395102500916,-0.06620781123638153,0.8076030015945435,0.5258961915969849,-0.0384397879242897,0.7978156208992004,0.4133514165878296,-0.056953124701976776,0.7931058406829834,0.3389875292778015,-0.06364418566226959,0.7864076495170593,0.26817959547042847,-0.06888521462678909
0.8205485939979553,0.8895092010498047,5.414547672444314e-07,0.7137417197227478,0.8803777694702148,-0.03962680697441101,0.6215344071388245,0.7839954495429993,-0.052536383271217346,0.5691662430763245,0.675142228603363,-0.06266076862812042,0.5122324228286743,0.5954514741897583,-0.07047341018915176,0.6173484921455383,0.5896202921867371,-0.013703088276088238,0.5584043264389038,0.46514269709587097,-0.037551067769527435,0.5242000222206116,0.38806384801864624,-0.05932212993502617,0.4957098662853241,0.3178277909755707,-0.07637783885002136,0.6733957529067993,0.5384015440940857,-0.017006980255246162,0.6190881133079529,0.3893953561782837,-0.03467048704624176,0.5879241228103638,0.3013779819011688,-0.05386488139629364,0.5600920915603638,0.2276943325996399,-0.06895621120929718,0.736242413520813,0.5217305421829224,-0.027682296931743622,0.6874861121177673,0.3812500238418579,-0.05004435405135155,0.6577364802360535,0.297407865524292,-0.06574588268995285,0.6289143562316895,0.22318559885025024,-0.078014075756073,0.8065620064735413,0.5302110314369202,-0.04308507964015007,0.7948737144470215,0.41443365812301636,-0.06442305445671082,0.7894100546836853,0.3371155858039856,-0.07365508377552032,0.7830783724784851,0.2660422921180725,-0.08024805039167404
0.8205053806304932,0.8945450782775879,5.575938075708109e-07,0.7123159766197205,0.8873242139816284,-0.041554249823093414,0.6193209290504456,0.7889548540115356,-0.05487838760018349,0.5652000904083252,0.678804874420166,-0.06510725617408752,0.505808413028717,0.6024883985519409,-0.07317893952131271,0.6163564920425415,0.5959276556968689,-0.015628792345523834,0.5567986369132996,0.4707549214363098,-0.04060819000005722,0.5229371190071106,0.3928634226322174,-0.06315382570028305,0.49550575017929077,0.32087278366088867,-0.08084117621183395,0.6724638342857361,0.543327808380127,-0.018372440710663795,0.6187187433242798,0.39434608817100525,-0.03710877522826195,0.5888780951499939,0.30551624298095703,-0.056907620280981064,0.5624133944511414,0.23060864210128784,-0.0726272240281105,0.7345175743103027,0.5255696177482605,-0.028779445216059685,0.6867672801017761,0.3845675587654114,-0.05255557969212532,0.6559491753578186,0.29946526885032654,-0.06907476484775543,0.6259270906448364,0.22345373034477234,-0.08204521983861923,0.8041465282440186,0.533629298210144,-0.044049009680747986,0.793031632900238,0.4182876944541931,-0.06689576804637909,0.7871837019920349,0.340362548828125,-0.07709789276123047,0.7798833847045898,0.268512099981308,-0.08452227711677551
0.4485768675804138,-0.056926459074020386,4.5809919413386524e-08,0.43371063470840454,0.03580044209957123,-0.02532869577407837,0.4700242877006531,0.14965443313121796,-0.04223686829209328,0.5331509709358215,0.20384594798088074,-0.06147904321551323,0.5986053943634033,0.2156660556793213,-0.07907184958457947,0.5930671691894531,0.20692114531993866,-0.01957234926521778,0.6266390085220337,0.30641576647758484,-0.05473931506276131,0.5958938598632812,0.3262816369533539,-0.078980453312397,0.5641051530838013,0.321527361869812,-0.09282103925943375,0.6306710839271545,0.14041230082511902,-0.027135148644447327,0.6417110562324524,0.22109048068523407,-0.0658726617693901,0.5711011290550232,0.20897388458251953,-0.08394128829240799,0.5225781202316284,0.17441201210021973,-0.09049020707607269,0.644921600818634,0.06057581305503845,-0.03953211382031441,0.6228424310684204,0.13116466999053955,-0.08569639921188354,0.5504550337791443,0.12036004662513733,-0.09214307367801666,0.510753333568573,0.09147989749908447,-0.08731414377689362,0.6414164304733276,-0.025664180517196655,-0.05290575698018074,0.608291745185852,0.0449104905128479,-0.08715272694826126,0.5513337254524231,0.054441288113594055,-0.0878031998872757,0.5169017314910889,0.0423625111579895,-0.0819539874792099
0.8162615299224854,0.901126503944397,5.367138555811835e-07,0.7089598178863525,0.8950221538543701,-0.04084111377596855,0.6143403649330139,0.7995563745498657,-0.053884439170360565,0.5600736141204834,0.6906841993331909,-0.06384223699569702,0.5013594627380371,0.6114919781684875,-0.07168106734752655,0.6084915399551392,0.6052876114845276,-0.015146324411034584,0.5482418537139893,0.4830571413040161,-0.04011872038245201,0.5135946869850159,0.40624967217445374,-0.0629361942410469,0.485002338886261,0.33504557609558105,-0.08088899403810501,0.6643187999725342,0.5515512228012085,-0.01827901229262352,0.6093847155570984,0.4039895534515381,-0.03732699155807495,0.5786158442497253,0.3152008056640625,-0.05764148011803627,0.5516770482063293,0.2392498254776001,-0.07364365458488464,0.7270364761352539,0.5339154005050659,-0.028944436460733414,0.6804539561271667,0.3917587101459503,-0.05339661240577698,0.6525148153305054,0.30468034744262695,-0.07051221281290054,0.6245605945587158,0.2266201674938202,-0.08370378613471985,0.7974469661712646,0.5419954061508179,-0.044284358620643616,0.7861045598983765,0.42566925287246704,-0.06807007640600204,0.7801148295402527,0.34827688336372375,-0.07848181575536728,0.771938681602478,0.2768835723400116,-0.08587830513715744
0.411747545003891,-0.04546798765659332,5.753105725148089e-08,0.41662734746932983,0.0429440401494503,-0.03459490090608597,0.45958197116851807,0.13990122079849243,-0.055241908878088,0.5119082927703857,0.1806294173002243,-0.07631193846464157,0.5676293969154358,0.18081912398338318,-0.09510000050067902,0.6058017611503601,0.16455724835395813,-0.0218613650649786,0.6231582760810852,0.2503551244735718,-0.059571124613285065,0.601769745349884,0.2892976999282837,-0.08606233447790146,0.588039219379425,0.3145051598548889,-0.10170229524374008,0.6372842788696289,0.10278003662824631,-0.024031905457377434,0.6059560775756836,0.17247608304023743,-0.0706087201833725,0.5353060960769653,0.15306325256824493,-0.0914631336927414,0.5045576095581055,0.12398044764995575,-0.09683885425329208,0.6446733474731445,0.03291735053062439,-0.03140478953719139,0.5976892113685608,0.10109974443912506,-0.08126918971538544,0.5271937847137451,0.08556322008371353,-0.08306378871202469,0.49492213129997253,0.05938270315527916,-0.07234615832567215,0.6339021921157837,-0.04055285453796387,-0.041535384953022,0.5926983952522278,0.025628916919231415,-0.07769688218832016,0.5328938961029053,0.03339993953704834,-0.07481889426708221,0.49850940704345703,0.024058133363723755,-0.0630231574177742
0.8172082304954529,0.903671383857727,5.36004279183544e-07,0.7109401822090149,0.8949456214904785,-0.03840421140193939,0.6152839660644531,0.7907304763793945,-0.0487217903137207,0.5604500770568848,0.680686891078949,-0.05651193484663963,0.5000166296958923,0.6071845889091492,-0.0623709075152874,0.6120829582214355,0.6014975309371948,-0.010910391807556152,0.5508126020431519,0.47941550612449646,-0.033904243260622025,0.5147081017494202,0.40357449650764465,-0.05525390803813934,0.48571690917015076,0.3328014016151428,-0.07250723242759705,0.667868971824646,0.5499520301818848,-0.015087571926414967,0.6124694347381592,0.40218037366867065,-0.03248976171016693,0.5817113518714905,0.3131515085697174,-0.05151883512735367,0.5557571053504944,0.23737594485282898,-0.06666681170463562,0.7299308776855469,0.5345592498779297,-0.026883719488978386,0.6830713152885437,0.3890726566314697,-0.05019494146108627,0.6540782451629639,0.30148500204086304,-0.06627252697944641,0.6261166334152222,0.2219793200492859,-0.07907270640134811,0.7984880208969116,0.5455962419509888,-0.043281231075525284,0.786769688129425,0.4293912649154663,-0.06660301983356476,0.7802860736846924,0.350207656621933,-0.07667505741119385,0.7721365690231323,0.27566230297088623,-0.0840698704123497
0.4075300693511963,-0.05439123511314392,-1.9364260595011729e-07,0.4162417948246002,0.042810700833797455,-0.03682386130094528,0.4669467508792877,0.13346469402313232,-0.054062120616436005,0.5277103781700134,0.1678217202425003,-0.07027163356542587,0.5864688158035278,0.17150339484214783,-0.08188564330339432,0.6087667346000671,0.14310845732688904,-0.017280787229537964,0.6131361126899719,0.2262042760848999,-0.0564575232565403,0.5676903128623962,0.24230322241783142,-0.07890640199184418,0.5436672568321228,0.23875585198402405,-0.0886661484837532,0.6342005729675293,0.08650076389312744,-0.01587909646332264,0.6081562042236328,0.16931211948394775,-0.05786457285284996,0.534299910068512,0.1553410291671753,-0.07159458100795746,0.5054262280464172,0.12466710805892944,-0.0707075446844101,0.6388665437698364,0.021968919783830643,-0.021257532760500908,0.5914136171340942,0.09485097229480743,-0.06953386962413788,0.5192351341247559,0.07838515937328339,-0.06853272765874863,0.4897228479385376,0.046690694987773895,-0.05427481234073639,0.6281112432479858,-0.04797002673149109,-0.029603347182273865,0.5841959714889526,0.019358880817890167,-0.06435195356607437,0.5243121385574341,0.025195177644491196,-0.06090445816516876,0.49406954646110535,0.00904574990272522,-0.04726816341280937
0.8181713223457336,0.9024472832679749,5.259248041511455e-07,0.7125539779663086,0.8937199115753174,-0.03808979690074921,0.616395115852356,0.7909106016159058,-0.04868502914905548,0.561748743057251,0.6810612082481384,-0.05688175931572914,0.5018924474716187,0.6071960926055908,-0.06319320201873779,0.6122207641601562,0.6004433631896973,-0.011408839374780655,0.5521934628486633,0.47892728447914124,-0.0346856489777565,0.516618013381958,0.403694748878479,-0.056239694356918335,0.4882248640060425,0.3336181342601776,-0.07359354197978973,0.6679242253303528,0.5493706464767456,-0.015845410525798798,0.6134904623031616,0.40151873230934143,-0.03379056602716446,0.5827085375785828,0.31285426020622253,-0.05309028923511505,0.5565711259841919,0.23741942644119263,-0.06843563914299011,0.7297509908676147,0.5341188907623291,-0.02786681242287159,0.6844460368156433,0.38868725299835205,-0.05163470283150673,0.655824601650238,0.3015018105506897,-0.06823987513780594,0.6279110908508301,0.22266733646392822,-0.08135054260492325,0.7982900142669678,0.5452944040298462,-0.044424332678318024,0.7882705330848694,0.4282837510108948,-0.0679147019982338,0.7826352715492249,0.3492152690887451,-0.07830344885587692,0.7750765681266785,0.27524399757385254,-0.08595912903547287
0.3564954400062561,-0.03662054240703583,-2.9808288104504754e-07,0.38894516229629517,0.05185502767562866,-0.029658766463398933,0.4449819028377533,0.10777217149734497,-0.051604729145765305,0.49122539162635803,0.10999547690153122,-0.07286856323480606,0.5252745151519775,0.09290284663438797,-0.09040749073028564,0.5888413190841675,0.05961126461625099,-0.03112661838531494,0.574225664138794,0.12479933351278305,-0.07072383910417557,0.5128158330917358,0.12619349360466003,-0.09541457891464233,0.47948870062828064,0.10367104411125183,-0.10789233446121216,0.5925474166870117,-0.008567921817302704,-0.03552527353167534,0.555365800857544,0.05238072946667671,-0.07289513200521469,0.4826173782348633,0.05885516479611397,-0.08701375871896744,0.45045748353004456,0.037751585245132446,-0.09206413477659225,0.571584165096283,-0.07551651448011398,-0.04479782655835152,0.5332333445549011,-0.020723842084407806,-0.08328146487474442,0.4704473316669464,-0.009738236665725708,-0.08372938632965088,0.4427247941493988,-0.027665019035339355,-0.076814204454422,0.5367622375488281,-0.1370215117931366,-0.05639873072504997,0.5101045966148376,-0.08931957185268402,-0.08235371112823486,0.4669874608516693,-0.07179920375347137,-0.07854945957660675,0.4455505907535553,-0.07900379598140717,-0.0698920339345932
0.8268101215362549,0.903316855430603,5.275700800666527e-07,0.7205390334129333,0.8940340280532837,-0.04085369035601616,0.6260643005371094,0.7961452007293701,-0.05292822793126106,0.5716809034347534,0.6866861581802368,-0.062092125415802,0.5109503865242004,0.6107766032218933,-0.06896578520536423,0.6224542856216431,0.6022668480873108,-0.011172124184668064,0.5621882677078247,0.4794981777667999,-0.03434019163250923,0.5263360738754272,0.4043125510215759,-0.056445952504873276,0.4971008002758026,0.33494675159454346,-0.07440467178821564,0.6780887842178345,0.5515519380569458,-0.014281872659921646,0.6221606731414795,0.40481215715408325,-0.03230836242437363,0.5891146063804626,0.316485196352005,-0.052870724350214005,0.5598083734512329,0.2414500117301941,-0.06935306638479233,0.7397494912147522,0.5368961691856384,-0.025219956412911415,0.6927242279052734,0.3920348882675171,-0.04978827387094498,0.6647741198539734,0.3069286048412323,-0.0668773353099823,0.6364130973815918,0.22948798537254333,-0.08023809641599655,0.8090113401412964,0.547641396522522,-0.04086291044950485,0.7995742559432983,0.432821661233902,-0.06569500267505646,0.7938438653945923,0.3559172749519348,-0.07663528621196747,0.7862221002578735,0.2827591300010681,-0.08447712659835815
0.33184629678726196,0.000865178182721138,-5.30923614405765e-07,0.3499644696712494,0.07477123290300369,-0.034533966332674026,0.40579286217689514,0.11759719252586365,-0.050087932497262955,0.4482496380805969,0.11109545826911926,-0.06070337072014809,0.47042116522789,0.0882810652256012,-0.06594675034284592,0.5581032037734985,0.06414639949798584,-0.02953680045902729,0.5164204835891724,0.14946775138378143,-0.059754569083452225,0.4557150900363922,0.14940719306468964,-0.07474666833877563,0.4405466318130493,0.12138059735298157,-0.08242933452129364,0.553321897983551,-0.005660319700837135,-0.025585703551769257,0.4885827898979187,0.0746278166770935,-0.049443311989307404,0.42316386103630066,0.07941295951604843,-0.05263190343976021,0.4170989394187927,0.05913615971803665,-0.05310085415840149,0.5220115780830383,-0.06778512895107269,-0.02651849575340748,0.462487131357193,0.0025460701435804367,-0.055366307497024536,0.4093002676963806,0.015622623264789581,-0.04973824322223663,0.4033464789390564,-0.005263345316052437,-0.041769929230213165,0.4807296693325043,-0.12119150161743164,-0.030294235795736313,0.43871980905532837,-0.06663186103105545,-0.04756113886833191,0.4007728695869446,-0.04813659191131592,-0.04069434851408005,0.3951673209667206,-0.06138437241315842,-0.0315198190510273
0.8320931792259216,0.9061926603317261,5.322160632204032e-07,0.7266125082969666,0.8988735675811768,-0.041398365050554276,0.6320671439170837,0.7965880036354065,-0.05282686650753021,0.5789713263511658,0.6847478151321411,-0.0610869936645031,0.5185798406600952,0.6089287996292114,-0.06720191985368729,0.6289246678352356,0.6040017604827881,-0.011869479902088642,0.5692179203033447,0.48121750354766846,-0.03511388972401619,0.5338110327720642,0.40599390864372253,-0.05709027126431465,0.5053857564926147,0.33610567450523376,-0.07476917654275894,0.6852045059204102,0.5526207685470581,-0.014625443145632744,0.6299957633018494,0.4050111174583435,-0.03230014443397522,0.596701979637146,0.31566497683525085,-0.052530158311128616,0.5677856206893921,0.23944589495658875,-0.06867211312055588,0.7472227811813354,0.5385240912437439,-0.025292102247476578,0.702190637588501,0.39398741722106934,-0.04920552670955658,0.6749146580696106,0.3089064061641693,-0.06598246842622757,0.6476738452911377,0.23099887371063232,-0.07918215543031693,0.8157460689544678,0.5503696799278259,-0.04078615456819534,0.8060546517372131,0.4358539283275604,-0.0648045763373375,0.8007845878601074,0.3591100573539734,-0.07536176592111588,0.7937423586845398,0.2851875126361847,-0.08302854001522064
0.3237295150756836,-0.014836876653134823,-5.70171096114791e-07,0.3334883451461792,0.06799042224884033,-0.03901113569736481,0.3735959529876709,0.12787529826164246,-0.0620148628950119,0.4086900055408478,0.13176022469997406,-0.08100002259016037,0.4306562542915344,0.11042102426290512,-0.09393539279699326,0.5399137139320374,0.0930308923125267,-0.03383360430598259,0.50212162733078,0.16171076893806458,-0.0744619071483612,0.43834614753723145,0.16361497342586517,-0.09659155458211899,0.41382071375846863,0.14027056097984314,-0.106918103992939,0.5403963327407837,0.022427236661314964,-0.03148828446865082,0.4781700372695923,0.08571752905845642,-0.06481423228979111,0.4064885675907135,0.0958217978477478,-0.07290636748075485,0.390473335981369,0.07800649851560593,-0.073616161942482,0.5140020847320557,-0.041656553745269775,-0.034740377217531204,0.45179954171180725,0.016074135899543762,-0.0713358148932457,0.3857821226119995,0.03210506960749626,-0.0656803697347641,0.36587345600128174,0.014833594672381878,-0.05449753254652023,0.47325223684310913,-0.09447171539068222,-0.041673023253679276,0.42294368147850037,-0.04037613421678543,-0.06476323306560516,0.3745136260986328,-0.018288210034370422,-0.058108795434236526,0.3563176393508911,-0.02625797688961029,-0.04644761234521866
0.8320832848548889,0.9096059203147888,5.094924517834443e-07,0.7264018058776855,0.899994969367981,-0.03887055814266205,0.6328420639038086,0.7952345013618469,-0.04956427216529846,0.5796002149581909,0.6830179691314697,-0.057716045528650284,0.5183904767036438,0.6090624928474426,-0.06404553353786469,0.6303892135620117,0.6064083576202393,-0.010692272335290909,0.5716848373413086,0.4845455288887024,-0.034958366304636,0.5369468927383423,0.40832415223121643,-0.057703353464603424,0.5093440413475037,0.33624106645584106,-0.07597533613443375,0.6863895058631897,0.55423903465271,-0.015005568042397499,0.6320396661758423,0.40883076190948486,-0.03391587734222412,0.6001483201980591,0.318880558013916,-0.05474964156746864,0.5722999572753906,0.24011901021003723,-0.07137546688318253,0.7483572959899902,0.5390447378158569,-0.027022534981369972,0.7049552798271179,0.396534264087677,-0.05183572694659233,0.6778056025505066,0.31068408489227295,-0.06863322854042053,0.6502397656440735,0.2317867875099182,-0.0817938819527626,0.8168395757675171,0.5504825115203857,-0.04368235915899277,0.8074623942375183,0.4364290237426758,-0.06828818470239639,0.8021144866943359,0.35904407501220703,-0.07880763709545135,0.7940731644630432,0.2855342924594879,-0.08642353117465973
0.3223838806152344,-0.010143037885427475,-3.4825319517040043e-07,0.3313872218132019,0.06268943846225739,-0.036053843796253204,0.3620174825191498,0.12482250481843948,-0.06283073127269745,0.38977575302124023,0.1322149932384491,-0.08651713281869888,0.39617642760276794,0.11669658869504929,-0.10640370845794678,0.5280614495277405,0.09120191633701324,-0.04292624071240425,0.4775535464286804,0.17019885778427124,-0.08761017769575119,0.41153278946876526,0.1693708300590515,-0.11251749098300934,0.3912212550640106,0.15020567178726196,-0.12488983571529388,0.5249819159507751,0.01816176436841488,-0.044462960213422775,0.4543403387069702,0.10221128165721893,-0.08299051970243454,0.38146907091140747,0.10502265393733978,-0.09234961122274399,0.3612326383590698,0.08954555541276932,-0.0936226099729538,0.49477776885032654,-0.049258820712566376,-0.05081142485141754,0.4214076101779938,0.025299573317170143,-0.09160555899143219,0.35663795471191406,0.03812554106116295,-0.08703504502773285,0.3360637426376343,0.02537149004638195,-0.07555979490280151,0.4500335454940796,-0.10692024230957031,-0.060027364641427994,0.3907400965690613,-0.04423472285270691,-0.08412817865610123,0.34723666310310364,-0.02171558141708374,-0.07743063569068909,0.3341238498687744,-0.023204781115055084,-0.06596396863460541
0.8335148692131042,0.908622682094574,5.25976076914958e-07,0.7282325625419617,0.9007618427276611,-0.03899643197655678,0.6336700320243835,0.7967898845672607,-0.049657147377729416,0.5806692242622375,0.6842233538627625,-0.057670753449201584,0.520308792591095,0.6096182465553284,-0.06372720003128052,0.6302182674407959,0.6066156029701233,-0.010997694917023182,0.5714907646179199,0.48428845405578613,-0.03482275456190109,0.5369821190834045,0.40785643458366394,-0.05705190822482109,0.5093352794647217,0.33576130867004395,-0.07495563477277756,0.6859955191612244,0.5546209216117859,-0.015007643029093742,0.632171094417572,0.40839093923568726,-0.03334079310297966,0.6010404825210571,0.3188498616218567,-0.053373049944639206,0.5738941431045532,0.2406482994556427,-0.06941492855548859,0.747965395450592,0.5398766398429871,-0.026721330359578133,0.7049309611320496,0.39674490690231323,-0.05095465108752251,0.6783376336097717,0.3112733066082001,-0.06729979068040848,0.6516746282577515,0.2329462468624115,-0.08014703541994095,0.8165457248687744,0.5515488386154175,-0.04311080276966095,0.8075040578842163,0.43657588958740234,-0.0672222375869751,0.8023762106895447,0.35885223746299744,-0.07757450640201569,0.7948018908500671,0.28508511185646057,-0.08508408814668655
0.8392687439918518,0.9185336828231812,5.027243332733633e-07,0.7319439649581909,0.9118086099624634,-0.041028283536434174,0.6369256973266602,0.8083503246307373,-0.05316400155425072,0.5849480628967285,0.6933147311210632,-0.062354374676942825,0.5247746109962463,0.6146675944328308,-0.06960415095090866,0.6371251344680786,0.6168926358222961,-0.013622788712382317,0.5783044099807739,0.493330180644989,-0.03878723084926605,0.5435425639152527,0.41639581322669983,-0.062101103365421295,0.515265941619873,0.34533363580703735,-0.08073355257511139,0.6934821009635925,0.5636823177337646,-0.0174429789185524,0.6389495134353638,0.41675764322280884,-0.036985132843256,0.606162965297699,0.3273281455039978,-0.05855589359998703,0.5770412683486938,0.2505537271499634,-0.07565236836671829,0.7556888461112976,0.5478045344352722,-0.028983647003769875,0.7108066082000732,0.4031769335269928,-0.0540892668068409,0.6835237741470337,0.3174372911453247,-0.07082612812519073,0.6556536555290222,0.2391752004623413,-0.08402230590581894,0.8249161839485168,0.559102475643158,-0.04531768336892128,0.8151978254318237,0.44544485211372375,-0.07006341218948364,0.8093942999839783,0.3686186671257019,-0.08026134222745895,0.8013509511947632,0.2960992753505707,-0.08755239099264145
0.8436304330825806,0.921856164932251,5.096116524327954e-07,0.7356474995613098,0.914879560470581,-0.03912391513586044,0.6393716335296631,0.8088416457176208,-0.049457259476184845,0.586546003818512,0.6932875514030457,-0.0570962131023407,0.5257683992385864,0.6187140941619873,-0.06288941204547882,0.6389176845550537,0.6181833148002625,-0.010944053530693054,0.5800248384475708,0.4948752820491791,-0.03503123298287392,0.5454914569854736,0.41801726818084717,-0.05783812329173088,0.5177595019340515,0.34585291147232056,-0.07623719424009323,0.6955888867378235,0.5655636787414551,-0.015247398987412453,0.641248345375061,0.41919100284576416,-0.033800575882196426,0.6094117760658264,0.3297779858112335,-0.05482402443885803,0.5816221833229065,0.25141701102256775,-0.07160832732915878,0.7581296563148499,0.5505978465080261,-0.02721990831196308,0.7141457200050354,0.4058830142021179,-0.051667019724845886,0.6872574090957642,0.3200402557849884,-0.06845974177122116,0.6601287722587585,0.2408251166343689,-0.08168607205152512,0.8274049758911133,0.5626106262207031,-0.043857768177986145,0.8170101642608643,0.4476523697376251,-0.06830041110515594,0.8114148378372192,0.3703470826148987,-0.07859409600496292,0.8038461804389954,0.29668867588043213,-0.08599649369716644
0.8464063405990601,0.9252928495407104,5.206096034271468e-07,0.7384887337684631,0.9188581705093384,-0.039433158934116364,0.6420906782150269,0.8113858103752136,-0.04968516528606415,0.588563084602356,0.6947786808013916,-0.05723080411553383,0.526821494102478,0.6198974251747131,-0.0630219504237175,0.6417086124420166,0.6211152076721191,-0.011088094674050808,0.5838848352432251,0.49627336859703064,-0.03540528193116188,0.5493077039718628,0.4189576804637909,-0.05856353044509888,0.5208380818367004,0.346236914396286,-0.07730230689048767,0.698427140712738,0.5684076547622681,-0.015398034825921059,0.6448375582695007,0.4206703305244446,-0.03418111056089401,0.6127326488494873,0.3299814760684967,-0.05564532428979874,0.5842057466506958,0.25060001015663147,-0.07288102805614471,0.7609474062919617,0.5536630153656006,-0.027407566085457802,0.7173256278038025,0.4085150957107544,-0.052085623145103455,0.6900445222854614,0.32135897874832153,-0.06925161182880402,0.6621114611625671,0.24125203490257263,-0.08287684619426727,0.8301490545272827,0.5660145282745361,-0.04411286115646362,0.8198663592338562,0.4506179690361023,-0.06894072145223618,0.814132571220398,0.37280434370040894,-0.07951631397008896,0.8062723875045776,0.29886123538017273,-0.08719035238027573
0.8491637110710144,0.9277664422988892,5.248486445452727e-07,0.7412604689598083,0.9216950535774231,-0.04114570841193199,0.6450505256652832,0.8149101734161377,-0.05215863883495331,0.5926985740661621,0.6982290744781494,-0.06005743518471718,0.5322713255882263,0.6213682889938354,-0.06611967086791992,0.6457825899124146,0.6232521533966064,-0.013624964281916618,0.5871022939682007,0.4978729784488678,-0.03876744583249092,0.5523134469985962,0.42001602053642273,-0.062267810106277466,0.5239400863647461,0.3472766578197479,-0.08106529712677002,0.7025732398033142,0.5705553293228149,-0.017245860770344734,0.6487294435501099,0.4212852716445923,-0.03657839074730873,0.616619884967804,0.33045607805252075,-0.05814714729785919,0.5882712602615356,0.25149837136268616,-0.07532544434070587,0.7648643851280212,0.5562708377838135,-0.028659207746386528,0.7210169434547424,0.40915167331695557,-0.0538378581404686,0.693655252456665,0.3222017288208008,-0.07114697992801666,0.6658315658569336,0.24227425456047058,-0.08477535098791122,0.8338897228240967,0.5695144534111023,-0.04488665238022804,0.8239365220069885,0.45392346382141113,-0.07026490569114685,0.8184150457382202,0.3758973777294159,-0.08115055412054062,0.8108606338500977,0.30160287022590637,-0.08893023431301117
0.8614633679389954,0.9468924403190613,5.423654556580004e-07,0.7529478073120117,0.9382018446922302,-0.04705735668540001,0.65810227394104,0.8386496901512146,-0.06295774132013321,0.6077828407287598,0.7247450947761536,-0.07434957474470139,0.5506386756896973,0.6397556662559509,-0.08322057127952576,0.6586716175079346,0.6375206112861633,-0.022597840055823326,0.6005703210830688,0.5088493227958679,-0.04875602200627327,0.5669125318527222,0.4299416244029999,-0.07250948995351791,0.5393508672714233,0.3578298091888428,-0.0915481224656105,0.7170494794845581,0.5864783525466919,-0.024448124691843987,0.6635422110557556,0.43441298604011536,-0.04515782743692398,0.6309421062469482,0.34175002574920654,-0.0678747296333313,0.6016795039176941,0.26348257064819336,-0.08585643023252487,0.7812737822532654,0.5743404626846313,-0.03411181643605232,0.7382755279541016,0.4257119596004486,-0.06113674119114876,0.7125183343887329,0.3381301760673523,-0.07993301004171371,0.6850742697715759,0.25841379165649414,-0.09445521980524063,0.8530911207199097,0.5894098281860352,-0.04872599244117737,0.845679759979248,0.4721423089504242,-0.07607314735651016,0.8409103155136108,0.39437875151634216,-0.08808155357837677,0.8330469131469727,0.3209782540798187,-0.09642992168664932
0.8683781623840332,0.9569331407546997,5.314041118253954e-07,0.7602250576019287,0.9463334083557129,-0.04433874413371086,0.6662039160728455,0.8442094326019287,-0.05960499495267868,0.6171680688858032,0.7282624244689941,-0.07110955566167831,0.5609476566314697,0.6428942680358887,-0.08044643700122833,0.6696943640708923,0.6458905339241028,-0.02292589843273163,0.611600399017334,0.5154018998146057,-0.05104059353470802,0.5775327682495117,0.43575841188430786,-0.07565480470657349,0.5494815111160278,0.36329174041748047,-0.09486358612775803,0.7274826169013977,0.5954970121383667,-0.02626427635550499,0.6729534268379211,0.44135499000549316,-0.04892101138830185,0.6402307152748108,0.3481731116771698,-0.07206610590219498,0.611032247543335,0.2685803771018982,-0.09006275981664658,0.7909873127937317,0.5832054615020752,-0.03713122382760048,0.7469878196716309,0.4326353371143341,-0.06530863046646118,0.7211347222328186,0.343751460313797,-0.08386915922164917,0.6939700245857239,0.2632847726345062,-0.09795115143060684,0.8625299334526062,0.5984899997711182,-0.05275271460413933,0.8545418977737427,0.47866231203079224,-0.0804147943854332,0.8499298095703125,0.39984625577926636,-0.0920238345861435,0.8423367738723755,0.32583609223365784,-0.0999423936009407
0.8730968236923218,0.9720808267593384,5.240255518401682e-07,0.765540361404419,0.9537301063537598,-0.0425705686211586,0.6746633648872375,0.8508237600326538,-0.05880574882030487,0.6273863315582275,0.7363357543945312,-0.07174039632081985,0.5723781585693359,0.6505299806594849,-0.08282044529914856,0.6804559230804443,0.657825231552124,-0.02513435110449791,0.6231130361557007,0.5255895853042603,-0.05474502965807915,0.5898280143737793,0.4447299838066101,-0.08012478053569794,0.5625747442245483,0.37120434641838074,-0.09977126121520996,0.7384626865386963,0.6084593534469604,-0.030171139165759087,0.6850265264511108,0.45094698667526245,-0.05474657565355301,0.6523686051368713,0.35592472553253174,-0.07916563004255295,0.6227401494979858,0.27480548620224,-0.09790919721126556,0.8026567697525024,0.5963924527168274,-0.04224478825926781,0.7593966126441956,0.44129255414009094,-0.07207604497671127,0.7341151237487793,0.3502471148967743,-0.09149227291345596,0.707409143447876,0.2682816982269287,-0.10598216205835342,0.8746405839920044,0.612419068813324,-0.05871801823377609,0.8679109811782837,0.49087685346603394,-0.08763458579778671,0.8637545704841614,0.4104883074760437,-0.09964971989393234,0.8565862774848938,0.33612769842147827,-0.10772378742694855
0.9305025935173035,1.0493990182876587,4.1184438259733724e-07,0.8392735123634338,1.0235073566436768,-0.04722359776496887,0.7536791563034058,0.9414297938346863,-0.0754282996058464,0.7059354186058044,0.8389350771903992,-0.09787532687187195,0.6598687171936035,0.7453157901763916,-0.11882254481315613,0.7681322693824768,0.758743166923523,-0.06827143579721451,0.7075787782669067,0.6044724583625793,-0.10679233819246292,0.6747269034385681,0.5176150798797607,-0.13354746997356415,0.6496122479438782,0.44102829694747925,-0.15180444717407227,0.83031165599823,0.7171300649642944,-0.07248882204294205,0.7763451337814331,0.5288764834403992,-0.10205426067113876,0.7479637861251831,0.42144322395324707,-0.12475412338972092,0.7261059880256653,0.3342604339122772,-0.14234858751296997,0.8977718949317932,0.711120069026947,-0.08092726767063141,0.859337329864502,0.5273508429527283,-0.11322898417711258,0.8372223973274231,0.4218970537185669,-0.13145267963409424,0.8175531625747681,0.3348882794380188,-0.14477400481700897,0.9710542559623718,0.7305521368980408,-0.0928853377699852,0.9667930603027344,0.589525580406189,-0.12461135536432266,0.9644125699996948,0.49700185656547546,-0.1354476660490036,0.9618536233901978,0.41670113801956177,-0.14179150760173798
0.9768111705780029,1.1071445941925049,6.55233691304602e-07,0.8833606243133545,1.088365912437439,-0.051627881824970245,0.7996339201927185,1.0002273321151733,-0.08367905765771866,0.7463160157203674,0.8924136161804199,-0.10761222243309021,0.6877405047416687,0.8028591275215149,-0.1306079626083374,0.8128146529197693,0.8284051418304443,-0.08140845596790314,0.7544491291046143,0.6622251272201538,-0.12240538746118546,0.7199061512947083,0.5620567202568054,-0.14889337122440338,0.6946101188659668,0.4787391126155853,-0.1655346006155014,0.8767458200454712,0.7860416173934937,-0.08175364136695862,0.8273944854736328,0.5872071981430054,-0.11750514060258865,0.7970226407051086,0.4615324139595032,-0.14283205568790436,0.7742611765861511,0.36385804414749146,-0.1606423705816269,0.9395976066589355,0.7758766412734985,-0.08555537462234497,0.9093583226203918,0.5843563675880432,-0.12080975621938705,0.8898391723632812,0.4650200605392456,-0.14331750571727753,0.8735730051994324,0.3705688416957855,-0.15826524794101715,1.001118779182434,0.7896824479103088,-0.09232433140277863,0.9987560510635376,0.645010769367218,-0.12401758879423141,1.0002515316009521,0.5483326315879822,-0.13711431622505188,1.0017633438110352,0.46807602047920227,-0.14448702335357666
0.16966727375984192,0.17466199398040771,-5.674805265698524e-07,0.16419468820095062,0.11194844543933868,-0.01472346018999815,0.19032660126686096,0.035405851900577545,-0.021722685545682907,0.21620017290115356,-0.012546822428703308,-0.030808428302407265,0.23358885943889618,-0.04850802570581436,-0.037537191063165665,0.26287123560905457,0.02348252385854721,0.0012811796041205525,0.28618180751800537,-0.016538888216018677,-0.027246790006756783,0.2549578547477722,-0.00552426278591156,-0.04724236577749252,0.2308887094259262,0.011839769780635834,-0.05680525675415993,0.2838805913925171,0.0606878437101841,-0.004276820458471775,0.30465373396873474,0.02635028585791588,-0.032022785395383835,0.262890100479126,0.03678431361913681,-0.044854242354631424,0.23593729734420776,0.05318518728017807,-0.04705667123198509,0.29722023010253906,0.10730603337287903,-0.014776980504393578,0.31870725750923157,0.07085596024990082,-0.04225856438279152,0.2734648287296295,0.07274486124515533,-0.04327335208654404,0.2439657598733902,0.08410611748695374,-0.03680960461497307,0.30398350954055786,0.16160288453102112,-0.026591919362545013,0.31701382994651794,0.12337608635425568,-0.04491247981786728,0.27878040075302124,0.11269711703062057,-0.042157381772994995,0.24953967332839966,0.11607007682323456,-0.03490513190627098
0.2144627869129181,0.21643689274787903,-4.326678606503265e-07,0.21575042605400085,0.13302963972091675,-0.006782860495150089,0.2435082495212555,0.05816184729337692,-0.0075960964895784855,0.2714252173900604,0.016511254012584686,-0.012585751712322235,0.29573678970336914,-0.012148737907409668,-0.014894314110279083,0.3026018440723419,0.04649832099676132,0.021258052438497543,0.31848597526550293,0.019489966332912445,-0.0033525656908750534,0.29113513231277466,0.03992383927106857,-0.02086673676967621,0.2725343108177185,0.06127072870731354,-0.02774694934487343,0.3259609341621399,0.08060669153928757,0.014386656694114208,0.3428664803504944,0.05942538380622864,-0.009667579084634781,0.30615249276161194,0.07660617679357529,-0.021097658202052116,0.287086546421051,0.095298171043396,-0.02109818160533905,0.3425494432449341,0.12287384271621704,0.0024295744951814413,0.3603804111480713,0.10292032361030579,-0.02045450545847416,0.322388231754303,0.11200495809316635,-0.01808900758624077,0.30202677845954895,0.1266254484653473,-0.00864147488027811,0.35156601667404175,0.1710669994354248,-0.01084809098392725,0.3690047860145569,0.14670820534229279,-0.02195272035896778,0.3371254503726959,0.14664894342422485,-0.013667852617800236,0.3171956539154053,0.1563597172498703,-0.0021494755055755377
0.26908373832702637,0.26902875304222107,-4.3494961232681817e-07,0.265328049659729,0.19587776064872742,-0.00759401498362422,0.28626325726509094,0.13257531821727753,-0.011782887391746044,0.31300967931747437,0.1012457087635994,-0.02003483474254608,0.33909374475479126,0.0891716480255127,-0.026550374925136566,0.3413425087928772,0.11942770332098007,0.01415803749114275,0.3584286868572235,0.08606445044279099,-0.008742008358240128,0.3384997844696045,0.10380125045776367,-0.026972997933626175,0.32340818643569946,0.12618644535541534,-0.036210913211107254,0.36544206738471985,0.14891985058784485,0.006717191077768803,0.3796039819717407,0.11985977739095688,-0.015487605705857277,0.3528261184692383,0.13877113163471222,-0.028116032481193542,0.3384218215942383,0.159178227186203,-0.03161836788058281,0.3837188482284546,0.18559378385543823,-0.005199040751904249,0.3970987796783447,0.15694989264011383,-0.02531406469643116,0.36994683742523193,0.1700461357831955,-0.02514622174203396,0.3559701442718506,0.18591880798339844,-0.01986127719283104,0.3957168757915497,0.22945496439933777,-0.018731163814663887,0.411175012588501,0.20206528902053833,-0.028742043301463127,0.3892604410648346,0.2058030366897583,-0.022860566154122353,0.376150518655777,0.21721939742565155,-0.0151510089635849
0.2520590126514435,0.2629168927669525,-4.0873746343095263e-07,0.2517290413379669,0.1864769160747528,-0.00269791460596025,0.2725986838340759,0.12207072228193283,-0.004652898292988539,0.29980936646461487,0.08745071291923523,-0.01182517409324646,0.32971900701522827,0.07626599073410034,-0.017169350758194923,0.32595157623291016,0.10670078545808792,0.02252611704170704,0.3489575684070587,0.07675789296627045,0.0016629989258944988,0.33051684498786926,0.09318169951438904,-0.016600655391812325,0.3126317262649536,0.1154400035738945,-0.02555203251540661,0.3512604236602783,0.13438892364501953,0.014238146133720875,0.37099987268447876,0.10747995227575302,-0.0054899840615689754,0.34788134694099426,0.12444538623094559,-0.020009811967611313,0.330652117729187,0.14521315693855286,-0.024388756603002548,0.3717912435531616,0.16963571310043335,0.0019667642191052437,0.38774576783180237,0.14457547664642334,-0.015712177380919456,0.3649703860282898,0.15607225894927979,-0.0175873301923275,0.3483380675315857,0.1729646921157837,-0.013107432052493095,0.386310875415802,0.21099472045898438,-0.011330164968967438,0.40147876739501953,0.18391737341880798,-0.019419563934206963,0.3829982578754425,0.1877935230731964,-0.013728412799537182,0.368721604347229,0.2003689706325531,-0.005592047236859798
0.15066367387771606,0.7986252903938293,-1.1980451120052749e-07,0.1463828682899475,0.710034966468811,-0.027333226054906845,0.18214628100395203,0.6245485544204712,-0.03126305714249611,0.21526464819908142,0.5740635991096497,-0.029906978830695152,0.23817309737205505,0.5440674424171448,-0.02650585025548935,0.2510457932949066,0.665973424911499,-0.0037715870421379805,0.2773981988430023,0.5993337035179138,-0.004282281268388033,0.2843658924102783,0.5560526251792908,-0.011043262667953968,0.29079145193099976,0.528960108757019,-0.016644172370433807,0.26031193137168884,0.6967501640319824,0.008416675962507725,0.28375741839408875,0.6306785345077515,0.012654394842684269,0.2948371469974518,0.5849716663360596,0.007117465138435364,0.29952511191368103,0.555769681930542,0.0011182072339579463,0.25971341133117676,0.7192456722259521,0.01722416654229164,0.28254321217536926,0.6596950888633728,0.018799547106027603,0.2928082346916199,0.6162562966346741,0.016839466989040375,0.29840099811553955,0.5871820449829102,0.014539564028382301,0.2529560625553131,0.7366236448287964,0.023215603083372116,0.27506953477859497,0.6884811520576477,0.0218475554138422,0.285096675157547,0.6553067564964294,0.02262347750365734,0.29085806012153625,0.6323710680007935,0.02386656403541565
0.10907221585512161,0.8110129833221436,2.309214721663011e-07,0.15776050090789795,0.7962218523025513,-0.007648529950529337,0.2035473883152008,0.7400133013725281,-0.0022365914192050695,0.2270178496837616,0.6852825284004211,0.004179411567747593,0.23462757468223572,0.6443105936050415,0.01213132869452238,0.19060814380645752,0.6630661487579346,0.01010213978588581,0.22920069098472595,0.6006194353103638,0.00614649523049593,0.2554886043071747,0.567655086517334,0.0007954728207550943,0.2747952342033386,0.540110170841217,-0.0017388511914759874,0.1797337830066681,0.6519873738288879,0.012715747579932213,0.22407668828964233,0.5963468551635742,0.010267832316458225,0.2519804537296295,0.5665945410728455,0.004475756548345089,0.27721652388572693,0.5407351851463318,0.001754886470735073,0.17168310284614563,0.6433190107345581,0.013479114510118961,0.2118763029575348,0.5857698321342468,0.009488578885793686,0.242574080824852,0.5565096735954285,0.007045409642159939,0.2686748206615448,0.5322726368904114,0.007684431038796902,0.1657409816980362,0.6348627805709839,0.013101210817694664,0.20283228158950806,0.5829283595085144,0.011883111670613289,0.22854924201965332,0.5538751482963562,0.014855174347758293,0.2512698471546173,0.532922625541687,0.018791167065501213
0.08034960925579071,0.8302576541900635,2.6804929120771703e-07,0.10328660160303116,0.7536022663116455,-0.0076148612424731255,0.1541791707277298,0.6822476983070374,-0.0030040163546800613,0.19131571054458618,0.6387122869491577,0.002899268176406622,0.21341192722320557,0.6030382513999939,0.010546942241489887,0.17336289584636688,0.688543975353241,0.00834925938397646,0.2143976390361786,0.6276021599769592,0.005228756926953793,0.2408915013074875,0.5904843211174011,-0.0003821021527983248,0.26146095991134644,0.5587419271469116,-0.003618900664150715,0.18112945556640625,0.7103087902069092,0.010643767192959785,0.2205609679222107,0.6526554822921753,0.011320960707962513,0.24301952123641968,0.6126947402954102,0.0053356545977294445,0.26338350772857666,0.5755817890167236,0.0011829707073047757,0.18427182734012604,0.7291229367256165,0.011365539394319057,0.21598416566848755,0.6724929213523865,0.013370903208851814,0.23767806589603424,0.6322559118270874,0.013833530247211456,0.2569839656352997,0.5980052947998047,0.014496074058115482,0.1829933375120163,0.7411361932754517,0.010516645386815071,0.2103460431098938,0.6904009580612183,0.015551652759313583,0.22759650647640228,0.6575846076011658,0.02202749438583851,0.2412261664867401,0.6321953535079956,0.02713949605822563
0.07903369516134262,0.8414024710655212,1.2781262626049283e-07,0.09390755742788315,0.7613862156867981,-0.0029067504219710827,0.14321233332157135,0.6973492503166199,0.0018639536574482918,0.18366891145706177,0.6598715782165527,0.007073287386447191,0.20906077325344086,0.6281492114067078,0.014392034150660038,0.16317367553710938,0.6909115314483643,0.007544647436589003,0.20856407284736633,0.6363385915756226,0.00432599987834692,0.23458796739578247,0.604681670665741,8.72742457431741e-05,0.25478965044021606,0.579276442527771,-0.0020914736669510603,0.17487500607967377,0.7147833108901978,0.007452696096152067,0.21430703997612,0.6590023040771484,0.0077452706173062325,0.23468312621116638,0.6235871911048889,0.003607075661420822,0.2538939118385315,0.5942075252532959,0.000863310822751373,0.18314680457115173,0.7377455234527588,0.006588136777281761,0.2175031304359436,0.6840065717697144,0.008877681568264961,0.23485611379146576,0.6470937728881836,0.010752998292446136,0.25097745656967163,0.6181841492652893,0.011697239242494106,0.18802101910114288,0.7581996917724609,0.004599109757691622,0.21288082003593445,0.7107629179954529,0.009878350421786308,0.22482314705848694,0.6792154312133789,0.016773812472820282,0.2346239984035492,0.6564227938652039,0.022198859602212906
0.5773400068283081,0.8452162742614746,-3.130970469555905e-07,0.5995022058486938,0.7385085821151733,0.0029186129104346037,0.5722043514251709,0.6382824778556824,-0.006844649091362953,0.5158982276916504,0.604238748550415,-0.019579842686653137,0.4617416560649872,0.6189164519309998,-0.034503959119319916,0.5927315354347229,0.5942135453224182,-0.024385685101151466,0.5283408761024475,0.5206733345985413,-0.049203839153051376,0.48991280794143677,0.5407938957214355,-0.0640697330236435,0.48076677322387695,0.5744909048080444,-0.0722493901848793,0.5573704838752747,0.6262696385383606,-0.038569532334804535,0.48150357604026794,0.5706560015678406,-0.057163286954164505,0.4597039520740509,0.6008539795875549,-0.0635705515742302,0.4711149036884308,0.6315869092941284,-0.06788977235555649,0.5167867541313171,0.6773341298103333,-0.05210857093334198,0.4409228563308716,0.6462633609771729,-0.06543425470590591,0.4350736737251282,0.6798437237739563,-0.062179457396268845,0.45814475417137146,0.7014386057853699,-0.06058400496840477,0.4759748876094818,0.7358427047729492,-0.06501981616020203,0.4178124666213989,0.7272593975067139,-0.0744902491569519,0.41923511028289795,0.7476856708526611,-0.06910984218120575,0.4405266046524048,0.7592141628265381,-0.06448470056056976
0.5713205337524414,0.8838142156600952,-1.840301422362245e-07,0.5970563888549805,0.7695423364639282,-0.0027648108080029488,0.5753201246261597,0.6673688888549805,-0.01233603060245514,0.5264803767204285,0.617510199546814,-0.023865114897489548,0.47651028633117676,0.6225162148475647,-0.03577640652656555,0.5995892882347107,0.6460674405097961,-0.019375311210751534,0.5592397451400757,0.5517705678939819,-0.04962747171521187,0.5152366161346436,0.5531973242759705,-0.06945367157459259,0.4927903711795807,0.5824875831604004,-0.07904262840747833,0.5593655109405518,0.6706323027610779,-0.02977897971868515,0.5047263503074646,0.585468053817749,-0.056409671902656555,0.4787125289440155,0.6032398343086243,-0.06602932512760162,0.4798071086406708,0.6394374966621399,-0.06864109635353088,0.5145250558853149,0.7084901928901672,-0.04109492525458336,0.45355528593063354,0.6608390808105469,-0.06265860050916672,0.4511691927909851,0.6881944537162781,-0.0604887530207634,0.47236108779907227,0.7190436124801636,-0.05505392700433731,0.47119972109794617,0.7529340982437134,-0.05240262672305107,0.4273090362548828,0.7307058572769165,-0.06566181033849716,0.4326079785823822,0.7517521381378174,-0.060715433210134506,0.45381295680999756,0.77066969871521,-0.05409659817814827
0.5709340572357178,0.863710880279541,-3.2469710475879765e-08,0.597927451133728,0.7641211152076721,0.00044401883496902883,0.5777920484542847,0.6702806353569031,-0.011509100906550884,0.5319809317588806,0.6181011199951172,-0.024731721729040146,0.4819023907184601,0.6075912714004517,-0.03845890238881111,0.6034265160560608,0.6369543075561523,-0.031630564481019974,0.5769169926643372,0.5278090238571167,-0.05812349542975426,0.5295268297195435,0.5172673463821411,-0.07249554991722107,0.4999947249889374,0.5400673151016235,-0.07872775942087173,0.5647079944610596,0.658294677734375,-0.04222002252936363,0.5291057825088501,0.5606305599212646,-0.06360845267772675,0.4972889721393585,0.5692695379257202,-0.06875103712081909,0.48934030532836914,0.6032459139823914,-0.06969939172267914,0.5188735723495483,0.6928647756576538,-0.05170656740665436,0.4695584177970886,0.6343892216682434,-0.06497250497341156,0.46393296122550964,0.6563894152641296,-0.05786051228642464,0.47858095169067383,0.6867631077766418,-0.05172032490372658,0.4756249487400055,0.7335774898529053,-0.060675665736198425,0.43702447414398193,0.7022245526313782,-0.06789874285459518,0.43982380628585815,0.7191294431686401,-0.0586288757622242,0.45730239152908325,0.7388925552368164,-0.04988400265574455
0.5677911043167114,0.862669825553894,-9.693531666243871e-08,0.6018617153167725,0.7629401683807373,0.0002337286132387817,0.5888842940330505,0.6618450284004211,-0.009668436832726002,0.545242965221405,0.601564347743988,-0.020877860486507416,0.49237552285194397,0.5952126979827881,-0.032793983817100525,0.5977568626403809,0.6367953419685364,-0.03003504127264023,0.5642079710960388,0.5272884368896484,-0.05628884956240654,0.5267778038978577,0.5248966813087463,-0.07081735134124756,0.509035050868988,0.5520675182342529,-0.07744345813989639,0.5519310832023621,0.658637285232544,-0.039923690259456635,0.5036193132400513,0.5669642686843872,-0.06010435149073601,0.48827120661735535,0.5855381488800049,-0.06331776082515717,0.49631693959236145,0.6195124387741089,-0.06382575631141663,0.5046765804290771,0.6934387683868408,-0.0491110235452652,0.46065661311149597,0.6312426328659058,-0.06355604529380798,0.4613853693008423,0.6523196697235107,-0.05603889375925064,0.47786611318588257,0.6805608868598938,-0.049899108707904816,0.462817907333374,0.7332220673561096,-0.057798273861408234,0.4346372187137604,0.6986069679260254,-0.06572214514017105,0.44211167097091675,0.7144701480865479,-0.05723252892494202,0.4580667316913605,0.7328558564186096,-0.04962683469057083
0.5674417614936829,0.8682782649993896,-5.997754470854488e-08,0.5983364582061768,0.7630059123039246,0.0026775600854307413,0.5841489434242249,0.6617767810821533,-0.006574885454028845,0.539555013179779,0.6026829481124878,-0.018161000683903694,0.4862622320652008,0.599455714225769,-0.03042333945631981,0.5986642837524414,0.6385546326637268,-0.02136978507041931,0.5615015029907227,0.5352897644042969,-0.04578360170125961,0.5338981747627258,0.5290637016296387,-0.06049327179789543,0.5225607752799988,0.5524231791496277,-0.06715190410614014,0.5527607798576355,0.6626258492469788,-0.03242937847971916,0.5036470890045166,0.5746355652809143,-0.05116431787610054,0.49305224418640137,0.5878392457962036,-0.05691871792078018,0.5022131204605103,0.6184738278388977,-0.059145737439394,0.5050948262214661,0.6988162994384766,-0.042800452560186386,0.4612603187561035,0.6328137516975403,-0.05670493096113205,0.4632675349712372,0.6517460346221924,-0.05119810998439789,0.47985562682151794,0.6805399060249329,-0.045971356332302094,0.461782306432724,0.7403541803359985,-0.05246903747320175,0.4348987936973572,0.7027333974838257,-0.05990152806043625,0.44281280040740967,0.7166975140571594,-0.052060890942811966,0.45862331986427307,0.7362672686576843,-0.0446002334356308
0.5687211751937866,0.8812330365180969,-1.5334778424858087e-07,0.5988977551460266,0.7707453966140747,0.005530503112822771,0.5868703126907349,0.6660026907920837,-0.001143324188888073,0.5484387278556824,0.6075550317764282,-0.011020652018487453,0.5006776452064514,0.6019136905670166,-0.02214319258928299,0.5917141437530518,0.6464762687683105,-0.01770896650850773,0.54762864112854,0.549774706363678,-0.042006298899650574,0.5181040167808533,0.5568960309028625,-0.057595692574977875,0.5099663734436035,0.5929780006408691,-0.06449101865291595,0.5493881702423096,0.6737684607505798,-0.029486652463674545,0.49267077445983887,0.5961783528327942,-0.04454943537712097,0.47823500633239746,0.6108277440071106,-0.0495450459420681,0.4871633052825928,0.6431108713150024,-0.052980534732341766,0.5050163865089417,0.7137149572372437,-0.04083482548594475,0.4557599425315857,0.660730242729187,-0.05158667266368866,0.4548962116241455,0.6816824078559875,-0.04670122638344765,0.47197583317756653,0.7115480303764343,-0.04371228441596031,0.46425312757492065,0.7593778371810913,-0.05150039494037628,0.4323560893535614,0.7273099422454834,-0.05754299461841583,0.4385506808757782,0.7450895309448242,-0.04998078942298889,0.45475074648857117,0.766209602355957,-0.04349759221076965
0.5720080137252808,0.8828217387199402,-1.7849512090606368e-08,0.5969438552856445,0.7670440077781677,0.003785539185628295,0.5724614262580872,0.6721290349960327,-0.0035107501316815615,0.5225351452827454,0.6209622621536255,-0.01402396708726883,0.4681028127670288,0.6268398761749268,-0.0250270776450634,0.591136634349823,0.6482104063034058,-0.004516343120485544,0.5606343150138855,0.5547323822975159,-0.027323514223098755,0.5292484760284424,0.5483466982841492,-0.043687351047992706,0.5132316946983337,0.5700041651725769,-0.05125676095485687,0.5489060878753662,0.6686065793037415,-0.014934546314179897,0.5088678002357483,0.5877940654754639,-0.033751897513866425,0.4896678328514099,0.6011685132980347,-0.04302845895290375,0.49031683802604675,0.6337049007415771,-0.04625358060002327,0.5021779537200928,0.7031826972961426,-0.025678221136331558,0.45754316449165344,0.6511304378509521,-0.039695292711257935,0.45665639638900757,0.6742919087409973,-0.037966951727867126,0.472890168428421,0.7051183581352234,-0.033724017441272736,0.458677738904953,0.745000958442688,-0.035727135837078094,0.42629292607307434,0.7171211838722229,-0.041582006961107254,0.4320574402809143,0.7338272929191589,-0.03469763696193695,0.4499592185020447,0.7534950375556946,-0.027277465909719467
0.6385005116462708,0.817975640296936,-5.900876089981466e-07,0.6392300724983215,0.7380668520927429,-0.006029884796589613,0.6193686723709106,0.6470487117767334,-0.02077474445104599,0.5809543132781982,0.5781399607658386,-0.03695756196975708,0.5541390776634216,0.5485801100730896,-0.05299913138151169,0.6851032972335815,0.5802304148674011,-0.02554321102797985,0.6204614639282227,0.5182304382324219,-0.045749861747026443,0.5727454423904419,0.5214083194732666,-0.05521576851606369,0.5483595132827759,0.5434251427650452,-0.060875892639160156,0.683372974395752,0.6054900288581848,-0.035655464977025986,0.5964069366455078,0.5451205968856812,-0.05168507620692253,0.5518832802772522,0.5653984546661377,-0.0532015822827816,0.5436590909957886,0.5945447683334351,-0.05467439442873001,0.6681728959083557,0.6428275108337402,-0.04660496115684509,0.5827122330665588,0.5862934589385986,-0.06406907737255096,0.5453654527664185,0.6062365770339966,-0.05862472951412201,0.5421596765518188,0.6312806606292725,-0.05484074354171753,0.6464012265205383,0.6857213973999023,-0.05791724473237991,0.5773450136184692,0.6349049806594849,-0.07720530778169632,0.545859694480896,0.6444646120071411,-0.07402405142784119,0.5374156832695007,0.660696268081665,-0.06884025782346725
0.785442590713501,0.7519579529762268,2.7661292278935434e-07,0.7893725633621216,0.7314022779464722,-0.013092810288071632,0.7846655249595642,0.7085132598876953,-0.021801626309752464,0.7710753083229065,0.6994647979736328,-0.029806679114699364,0.7548490166664124,0.701573371887207,-0.038385264575481415,0.759646475315094,0.6634448170661926,-0.013927713967859745,0.7554651498794556,0.6199385523796082,-0.025992712005972862,0.7518794536590576,0.5924533605575562,-0.0359669029712677,0.747490644454956,0.5701379776000977,-0.04277952015399933,0.7585278749465942,0.6637693047523499,-0.01562558300793171,0.7539392709732056,0.6173840165138245,-0.02633097767829895,0.7507283091545105,0.5879186987876892,-0.0351443737745285,0.7469936013221741,0.5631378889083862,-0.040679965168237686,0.7603272199630737,0.6715860962867737,-0.018852028995752335,0.7553970813751221,0.6297933459281921,-0.02879527024924755,0.7529163360595703,0.6022858023643494,-0.03423437476158142,0.7505280375480652,0.5782535076141357,-0.03739280626177788,0.7640625834465027,0.6857759952545166,-0.02327858842909336,0.7629379034042358,0.6592578291893005,-0.030418794602155685,0.7634981274604797,0.6428532004356384,-0.0309697687625885,0.7639984488487244,0.6295725107192993,-0.030794726684689522
0.7904744148254395,0.745669960975647,3.156960133310349e-07,0.7967843413352966,0.7263155579566956,-0.016287755221128464,0.7926238775253296,0.7070258855819702,-0.027169665321707726,0.7759263515472412,0.6992944478988647,-0.036395516246557236,0.7583276629447937,0.6989604830741882,-0.04621171951293945,0.7657366394996643,0.661472499370575,-0.02043251506984234,0.7625604271888733,0.6189236044883728,-0.03373021259903908,0.7589147090911865,0.5903105139732361,-0.044329576194286346,0.7552327513694763,0.5666106343269348,-0.05152576044201851,0.7607066631317139,0.6621931791305542,-0.02076330967247486,0.756800651550293,0.61609947681427,-0.03252220153808594,0.7543197870254517,0.585249662399292,-0.04214351251721382,0.7511721849441528,0.5584123134613037,-0.04848819598555565,0.7564111351966858,0.6716887950897217,-0.022528093308210373,0.7489954233169556,0.631976842880249,-0.03375786542892456,0.7467795610427856,0.6041686534881592,-0.040603652596473694,0.7452802658081055,0.5794264078140259,-0.044870831072330475,0.7517011165618896,0.6881774663925171,-0.025520985946059227,0.7404775023460388,0.6670392751693726,-0.03439749777317047,0.736782431602478,0.654651939868927,-0.036863651126623154,0.735037624835968,0.6449965834617615,-0.038048092275857925
0.5141896605491638,0.8864921927452087,-2.786239008401026e-07,0.5237206816673279,0.8067149519920349,-0.012053239159286022,0.509839653968811,0.7215450406074524,-0.024191828444600105,0.4844285249710083,0.6687626838684082,-0.03556784987449646,0.45394548773765564,0.650238573551178,-0.046245135366916656,0.5473880171775818,0.6549453735351562,-0.02444399520754814,0.48932284116744995,0.595432698726654,-0.04920938238501549,0.4607327878475189,0.6189535856246948,-0.06679514795541763,0.45902448892593384,0.6514909863471985,-0.07623616605997086,0.5112468004226685,0.6773603558540344,-0.027913324534893036,0.453048437833786,0.63188636302948,-0.049869708716869354,0.43422943353652954,0.6632360219955444,-0.059889499098062515,0.44455230236053467,0.6951907873153687,-0.06430235505104065,0.4722536504268646,0.7142413854598999,-0.03250585496425629,0.41873472929000854,0.676669180393219,-0.0530947670340538,0.41113021969795227,0.7085985541343689,-0.052740100771188736,0.4289487898349762,0.7371178865432739,-0.04929270222783089,0.43558818101882935,0.7595235109329224,-0.037341609597206116,0.391166627407074,0.7366630434989929,-0.05514707416296005,0.39054280519485474,0.760515570640564,-0.05203031376004219,0.40741702914237976,0.7812582850456238,-0.04520323872566223
0.517081618309021,0.8924911022186279,-1.2099437185497663e-07,0.5541860461235046,0.8159043192863464,-0.006251815240830183,0.5543354749679565,0.728813886642456,-0.017952734604477882,0.5258012413978577,0.6673665046691895,-0.02928153984248638,0.48442980647087097,0.6439013481140137,-0.041309695690870285,0.5667878985404968,0.6889603137969971,-0.0371064692735672,0.5376948118209839,0.5937421321868896,-0.06109802797436714,0.4934925138950348,0.5840010643005371,-0.07315755635499954,0.46908918023109436,0.6059281826019287,-0.07857430726289749,0.525761604309082,0.7048444747924805,-0.04355180636048317,0.48741868138313293,0.6210653185844421,-0.06310071796178818,0.45824238657951355,0.6326544284820557,-0.0663447231054306,0.4539416432380676,0.6650440096855164,-0.0671733021736145,0.4793538749217987,0.7336850166320801,-0.049365464597940445,0.4332840144634247,0.6693342924118042,-0.06502030789852142,0.42243191599845886,0.6923836469650269,-0.0589885376393795,0.43399521708488464,0.7259691953659058,-0.0538974329829216,0.43445903062820435,0.7692455649375916,-0.05495895445346832,0.3952749967575073,0.7329146265983582,-0.06886379420757294,0.39406347274780273,0.7499998211860657,-0.06384514272212982,0.40873992443084717,0.7737116813659668,-0.05744175985455513
0.5269478559494019,0.8910049796104431,2.2387524722944363e-08,0.5729109048843384,0.8226025104522705,-0.006225453689694405,0.5836244225502014,0.7256677746772766,-0.018442466855049133,0.5568770170211792,0.6537651419639587,-0.029202181845903397,0.5090969800949097,0.628670334815979,-0.04117179289460182,0.5892292857170105,0.6964719295501709,-0.04569370299577713,0.5689813494682312,0.5858187079429626,-0.06841089576482773,0.5299296975135803,0.5621505975723267,-0.0778927281498909,0.503933846950531,0.5707869529724121,-0.0813857764005661,0.5397161841392517,0.704451858997345,-0.05072026327252388,0.5151777863502502,0.6006971001625061,-0.06744623929262161,0.49254608154296875,0.5999550223350525,-0.06664455682039261,0.485567182302475,0.625154972076416,-0.06497650593519211,0.48637154698371887,0.7224827408790588,-0.05421281233429909,0.4514015018939972,0.6464183330535889,-0.06380581110715866,0.4448793828487396,0.6676658391952515,-0.0531473308801651,0.4531683027744293,0.7002866864204407,-0.046310000121593475,0.43705448508262634,0.7466211318969727,-0.0577743761241436,0.41005730628967285,0.7034761309623718,-0.06342431157827377,0.41182026267051697,0.7245445847511292,-0.054287903010845184,0.42369717359542847,0.7479890584945679,-0.04675133898854256
0.5291376113891602,0.8935312032699585,-7.7037221046794e-08,0.5719476938247681,0.8159319162368774,-0.002331051742658019,0.5777313113212585,0.7097005844116211,-0.012561468407511711,0.5452448725700378,0.6357965469360352,-0.022677091881632805,0.49403589963912964,0.6101425290107727,-0.03423716500401497,0.5919756889343262,0.6876625418663025,-0.03565213829278946,0.5681370496749878,0.5815527439117432,-0.05898173153400421,0.5286014676094055,0.5627312660217285,-0.07118786126375198,0.5054243803024292,0.5767408013343811,-0.07659091800451279,0.5455343127250671,0.6954439878463745,-0.042799755930900574,0.5081329941749573,0.5990433692932129,-0.05850566551089287,0.4859960079193115,0.6032217741012573,-0.05962599441409111,0.4852813482284546,0.6312886476516724,-0.060047172009944916,0.49404600262641907,0.7139606475830078,-0.048805441707372665,0.4482521414756775,0.6456107497215271,-0.05705474689602852,0.4430389106273651,0.6648229360580444,-0.04840214550495148,0.45583808422088623,0.6939423680305481,-0.043947484344244,0.4442751109600067,0.7384402751922607,-0.05467883124947548,0.40968501567840576,0.6987655758857727,-0.05916688218712807,0.41221722960472107,0.7189247608184814,-0.050692182034254074,0.4267766773700714,0.7416054010391235,-0.04425976797938347
0.5287371873855591,0.898855984210968,-1.63665689001391e-07,0.5715799331665039,0.8203129172325134,0.0024719664361327887,0.5804769992828369,0.7157136797904968,-0.0054570590145885944,0.5498610138893127,0.6444619297981262,-0.01429741084575653,0.5003020167350769,0.618170440196991,-0.02439075894653797,0.5969976782798767,0.6915847659111023,-0.030940556898713112,0.5747912526130676,0.5785126686096191,-0.053356099873781204,0.5338516235351562,0.5621930360794067,-0.06378337740898132,0.5117920637130737,0.5791604518890381,-0.06782383471727371,0.5552396178245544,0.6980518698692322,-0.04024885222315788,0.5154208540916443,0.5978637933731079,-0.055356696248054504,0.490527480840683,0.6074407696723938,-0.05453592166304588,0.48979711532592773,0.6363994479179382,-0.05345974117517471,0.5064406991004944,0.7146573662757874,-0.04828076809644699,0.4536687731742859,0.6487035751342773,-0.05740899220108986,0.44409963488578796,0.6727114319801331,-0.048109423369169235,0.4557037651538849,0.7023777365684509,-0.042959801852703094,0.4575527012348175,0.7363990545272827,-0.05575947463512421,0.4165301024913788,0.6985833644866943,-0.0608985535800457,0.4150482714176178,0.7248980402946472,-0.052193377166986465,0.42829999327659607,0.748992919921875,-0.045573681592941284
0.5302199721336365,0.8961136341094971,-1.542209275839923e-07,0.57219398021698,0.8166899085044861,0.00416130106896162,0.578422486782074,0.7117129564285278,-0.004807114135473967,0.546484112739563,0.6394345760345459,-0.0150912469252944,0.49887800216674805,0.6067090034484863,-0.027002982795238495,0.6059200167655945,0.6896677613258362,-0.034890517592430115,0.5919924974441528,0.5733963251113892,-0.06070001423358917,0.5451915860176086,0.5394369959831238,-0.07171671837568283,0.5161470174789429,0.5440559983253479,-0.07550441473722458,0.5687894225120544,0.6939765214920044,-0.04668354615569115,0.539638876914978,0.5781585574150085,-0.06716740131378174,0.4993405044078827,0.573924720287323,-0.06757225096225739,0.4842703640460968,0.603579044342041,-0.06518092751502991,0.5206274390220642,0.7078310251235962,-0.05678173899650574,0.46226435899734497,0.6331835985183716,-0.06945029646158218,0.4435438811779022,0.6570692658424377,-0.06171562522649765,0.4523549973964691,0.6917358040809631,-0.05620090663433075,0.4708181619644165,0.7284342646598816,-0.06606294959783554,0.41971632838249207,0.6913197040557861,-0.07507495582103729,0.412494421005249,0.7165876626968384,-0.06921415030956268,0.426272451877594,0.7425251007080078,-0.06359855085611343
0.5264074206352234,0.8999366164207458,-1.6740057162678568e-07,0.5740091800689697,0.8198063373565674,0.006026902236044407,0.5814971923828125,0.7181660532951355,-0.0023395114112645388,0.5505871176719666,0.6479382514953613,-0.013002341613173485,0.503982663154602,0.6181746125221252,-0.0256704892963171,0.6071265935897827,0.6924365162849426,-0.03159197419881821,0.5903535485267639,0.5697376728057861,-0.05716004967689514,0.5447596311569214,0.5377684831619263,-0.07020139694213867,0.516028642654419,0.5467172861099243,-0.07537397742271423,0.5667092204093933,0.6942625045776367,-0.044448237866163254,0.5414032340049744,0.5766749382019043,-0.06264841556549072,0.5040152668952942,0.5677025318145752,-0.06516706198453903,0.4863584339618683,0.5952465534210205,-0.06540873646736145,0.5165572166442871,0.7069964408874512,-0.055426985025405884,0.4675407111644745,0.6268872618675232,-0.06606640666723251,0.45305684208869934,0.6492307782173157,-0.05950901657342911,0.4602752923965454,0.6866777539253235,-0.05532882362604141,0.4646509289741516,0.7269001603126526,-0.06554318964481354,0.42271992564201355,0.6766707301139832,-0.07338494062423706,0.4193117022514343,0.6999315619468689,-0.06652791053056717,0.4322974681854248,0.7306907773017883,-0.060179270803928375
0.5351528525352478,0.9150022864341736,-2.459735526372242e-07,0.5854367017745972,0.8203930854797363,0.010302534326910973,0.5885545611381531,0.7147394418716431,0.004923688713461161,0.5534007549285889,0.6479362845420837,-0.004014360718429089,0.5060777068138123,0.6239933967590332,-0.014861227944493294,0.6134265661239624,0.6944735646247864,-0.020955445244908333,0.5892963409423828,0.5731559991836548,-0.04533492773771286,0.5387343764305115,0.5465701818466187,-0.0588301382958889,0.5067631602287292,0.5594208240509033,-0.06449376791715622,0.5694177150726318,0.6981709003448486,-0.03587406501173973,0.5414727330207825,0.5848603844642639,-0.05339435487985611,0.4995686113834381,0.576153576374054,-0.05728865787386894,0.47956037521362305,0.6037150621414185,-0.05827793851494789,0.5174514651298523,0.7132265567779541,-0.04916704446077347,0.4716382622718811,0.6335480213165283,-0.05864979326725006,0.4523049294948578,0.6542298793792725,-0.05341009050607681,0.4563549757003784,0.690834105014801,-0.05008108913898468,0.4650859534740448,0.7372711300849915,-0.0615561306476593,0.4281970262527466,0.6920835375785828,-0.06777414679527283,0.4232495129108429,0.7107332944869995,-0.06164951249957085,0.4347405433654785,0.7365742325782776,-0.05614369735121727
0.5392754077911377,0.9115960597991943,-2.0176148041173292e-07,0.5877387523651123,0.8150454163551331,0.005868332460522652,0.5853296518325806,0.7028695940971375,-0.004079210571944714,0.5418785810470581,0.6322115659713745,-0.016666023060679436,0.48931553959846497,0.606222927570343,-0.03066408261656761,0.6213735938072205,0.6868099570274353,-0.02751561626791954,0.5967352986335754,0.5661313533782959,-0.055253855884075165,0.5447660088539124,0.5401289463043213,-0.0707828551530838,0.5134472846984863,0.5544471144676208,-0.07761890441179276,0.578169584274292,0.6926076412200928,-0.041674043983221054,0.5506700277328491,0.5742367506027222,-0.06233569607138634,0.5074044466018677,0.5689302086830139,-0.06665368378162384,0.4884892404079437,0.6020558476448059,-0.06774529069662094,0.5250447392463684,0.7083810567855835,-0.05456598848104477,0.4810868501663208,0.6195757389068604,-0.06649798154830933,0.46121689677238464,0.6382999420166016,-0.06061496213078499,0.4649675786495209,0.6770133376121521,-0.05654826760292053,0.4702698290348053,0.7314860820770264,-0.06668367981910706,0.43030041456222534,0.6806958317756653,-0.07439400255680084,0.4271533787250519,0.6971243023872375,-0.06824794411659241,0.43981480598449707,0.7238321900367737,-0.06261026114225388
0.543013870716095,0.9134816527366638,-2.4108140905809705e-07,0.5938771963119507,0.8189017176628113,0.010459820739924908,0.6021413207054138,0.7084391713142395,0.004580190405249596,0.5769487023353577,0.635642409324646,-0.005345924291759729,0.5345661044120789,0.6033230423927307,-0.01726173423230648,0.6240957975387573,0.6817660927772522,-0.017900479957461357,0.5947166085243225,0.5646048784255981,-0.04188573360443115,0.546881377696991,0.5388502478599548,-0.05684635415673256,0.5177729725837708,0.5507251024246216,-0.0639428123831749,0.5803207159042358,0.6874171495437622,-0.033531904220581055,0.5473195910453796,0.5760811567306519,-0.049440525472164154,0.5084289908409119,0.5704371929168701,-0.054247863590717316,0.4913875162601471,0.597243070602417,-0.05696062371134758,0.5274315476417542,0.7041756510734558,-0.04782271012663841,0.4858464002609253,0.6166344285011292,-0.055933594703674316,0.46751782298088074,0.6311907768249512,-0.04997500404715538,0.47073450684547424,0.6625552177429199,-0.04740310460329056,0.4723514914512634,0.7294951677322388,-0.06123988330364227,0.4355759024620056,0.6750868558883667,-0.06615948677062988,0.43303245306015015,0.6878688335418701,-0.05844500660896301,0.44548913836479187,0.7102148532867432,-0.05234749615192413
0.5475385785102844,0.9246144890785217,-1.8895198650170641e-07,0.6027688384056091,0.8297686576843262,-0.0009290343732573092,0.605579137802124,0.7221810817718506,-0.007267897017300129,0.5725631713867188,0.6532145142555237,-0.014910050667822361,0.5308974385261536,0.6302508115768433,-0.02274264022707939,0.6345702409744263,0.6942854523658752,-0.021159527823328972,0.6053716540336609,0.5693069696426392,-0.04388710483908653,0.554398238658905,0.5577223300933838,-0.05636436119675636,0.5242944955825806,0.5830401182174683,-0.06123204156756401,0.585590660572052,0.6950171589851379,-0.028771545737981796,0.551474928855896,0.5744055509567261,-0.04643819108605385,0.5143519043922424,0.5736688375473022,-0.05314435064792633,0.49893271923065186,0.6043958067893982,-0.05513836070895195,0.5299937129020691,0.708258867263794,-0.03596090152859688,0.48590436577796936,0.620275616645813,-0.05023040622472763,0.4739455282688141,0.6450856328010559,-0.04952918738126755,0.48241016268730164,0.6824929714202881,-0.046709876507520676,0.47625479102134705,0.7304001450538635,-0.04245134815573692,0.4473232328891754,0.677585780620575,-0.053964778780937195,0.4488137364387512,0.6961349248886108,-0.050349101424217224,0.4639589786529541,0.7237537503242493,-0.04458515718579292
0.5485249757766724,0.9312257170677185,-2.0956102275704325e-07,0.6069149374961853,0.8292110562324524,0.0025717865210026503,0.6079715490341187,0.7162188291549683,-0.00447830418124795,0.5687844753265381,0.6448172926902771,-0.014443093910813332,0.5242480039596558,0.6185141801834106,-0.024703655391931534,0.6368929743766785,0.6932544708251953,-0.015610315836966038,0.6073843240737915,0.5700812339782715,-0.04150533303618431,0.5548060536384583,0.553565502166748,-0.05682826414704323,0.5204680562019348,0.57568359375,-0.06334244459867477,0.5894484519958496,0.6945816874504089,-0.02639869973063469,0.5549188852310181,0.5780026912689209,-0.04668392241001129,0.5182022452354431,0.579502284526825,-0.05471113696694374,0.5031164884567261,0.6120956540107727,-0.05765150859951973,0.5348868370056152,0.7072011828422546,-0.03710385784506798,0.4911337196826935,0.6228829026222229,-0.05258943885564804,0.4813264012336731,0.6518883109092712,-0.05118350312113762,0.49137645959854126,0.6923944354057312,-0.04818034544587135,0.48040053248405457,0.7289546728134155,-0.04720807820558548,0.4509340226650238,0.6852958798408508,-0.058895230293273926,0.455885648727417,0.7086784839630127,-0.055367469787597656,0.47414737939834595,0.7378550171852112,-0.05001245439052582
0.5469810366630554,0.9309966564178467,-1.303572076949422e-07,0.6049797534942627,0.8266874551773071,-0.002088865265250206,0.6062450408935547,0.7138178944587708,-0.010858165100216866,0.5694844722747803,0.6435777544975281,-0.02200440689921379,0.5265414714813232,0.6194062232971191,-0.03313462808728218,0.632056713104248,0.6857172846794128,-0.015454002656042576,0.6056090593338013,0.5669355392456055,-0.042308758944272995,0.5559494495391846,0.5472719669342041,-0.05951162427663803,0.5201785564422607,0.5645177364349365,-0.06738158315420151,0.5838587284088135,0.6872244477272034,-0.02444537542760372,0.555944561958313,0.5787849426269531,-0.045429777354002,0.5215374231338501,0.5770807862281799,-0.05554630979895592,0.5046830177307129,0.6057706475257874,-0.060111675411462784,0.5293334722518921,0.7023121118545532,-0.03420068696141243,0.49495863914489746,0.6230177879333496,-0.05032755807042122,0.48629555106163025,0.6453872919082642,-0.05077593773603439,0.49459993839263916,0.6807318329811096,-0.04911321774125099,0.47493597865104675,0.7279377579689026,-0.04391646012663841,0.45255979895591736,0.6855066418647766,-0.055505089461803436,0.460968554019928,0.7011477947235107,-0.053076427429914474,0.48099401593208313,0.7242078185081482,-0.04879153519868851
0.5518462657928467,0.934525191783905,-2.0349965268451342e-07,0.6045250296592712,0.846187949180603,-0.020788010209798813,0.6036934852600098,0.737840473651886,-0.03667450323700905,0.5664099454879761,0.6582866907119751,-0.050142936408519745,0.5304326415061951,0.6256288290023804,-0.062421105802059174,0.6521736979484558,0.6881823539733887,-0.04137207940220833,0.6217470765113831,0.5624791979789734,-0.07218926399946213,0.5651072263717651,0.5451376438140869,-0.08839139342308044,0.5250200629234314,0.5667686462402344,-0.09421370178461075,0.6076646447181702,0.6853722929954529,-0.040414050221443176,0.5690589547157288,0.5704663395881653,-0.06779979914426804,0.5183688998222351,0.569305419921875,-0.07752877473831177,0.49168726801872253,0.6048528552055359,-0.0789477676153183,0.5544116497039795,0.6967299580574036,-0.040657781064510345,0.4989093542098999,0.6252663731575012,-0.06640973687171936,0.47894105315208435,0.6621500849723816,-0.0685335248708725,0.48273390531539917,0.7138503789901733,-0.06346201151609421,0.5008215308189392,0.7164644002914429,-0.04142747446894646,0.4603186547756195,0.6728247404098511,-0.06108119338750839,0.45456546545028687,0.7020506858825684,-0.05907483771443367,0.4666364789009094,0.7408939599990845,-0.051626041531562805
0.5511582493782043,0.9468779563903809,-3.0010690466042433e-07,0.5923665165901184,0.8638957738876343,-0.02324783056974411,0.5779666304588318,0.7579652667045593,-0.043708909302949905,0.5242066383361816,0.6818091869354248,-0.06203358247876167,0.4908451437950134,0.6392225027084351,-0.07810734957456589,0.6590251922607422,0.7042868137359619,-0.04076400399208069,0.6321316361427307,0.576374888420105,-0.0741393193602562,0.5739574432373047,0.5447244048118591,-0.09341110289096832,0.5304096341133118,0.5561316013336182,-0.10167171061038971,0.6253774762153625,0.6988049745559692,-0.04057672992348671,0.584263265132904,0.5773698687553406,-0.06922245770692825,0.5305279493331909,0.5631684064865112,-0.08045335114002228,0.4982627034187317,0.5868421196937561,-0.0836157575249672,0.5795515775680542,0.7045519948005676,-0.04239964485168457,0.5111302137374878,0.6283526420593262,-0.06600318104028702,0.4879179298877716,0.6579060554504395,-0.06891694664955139,0.4873691499233246,0.6993604898452759,-0.06680463254451752,0.5278804302215576,0.7188165783882141,-0.04552430287003517,0.4711771607398987,0.6786248087882996,-0.06470703333616257,0.4611254334449768,0.7069032192230225,-0.06459031254053116,0.4698288142681122,0.7394428253173828,-0.05981249734759331
0.5579693913459778,0.9417411684989929,-3.3507663488308026e-07,0.5992511510848999,0.8673570156097412,-0.03533098101615906,0.5916804075241089,0.757905125617981,-0.06140924245119095,0.5417417287826538,0.6742444634437561,-0.0826316773891449,0.5104039907455444,0.629779577255249,-0.10099048167467117,0.6656856536865234,0.6937288045883179,-0.05911185219883919,0.6355913877487183,0.5640556216239929,-0.09564506262540817,0.5746259689331055,0.543972373008728,-0.1117987409234047,0.5349801182746887,0.5651999711990356,-0.11863809078931808,0.6336613297462463,0.6900057196617126,-0.054902754724025726,0.5732264518737793,0.5717812776565552,-0.09302948415279388,0.5251331329345703,0.5855935215950012,-0.1011011078953743,0.5133526921272278,0.6200305223464966,-0.09991283714771271,0.5891491174697876,0.6960588097572327,-0.053658321499824524,0.5088844299316406,0.6213737726211548,-0.0879274532198906,0.4926885664463043,0.6655406951904297,-0.08760383725166321,0.5075576901435852,0.7047539949417114,-0.0811750516295433,0.5417985320091248,0.7084611654281616,-0.054343871772289276,0.4775322675704956,0.6661922335624695,-0.08361480385065079,0.4709239602088928,0.7070029973983765,-0.08424293249845505,0.4893874526023865,0.740368127822876,-0.07818912714719772
0.4751835763454437,0.8132501244544983,-2.3399957527203696e-08,0.5160953402519226,0.7393274903297424,-0.008091268129646778,0.5247341394424438,0.6394405364990234,-0.018700703978538513,0.504927933216095,0.564235508441925,-0.02713426761329174,0.4707956910133362,0.52840256690979,-0.03689543902873993,0.5133377313613892,0.6197217106819153,-0.04591643437743187,0.48435330390930176,0.5193720459938049,-0.0686076208949089,0.46059349179267883,0.504052996635437,-0.07888676971197128,0.4489326477050781,0.517252504825592,-0.0824986919760704,0.46363869309425354,0.6382163763046265,-0.04897449538111687,0.43114712834358215,0.553782045841217,-0.06266920268535614,0.4247730076313019,0.5659471750259399,-0.06097906082868576,0.4296953082084656,0.5956702828407288,-0.0600140281021595,0.4150941073894501,0.6666219830513,-0.05092049762606621,0.3874737024307251,0.5982993245124817,-0.0590212345123291,0.388780415058136,0.6195359826087952,-0.0475047267973423,0.39822596311569214,0.6523104310035706,-0.0409986637532711,0.3724409341812134,0.6998034715652466,-0.05297801271080971,0.3528865873813629,0.6570912003517151,-0.05697966739535332,0.35993635654449463,0.6748455762863159,-0.046575434505939484,0.37012290954589844,0.6979604363441467,-0.038528233766555786
0.4747934341430664,0.8248876333236694,2.856941989648476e-07,0.5083357095718384,0.756530225276947,-0.008859231136739254,0.5111355781555176,0.6666544675827026,-0.01926802098751068,0.49333032965660095,0.5992550253868103,-0.02719004638493061,0.4648039638996124,0.5633543133735657,-0.03617531806230545,0.5146675109863281,0.6367115378379822,-0.044502951204776764,0.4954262673854828,0.5258909463882446,-0.06481728702783585,0.4735930562019348,0.4791802167892456,-0.07517628371715546,0.454707533121109,0.4638015031814575,-0.07918696850538254,0.47082164883613586,0.6495541334152222,-0.04722241312265396,0.45755207538604736,0.544365644454956,-0.059376392513513565,0.44327449798583984,0.5062248706817627,-0.0612003356218338,0.4311356842517853,0.4983605742454529,-0.06282119452953339,0.4250767230987549,0.6707322001457214,-0.0488147959113121,0.41252586245536804,0.5794395804405212,-0.055631522089242935,0.40956827998161316,0.5597056150436401,-0.04953521490097046,0.4105314016342163,0.5656068921089172,-0.04602993652224541,0.3804011344909668,0.697229266166687,-0.05061785504221916,0.3679507076740265,0.6352396607398987,-0.056099165230989456,0.37346428632736206,0.621716320514679,-0.049624960869550705,0.38122278451919556,0.6268660426139832,-0.04353760555386543
0.4581837058067322,0.812170147895813,1.957632207449933e-07,0.49799299240112305,0.7349299788475037,-0.0014316539745777845,0.5084711313247681,0.641460120677948,-0.007773626130074263,0.4991748631000519,0.5646688938140869,-0.0135743897408247,0.47490260004997253,0.5225479006767273,-0.019895754754543304,0.48063409328460693,0.6246982216835022,-0.030261706560850143,0.4653204083442688,0.5246620178222656,-0.044895317405462265,0.4594968855381012,0.4963589310646057,-0.05069420859217644,0.45502331852912903,0.4943352937698364,-0.05193625018000603,0.4324810206890106,0.6412883996963501,-0.03427853807806969,0.4185565710067749,0.5466228723526001,-0.043328482657670975,0.42515596747398376,0.5485986471176147,-0.04136795550584793,0.4288771152496338,0.5734760761260986,-0.03983898088335991,0.3870672881603241,0.6639357805252075,-0.03653408959507942,0.3782261908054352,0.5807166695594788,-0.04166198894381523,0.38930046558380127,0.5922958850860596,-0.031422920525074005,0.396966814994812,0.6233809590339661,-0.024879232048988342,0.34971097111701965,0.6884150505065918,-0.03828957676887512,0.3443531394004822,0.6233490705490112,-0.04040931910276413,0.3576934039592743,0.631975531578064,-0.030134715139865875,0.3666136860847473,0.657174289226532,-0.021633179858326912
0.45678475499153137,0.7840698957443237,3.0399698403016373e-07,0.5015953779220581,0.7081090211868286,-0.005938209127634764,0.509423017501831,0.6129677295684814,-0.014487608335912228,0.4901781380176544,0.5408875942230225,-0.02149803563952446,0.4551776051521301,0.5093175172805786,-0.03063332289457321,0.4927756190299988,0.5910934209823608,-0.03571837395429611,0.47703883051872253,0.49449434876441956,-0.05153736472129822,0.4577940106391907,0.45336002111434937,-0.058376822620630264,0.44331496953964233,0.43973761796951294,-0.06062006577849388,0.4414478540420532,0.6113195419311523,-0.03879857808351517,0.4225289523601532,0.5223750472068787,-0.05011984705924988,0.4175742566585541,0.5166980624198914,-0.04915350303053856,0.41580891609191895,0.5353627800941467,-0.047599393874406815,0.3909161686897278,0.6408811211585999,-0.040138475596904755,0.3725644648075104,0.5695785880088806,-0.04645005613565445,0.37780314683914185,0.5861025452613831,-0.03524673357605934,0.38595861196517944,0.6179531812667847,-0.027861256152391434,0.3485508859157562,0.6733618974685669,-0.04148687794804573,0.3359064757823944,0.6277188658714294,-0.04491668567061424,0.34568238258361816,0.6437807679176331,-0.0344415120780468,0.35651177167892456,0.6684557199478149,-0.02546684443950653
0.45710328221321106,0.7861654758453369,1.196360699395882e-07,0.49418124556541443,0.7088956832885742,-0.003764558117836714,0.50107342004776,0.6146581768989563,-0.01020173542201519,0.4872910678386688,0.5413202047348022,-0.015593091025948524,0.46119073033332825,0.5029823780059814,-0.02202325314283371,0.479498952627182,0.5926567316055298,-0.032501235604286194,0.45631879568099976,0.5007625818252563,-0.04764944314956665,0.4413439631462097,0.47782930731773376,-0.053711142390966415,0.432990163564682,0.47739043831825256,-0.05562494322657585,0.43254488706588745,0.6092051267623901,-0.0358741395175457,0.40781310200691223,0.5313266515731812,-0.04484894871711731,0.40720275044441223,0.5380668044090271,-0.042890388518571854,0.41168212890625,0.5615978240966797,-0.041701290756464005,0.3860727548599243,0.635713517665863,-0.037733033299446106,0.36579763889312744,0.5735589265823364,-0.042675137519836426,0.37004128098487854,0.5903655886650085,-0.032866884022951126,0.3791719973087311,0.6197214126586914,-0.027345623821020126,0.34633052349090576,0.6672645807266235,-0.039368487894535065,0.33033281564712524,0.6276819705963135,-0.04134416952729225,0.3384212255477905,0.6432520151138306,-0.031787946820259094,0.34940305352211,0.6661206483840942,-0.024107223376631737
0.451998233795166,0.7566250562667847,5.255802761894302e-07,0.4955935478210449,0.6800585389137268,-0.007588389795273542,0.5042901039123535,0.5836659669876099,-0.016841216012835503,0.4877384603023529,0.511032223701477,-0.024513494223356247,0.45829373598098755,0.47361576557159424,-0.03472425788640976,0.4875512421131134,0.573349118232727,-0.045476797968149185,0.4792459011077881,0.47623056173324585,-0.06381963938474655,0.4702359437942505,0.41738560795783997,-0.07230957597494125,0.46152588725090027,0.3816453814506531,-0.07601828873157501,0.43729862570762634,0.5915907621383667,-0.05001714825630188,0.42974504828453064,0.4921189844608307,-0.06338498741388321,0.42507103085517883,0.4464872479438782,-0.0634220540523529,0.41957443952560425,0.4271879196166992,-0.06336245685815811,0.38682863116264343,0.617724597454071,-0.05258714780211449,0.37292614579200745,0.5320667624473572,-0.06217062100768089,0.3806722164154053,0.5304626226425171,-0.05215347930788994,0.38997793197631836,0.5497616529464722,-0.04456562548875809,0.34320640563964844,0.6462783217430115,-0.055371224880218506,0.3287677466869354,0.5861795544624329,-0.062245458364486694,0.33989256620407104,0.593058705329895,-0.05247344449162483,0.35223591327667236,0.6155133843421936,-0.04331231117248535
0.4467097818851471,0.738834023475647,5.251608854450751e-07,0.48802679777145386,0.6654499173164368,-0.008552548475563526,0.4951682984828949,0.5724242329597473,-0.01613578386604786,0.48051828145980835,0.5029030442237854,-0.021870359778404236,0.4569518268108368,0.46361374855041504,-0.028947511687874794,0.4670025110244751,0.561204195022583,-0.03825577720999718,0.4609098732471466,0.46669715642929077,-0.05394735932350159,0.455605685710907,0.40978384017944336,-0.060442741960287094,0.4482020139694214,0.37460142374038696,-0.06248562037944794,0.41856449842453003,0.578304648399353,-0.04053930193185806,0.4145928919315338,0.4808740019798279,-0.052061889320611954,0.41297388076782227,0.4342626929283142,-0.052188657224178314,0.40820473432540894,0.4107998013496399,-0.05162615701556206,0.37219709157943726,0.6000186204910278,-0.0414726585149765,0.36670565605163574,0.51500004529953,-0.05010749399662018,0.37797001004219055,0.5037714838981628,-0.04238966107368469,0.38766470551490784,0.5147708654403687,-0.03573848307132721,0.3333631753921509,0.6232008934020996,-0.042766641825437546,0.32846957445144653,0.5594784021377563,-0.048377204686403275,0.3421779274940491,0.5510883331298828,-0.04092162847518921,0.3546358048915863,0.5610910654067993,-0.0333920419216156
0.4573301076889038,0.7075353860855103,1.1654726961296547e-07,0.4984758198261261,0.6288830041885376,-0.009602310135960579,0.5006179809570312,0.5261198878288269,-0.02237013541162014,0.47717228531837463,0.44894275069236755,-0.03254565969109535,0.43726208806037903,0.4144892394542694,-0.04403414577245712,0.4859040677547455,0.5050919651985168,-0.05390414595603943,0.4544125497341156,0.397611528635025,-0.07731005549430847,0.43487632274627686,0.3710331618785858,-0.08585743606090546,0.4278753399848938,0.3738867938518524,-0.08852095156908035,0.43287327885627747,0.5276967287063599,-0.0569719560444355,0.4003909230232239,0.42812883853912354,-0.0718231052160263,0.3972356915473938,0.43021178245544434,-0.06877678632736206,0.4040292501449585,0.45414799451828003,-0.06694528460502625,0.3803977072238922,0.5609925985336304,-0.058642059564590454,0.3553536832332611,0.4788155257701874,-0.06825461983680725,0.3616876006126404,0.4970230162143707,-0.05563770607113838,0.3742547035217285,0.5291940569877625,-0.04837943986058235,0.33449095487594604,0.5986803770065308,-0.06028371304273605,0.3189752697944641,0.5469897389411926,-0.06590619683265686,0.3309668302536011,0.5621724128723145,-0.05537553131580353,0.343813419342041,0.586054265499115,-0.04729374498128891
0.543936550617218,0.8051851391792297,-1.9079048740877624e-07,0.5221460461616516,0.6908676624298096,-0.0004610331088770181,0.5530827641487122,0.575663149356842,-0.014382398687303066,0.6074895858764648,0.5183078646659851,-0.02869558334350586,0.6517397165298462,0.5039917826652527,-0.03955397754907608,0.5396650433540344,0.5533029437065125,-0.052117589861154556,0.6089204549789429,0.432241290807724,-0.07631037384271622,0.6490451097488403,0.46585315465927124,-0.08230961114168167,0.6536241173744202,0.5101867914199829,-0.08217655122280121,0.5783494710922241,0.6066277027130127,-0.06525945663452148,0.6570100784301758,0.5073351263999939,-0.08040429651737213,0.668225884437561,0.5433576107025146,-0.07526195049285889,0.6458287239074707,0.5739700198173523,-0.07276895642280579,0.617633044719696,0.6712738275527954,-0.07619523257017136,0.6843226552009583,0.5863712430000305,-0.0856599286198616,0.6823599338531494,0.617303729057312,-0.06794864684343338,0.6567777991294861,0.6454476118087769,-0.05754326656460762,0.6524138450622559,0.7354438900947571,-0.08676601201295853,0.6912580728530884,0.6665326356887817,-0.08733469247817993,0.6826096773147583,0.6828019022941589,-0.0670948326587677,0.658927857875824,0.705798864364624,-0.053336065262556076
0.5456694960594177,0.8672035932540894,-2.1184240495131235e-07,0.5157870650291443,0.7490848898887634,-0.002918392652645707,0.5378932952880859,0.6123664379119873,-0.01892840303480625,0.5855119824409485,0.5282492637634277,-0.03534921258687973,0.632731556892395,0.4997407793998718,-0.04763443395495415,0.5315658450126648,0.6080597639083862,-0.056860439479351044,0.6023297309875488,0.47939378023147583,-0.08704560250043869,0.6308854818344116,0.5094673037528992,-0.09649735689163208,0.6317934989929199,0.5465002655982971,-0.09851101785898209,0.570085883140564,0.6549869775772095,-0.07172343134880066,0.6569175720214844,0.5413926243782043,-0.09247610718011856,0.6587569713592529,0.5736212730407715,-0.08723731338977814,0.6346405744552612,0.6027930974960327,-0.08390116691589355,0.6114752292633057,0.7093054056167603,-0.0848875567317009,0.6897975206375122,0.6074626445770264,-0.09834463894367218,0.6791192293167114,0.6364652514457703,-0.0788666382431984,0.6493439078330994,0.6673131585121155,-0.06697437167167664,0.6485683917999268,0.764092206954956,-0.09845320135354996,0.6958781480789185,0.6896686553955078,-0.10261983424425125,0.6805249452590942,0.7133275270462036,-0.08384525030851364,0.653843879699707,0.7409067749977112,-0.07108170539140701
0.5421627759933472,0.8407810926437378,-2.8546102726068057e-07,0.5323362350463867,0.7025735974311829,0.004069363232702017,0.5661992430686951,0.5721356868743896,-0.004605308175086975,0.6159819960594177,0.5066868662834167,-0.016726866364479065,0.6553463339805603,0.4947662055492401,-0.02515234798192978,0.5760859251022339,0.5107750296592712,-0.019278813153505325,0.6573944687843323,0.4697096347808838,-0.04226420074701309,0.6692093014717102,0.5200849175453186,-0.0534546859562397,0.651619553565979,0.5530033707618713,-0.05943343788385391,0.601225733757019,0.5651798844337463,-0.03679351508617401,0.6987491250038147,0.547465443611145,-0.04899909719824791,0.6930257081985474,0.5925836563110352,-0.04859989881515503,0.6637058258056641,0.6127963662147522,-0.05037189647555351,0.6280866265296936,0.6337122917175293,-0.05432235449552536,0.7220516204833984,0.624626874923706,-0.06434471905231476,0.7054265141487122,0.6616336107254028,-0.053849875926971436,0.672087550163269,0.6763483881950378,-0.048765841871500015,0.6522859334945679,0.7116749882698059,-0.07212232053279877,0.7246195077896118,0.708888053894043,-0.07394316047430038,0.706519365310669,0.738055944442749,-0.06001186743378639,0.6757268309593201,0.7488260269165039,-0.05058229714632034
0.5434464812278748,0.850337564945221,-1.2981794839106442e-07,0.5404467582702637,0.7201979160308838,0.006969164591282606,0.5864686965942383,0.6056603193283081,-0.0007137221400626004,0.6514060497283936,0.5721718668937683,-0.013408423401415348,0.6989679932594299,0.5904562473297119,-0.022578377276659012,0.5743760466575623,0.536034882068634,-0.009744066745042801,0.644949197769165,0.46592897176742554,-0.03194577991962433,0.6756954789161682,0.503500759601593,-0.04361617565155029,0.6741063594818115,0.5416141152381897,-0.04874801263213158,0.6025816202163696,0.5812170505523682,-0.02775491215288639,0.6962202787399292,0.5514352321624756,-0.04329109936952591,0.6994741559028625,0.5957411527633667,-0.04889741539955139,0.6716819405555725,0.6143975257873535,-0.052613515406847,0.6333526968955994,0.6425806283950806,-0.045808155089616776,0.720517635345459,0.6345908641815186,-0.0549580380320549,0.7112413644790649,0.6688133478164673,-0.049500007182359695,0.6791560053825378,0.6773620843887329,-0.04678376019001007,0.6584768295288086,0.7130323648452759,-0.06414549052715302,0.7243847250938416,0.7154044508934021,-0.06171949580311775,0.7113243341445923,0.7428230047225952,-0.04902441427111626,0.6818739771842957,0.751332700252533,-0.04088488221168518
0.5532550811767578,0.8651009202003479,-2.9135679824321414e-07,0.5465350151062012,0.7241904139518738,0.007609629537910223,0.5871593356132507,0.5980998277664185,0.0007551569724455476,0.6405187845230103,0.541364312171936,-0.010684781707823277,0.6826291084289551,0.5396851897239685,-0.01853393390774727,0.5918601751327515,0.5376049280166626,-0.008213816210627556,0.6677277088165283,0.48479902744293213,-0.03054368682205677,0.6819071173667908,0.5271772742271423,-0.04382425174117088,0.6681910753250122,0.5634799003601074,-0.05013657361268997,0.620847761631012,0.5899257659912109,-0.025025401264429092,0.7086544632911682,0.565670907497406,-0.03787163645029068,0.7022656202316284,0.6031806468963623,-0.0423891544342041,0.6706920862197876,0.6234497427940369,-0.046235401183366776,0.6509898900985718,0.6545454263687134,-0.04184763506054878,0.7298524379730225,0.6466768383979797,-0.04820439964532852,0.7141179442405701,0.6749215126037598,-0.04122963175177574,0.6805376410484314,0.687023401260376,-0.03816164284944534,0.6739919185638428,0.7257336974143982,-0.05898234248161316,0.7309135794639587,0.727522611618042,-0.054646581411361694,0.713917076587677,0.7486023902893066,-0.04209105297923088,0.6840829849243164,0.7563048005104065,-0.034104760736227036
0.5625951290130615,0.8690976500511169,-2.6553703946774476e-07,0.558260440826416,0.7325125336647034,0.010538267903029919,0.5981837511062622,0.615190327167511,0.005022639874368906,0.6543079614639282,0.5751266479492188,-0.00631375890225172,0.7008033394813538,0.586128830909729,-0.014228363521397114,0.6039031147956848,0.5441391468048096,-0.0012491348898038268,0.6756528615951538,0.4926716685295105,-0.021893203258514404,0.6921497583389282,0.5309277772903442,-0.034162525087594986,0.6836349964141846,0.5676265954971313,-0.03998256102204323,0.6304922699928284,0.5898482799530029,-0.019415564835071564,0.7186582684516907,0.5816488862037659,-0.03211623430252075,0.7129516005516052,0.6210866570472717,-0.03750152885913849,0.684874951839447,0.6384845972061157,-0.04148663207888603,0.6580460667610168,0.6511185169219971,-0.037721361964941025,0.7380058765411377,0.6615228652954102,-0.04395057260990143,0.7222078442573547,0.6899640560150146,-0.03963225707411766,0.6906519532203674,0.6962374448776245,-0.03825768455862999,0.6796528697013855,0.7199503779411316,-0.05630870535969734,0.7357980012893677,0.737554669380188,-0.05241609364748001,0.7182167172431946,0.7601429224014282,-0.04196068271994591,0.6895421743392944,0.763519823551178,-0.035314202308654785
0.57320237159729,0.8632728457450867,-2.6337502845308336e-07,0.5763795375823975,0.7330666184425354,0.012759684585034847,0.6157285571098328,0.6233242154121399,0.006531110033392906,0.6695165038108826,0.5875737071037292,-0.006330039352178574,0.7135313153266907,0.5942526459693909,-0.015616783872246742,0.6158119440078735,0.5379577875137329,-0.0029453812167048454,0.6926003694534302,0.4966803789138794,-0.023541521281003952,0.7056646347045898,0.5382424592971802,-0.03391043096780777,0.6931114792823792,0.5728186368942261,-0.03892579302191734,0.6333150863647461,0.5802580118179321,-0.023353297263383865,0.7275034785270691,0.5865041017532349,-0.036314480006694794,0.7221418023109436,0.6314116716384888,-0.04002558812499046,0.6950960159301758,0.647068202495575,-0.043605148792266846,0.6530392169952393,0.6409429311752319,-0.04367457702755928,0.7418822050094604,0.6646565794944763,-0.05153556913137436,0.7278093099594116,0.7004354000091553,-0.04561805725097656,0.6982864141464233,0.705939531326294,-0.04345112293958664,0.6689669489860535,0.7116855978965759,-0.06415824592113495,0.7376391291618347,0.740176796913147,-0.062460239976644516,0.7234665155410767,0.7666658759117126,-0.05207068473100662,0.6964080929756165,0.7700157761573792,-0.04553193598985672
0.5795996189117432,0.8660546541213989,-2.868727904115076e-07,0.5840975046157837,0.7268755435943604,0.013749537989497185,0.6203790307044983,0.6141941547393799,0.00818111002445221,0.6660870313644409,0.5651734471321106,-0.0037934202700853348,0.7067611813545227,0.5574913024902344,-0.012332412414252758,0.6295789480209351,0.5473796129226685,-0.0001717707928037271,0.7054407596588135,0.5137211084365845,-0.01765899732708931,0.7157647013664246,0.5524681210517883,-0.02567596733570099,0.6988034248352051,0.5852677822113037,-0.028916286304593086,0.643828809261322,0.5939905643463135,-0.018923502415418625,0.73830646276474,0.5948589444160461,-0.02757471799850464,0.7315220236778259,0.6349902153015137,-0.027257796376943588,0.7008963227272034,0.649848222732544,-0.02869545668363571,0.6615902781486511,0.6548006534576416,-0.03766933083534241,0.7449169754981995,0.6683509349822998,-0.04033477231860161,0.7345333099365234,0.698566198348999,-0.03000759892165661,0.7028741240501404,0.7050067186355591,-0.026075923815369606,0.673469603061676,0.7246698141098022,-0.0566861666738987,0.7407881021499634,0.7409663200378418,-0.05112362653017044,0.7300693392753601,0.7619917392730713,-0.038165926933288574,0.6996838450431824,0.7640124559402466,-0.03033331222832203
0.5957779884338379,0.8730708360671997,-1.0903993796773648e-07,0.594710111618042,0.7507966160774231,0.015004994347691536,0.6264484524726868,0.6432199478149414,0.009958007372915745,0.6735022068023682,0.5991231799125671,-0.002123698592185974,0.7168883085250854,0.5961929559707642,-0.011802932247519493,0.6238051056861877,0.5663168430328369,0.003296046517789364,0.6901888847351074,0.5146475434303284,-0.01247387658804655,0.7141404151916504,0.5339351892471313,-0.020342187955975533,0.7158306241035461,0.5607280731201172,-0.024315543472766876,0.6395156383514404,0.6012990474700928,-0.016219807788729668,0.733655571937561,0.5921369791030884,-0.02678733319044113,0.7370432615280151,0.6333314776420593,-0.02820909209549427,0.7170937061309814,0.65278559923172,-0.029746707528829575,0.660270094871521,0.6532283425331116,-0.03557221591472626,0.7491622567176819,0.6621277332305908,-0.04092084988951683,0.7430675625801086,0.6958458423614502,-0.03210822865366936,0.7164391875267029,0.7074914574623108,-0.028201553970575333,0.6768254637718201,0.7168923020362854,-0.05497802048921585,0.7457785606384277,0.7337429523468018,-0.05149271339178085,0.7373319864273071,0.761380672454834,-0.039445169270038605,0.7108585834503174,0.7711461186408997,-0.031926535069942474
0.5547740459442139,0.8048570156097412,-4.83584017274552e-07,0.550468921661377,0.6702842712402344,0.0015181435737758875,0.5924843549728394,0.5586099028587341,-0.012610496953129768,0.6534575819969177,0.5188767910003662,-0.02915453352034092,0.7007661461830139,0.5357866883277893,-0.04262811318039894,0.6188670992851257,0.5139052271842957,-0.03578174486756325,0.6933589577674866,0.4725759029388428,-0.06073210760951042,0.6927042007446289,0.5215293169021606,-0.07047949731349945,0.6677467226982117,0.5568984746932983,-0.07561548054218292,0.6451324820518494,0.5769733786582947,-0.053081151098012924,0.7277963161468506,0.5601810812950134,-0.0694340243935585,0.7131341099739075,0.5987217426300049,-0.06835373491048813,0.6819636821746826,0.6167162656784058,-0.06971726566553116,0.6683567762374878,0.6521733403205872,-0.0693979486823082,0.7413567900657654,0.6444436311721802,-0.08023961633443832,0.7210525274276733,0.6737080812454224,-0.06652805209159851,0.6889564990997314,0.6859726309776306,-0.059514228254556656,0.6843494772911072,0.7324527502059937,-0.08611004054546356,0.7391830086708069,0.7298034429550171,-0.08624283969402313,0.7190700173377991,0.7481102347373962,-0.06943409889936447,0.6898364424705505,0.7541375756263733,-0.05852140486240387
0.5771760940551758,0.839038610458374,-1.649704870487767e-07,0.5761152505874634,0.7103238105773926,0.003985148388892412,0.6160858273506165,0.6007804274559021,-0.009334472008049488,0.6758728623390198,0.5635470151901245,-0.027191249653697014,0.7246736288070679,0.5765162110328674,-0.04036859795451164,0.604339599609375,0.5346080660820007,-0.018153976649045944,0.6763010621070862,0.4763789176940918,-0.0465015172958374,0.6962307095527649,0.5217689871788025,-0.06200503185391426,0.6892866492271423,0.5589939951896667,-0.06963494420051575,0.6310031414031982,0.5859483480453491,-0.03754071891307831,0.7204191088676453,0.5625067949295044,-0.05796254053711891,0.7177895903587341,0.606025755405426,-0.06312790513038635,0.692111611366272,0.6256717443466187,-0.06593312323093414,0.659911572933197,0.6526638865470886,-0.05723588913679123,0.7419495582580566,0.6419225335121155,-0.07050783187150955,0.7299758195877075,0.6759331226348877,-0.0597577802836895,0.7027957439422607,0.68598872423172,-0.052649375051259995,0.685662567615509,0.7273266911506653,-0.07754702866077423,0.7466945052146912,0.7236552238464355,-0.0789724737405777,0.7297922372817993,0.7483090758323669,-0.06321189552545547,0.704600989818573,0.7555742263793945,-0.05203479528427124
0.5716820955276489,0.8094004392623901,-1.108707152752686e-07,0.5698005557060242,0.6773229241371155,0.0015411893837153912,0.6063671708106995,0.5631652474403381,-0.007840005680918694,0.6583576202392578,0.5225642323493958,-0.020109863951802254,0.6990473866462708,0.5281662940979004,-0.02905695140361786,0.6221908330917358,0.5131391882896423,-0.024384336546063423,0.6847673058509827,0.4527079463005066,-0.04630538076162338,0.7089632749557495,0.49075382947921753,-0.0556676983833313,0.7030530571937561,0.5234068632125854,-0.06020146235823631,0.6514462828636169,0.5665791630744934,-0.04047953337430954,0.7316886186599731,0.5402679443359375,-0.0567692369222641,0.728437602519989,0.5826919078826904,-0.05937258154153824,0.7012524008750916,0.6013919115066528,-0.061483148485422134,0.6780771613121033,0.6366530656814575,-0.05593610182404518,0.7548125982284546,0.6213263273239136,-0.06939145177602768,0.7373039722442627,0.6544584035873413,-0.061079248785972595,0.7044897675514221,0.6654994487762451,-0.05568490922451019,0.6980519890785217,0.7153451442718506,-0.07139492779970169,0.7545727491378784,0.7119196653366089,-0.07649117708206177,0.7350283861160278,0.7325692176818848,-0.06371282041072845,0.7053711414337158,0.7385119199752808,-0.05388479679822922
0.10490133613348007,0.9482308626174927,-3.515959292599291e-07,0.10270636528730392,0.9940674304962158,-0.03310461342334747,0.09597372263669968,1.0238479375839233,-0.0581396110355854,0.10329654067754745,1.012221336364746,-0.07903889566659927,0.10543254762887955,0.9832652807235718,-0.09821143001317978,0.020925885066390038,0.9751696586608887,-0.05013478919863701,0.06037867069244385,0.94767826795578,-0.07405098527669907,0.0791630744934082,0.9536659717559814,-0.09166061133146286,0.07851360738277435,0.9607967138290405,-0.10488825291395187,0.02403107099235058,0.930026650428772,-0.04680068418383598,0.08215963840484619,0.9053312540054321,-0.06841228157281876,0.09899937361478806,0.9239700436592102,-0.07748065143823624,0.09320256859064102,0.9406478404998779,-0.08495563268661499,0.0364392027258873,0.8960608243942261,-0.04558815062046051,0.08916161209344864,0.8819390535354614,-0.06547916680574417,0.10304146260023117,0.9031019806861877,-0.0650629773736,0.09624265134334564,0.9217109084129333,-0.06400611996650696,0.05170216038823128,0.8726034164428711,-0.04774410277605057,0.08912645280361176,0.8603050112724304,-0.06306822597980499,0.10022368282079697,0.8820170760154724,-0.062044594436883926,0.09576912969350815,0.9048432111740112,-0.059246454387903214
0.21528859436511993,0.37575697898864746,8.46688479327895e-08,0.23746240139007568,0.34340474009513855,-0.018646160140633583,0.2731117606163025,0.32104915380477905,-0.03083024173974991,0.3026232421398163,0.2972927987575531,-0.04050895571708679,0.3200545310974121,0.26841992139816284,-0.04926318675279617,0.2964942753314972,0.38976147770881653,-0.02738301083445549,0.34727251529693604,0.38209956884384155,-0.04580964520573616,0.37834224104881287,0.3646881878376007,-0.058389123529195786,0.3970925807952881,0.3422434628009796,-0.06509467214345932,0.2991414964199066,0.4105682373046875,-0.026206403970718384,0.35208696126937866,0.41070905327796936,-0.04323963820934296,0.3835616409778595,0.38969680666923523,-0.05281923711299896,0.401250422000885,0.36269453167915344,-0.05804240331053734,0.2994022071361542,0.42281246185302734,-0.02648494392633438,0.3481873869895935,0.42791229486465454,-0.04097619280219078,0.37903743982315063,0.40834417939186096,-0.046636346727609634,0.398713082075119,0.38328710198402405,-0.048323195427656174,0.29788196086883545,0.4274921119213104,-0.027980605140328407,0.337663471698761,0.43368589878082275,-0.039125170558691025,0.36438390612602234,0.4244566857814789,-0.04227800667285919,0.3833357095718384,0.4072279632091522,-0.04278702661395073
0.19942942261695862,0.33556684851646423,1.226823940214672e-07,0.23194429278373718,0.3288424611091614,-0.008954957127571106,0.2691461443901062,0.30896344780921936,-0.023306172341108322,0.29749950766563416,0.27191758155822754,-0.03622728958725929,0.32001832127571106,0.23758667707443237,-0.050104208290576935,0.27979621291160583,0.3807644844055176,-0.0369168259203434,0.3382144570350647,0.3688218891620636,-0.057918138802051544,0.3721746504306793,0.3493335247039795,-0.07217738032341003,0.39194244146347046,0.32409852743148804,-0.08063054084777832,0.2758871912956238,0.3797834515571594,-0.044026538729667664,0.33627229928970337,0.3959352374076843,-0.062474124133586884,0.3750568628311157,0.38017430901527405,-0.07447808235883713,0.3996059000492096,0.3563404977321625,-0.08201777189970016,0.26485326886177063,0.3618752062320709,-0.05072488635778427,0.31652286648750305,0.3630058169364929,-0.0690825954079628,0.3548494577407837,0.3423508107662201,-0.08495856821537018,0.3806782364845276,0.31924182176589966,-0.09514524787664413,0.2532544732093811,0.3314576745033264,-0.05628414824604988,0.2782880663871765,0.2996993958950043,-0.07686496526002884,0.29722318053245544,0.2743436098098755,-0.0882473960518837,0.3103339672088623,0.24868664145469666,-0.09453645348548889
0.22000819444656372,0.3257465660572052,-3.314858929570619e-07,0.21865522861480713,0.28182223439216614,-0.008327526040375233,0.23384849727153778,0.2458946704864502,-0.019646085798740387,0.25115254521369934,0.21569611132144928,-0.030138375237584114,0.2683592736721039,0.1955387145280838,-0.042771439999341965,0.2310909777879715,0.28249213099479675,-0.03947567567229271,0.2504223883152008,0.26318126916885376,-0.04983203113079071,0.2600077986717224,0.24826264381408691,-0.055186230689287186,0.2678722143173218,0.23844334483146667,-0.059663526713848114,0.23908430337905884,0.3173394203186035,-0.043696414679288864,0.2852875292301178,0.30104511976242065,-0.057311050593853,0.3164227604866028,0.28198444843292236,-0.06558326631784439,0.33933985233306885,0.257808119058609,-0.07345755398273468,0.24923576414585114,0.3489779829978943,-0.04589791223406792,0.29511141777038574,0.34824138879776,-0.059655655175447464,0.3273797035217285,0.3393639922142029,-0.06728728860616684,0.35235124826431274,0.32456958293914795,-0.07292529940605164,0.25720474123954773,0.37352505326271057,-0.047100625932216644,0.295859158039093,0.3730137348175049,-0.05682389810681343,0.3216363489627838,0.36594346165657043,-0.05788998678326607,0.34216219186782837,0.3516976833343506,-0.05957635119557381
0.1565750241279602,0.29321882128715515,2.8406853402884735e-07,0.1863175630569458,0.32650625705718994,-0.01064937561750412,0.22530589997768402,0.33345842361450195,-0.019589802250266075,0.2596660852432251,0.3219590187072754,-0.02566838264465332,0.28189313411712646,0.3022707402706146,-0.03259922191500664,0.2232837677001953,0.3469052314758301,-0.046511538326740265,0.279122918844223,0.3549395799636841,-0.0622699111700058,0.31367748975753784,0.34183603525161743,-0.06802573055028915,0.3401170074939728,0.3251965641975403,-0.07041329890489578,0.21601465344429016,0.3146636486053467,-0.04770170897245407,0.26951301097869873,0.3040830194950104,-0.06252074986696243,0.302700936794281,0.2755318284034729,-0.06711053848266602,0.32369571924209595,0.2512992322444916,-0.07076055556535721,0.2071264088153839,0.2786354422569275,-0.04725789651274681,0.25241369009017944,0.2664632201194763,-0.06119971722364426,0.2660631239414215,0.2606350779533386,-0.06323601305484772,0.26973459124565125,0.25729137659072876,-0.06268317997455597,0.1987011432647705,0.24138250946998596,-0.046606626361608505,0.23338736593723297,0.2082245945930481,-0.058309804648160934,0.2553093135356903,0.187681183218956,-0.06140044331550598,0.2733662724494934,0.17416119575500488,-0.06234242767095566
0.1339321732521057,0.2756049633026123,-2.2412994127307684e-08,0.16543421149253845,0.30025553703308105,-0.0016718195984140038,0.20626015961170197,0.3090503513813019,-0.009097623638808727,0.23964239656925201,0.30746883153915405,-0.015091737732291222,0.26349860429763794,0.2990063428878784,-0.02273331955075264,0.20425686240196228,0.3230052590370178,-0.04438095539808273,0.26041293144226074,0.3276374042034149,-0.05913051590323448,0.2949635088443756,0.31642845273017883,-0.06476077437400818,0.31959569454193115,0.298645943403244,-0.06800460070371628,0.19652415812015533,0.29785260558128357,-0.05210944265127182,0.2501157522201538,0.2868883013725281,-0.067558653652668,0.2849644422531128,0.256297767162323,-0.07296933233737946,0.30769672989845276,0.2216806709766388,-0.07739560306072235,0.1852814108133316,0.26595190167427063,-0.05717931315302849,0.2232852429151535,0.24470318853855133,-0.07123272120952606,0.24036972224712372,0.233152374625206,-0.07492450624704361,0.25142213702201843,0.22331026196479797,-0.0772247388958931,0.173736572265625,0.2304091453552246,-0.060862042009830475,0.2061857283115387,0.19094395637512207,-0.0738518089056015,0.22721333801746368,0.16707643866539001,-0.07660213857889175,0.24559536576271057,0.1489509791135788,-0.0778811126947403
0.12457017600536346,0.28232041001319885,1.8229796339142013e-08,0.15384218096733093,0.2897467613220215,0.005906549748033285,0.191209614276886,0.28827786445617676,0.0021984719205647707,0.22159308195114136,0.27473920583724976,-0.0012366254813969135,0.24072644114494324,0.2580550014972687,-0.005709640681743622,0.19579502940177917,0.3167665898799896,-0.028113679960370064,0.2545555830001831,0.3225162923336029,-0.03755120933055878,0.2888749837875366,0.31120744347572327,-0.03984658047556877,0.31027674674987793,0.2942321002483368,-0.04054025933146477,0.1950683891773224,0.3081752061843872,-0.03715982288122177,0.25872617959976196,0.30101072788238525,-0.04729893431067467,0.29756179451942444,0.27200815081596375,-0.04941664636135101,0.32055720686912537,0.24160999059677124,-0.050174418836832047,0.1908523440361023,0.28675904870033264,-0.04347698763012886,0.2516472339630127,0.27865082025527954,-0.05210909992456436,0.28780609369277954,0.2585151493549347,-0.05578269436955452,0.3113488554954529,0.23922497034072876,-0.05844802409410477,0.18425722420215607,0.25480785965919495,-0.04760090634226799,0.21985475718975067,0.2207794189453125,-0.05801873281598091,0.24231180548667908,0.19483962655067444,-0.06070985272526741,0.25910648703575134,0.1722589135169983,-0.0612630657851696
0.12749254703521729,0.27688950300216675,2.2419351708435897e-08,0.15562812983989716,0.27031609416007996,0.004764738958328962,0.19136971235275269,0.26444557309150696,0.0006478574359789491,0.22169740498065948,0.25136083364486694,-0.0032988907769322395,0.24264271557331085,0.2361455112695694,-0.008207138627767563,0.19222435355186462,0.3009890019893646,-0.026364007964730263,0.24882164597511292,0.30046606063842773,-0.036697644740343094,0.28300991654396057,0.28550806641578674,-0.040664192289114,0.3034225106239319,0.2646388113498688,-0.04203692451119423,0.19400331377983093,0.3039734363555908,-0.03508252650499344,0.2570574879646301,0.3059820830821991,-0.046658556908369064,0.2961534261703491,0.2786460220813751,-0.05028342083096504,0.3197580873966217,0.24676494300365448,-0.05134817957878113,0.19230152666568756,0.2924710512161255,-0.04139995947480202,0.2526554465293884,0.2931239604949951,-0.05135111138224602,0.28987348079681396,0.27169129252433777,-0.05665792524814606,0.3135342001914978,0.24916286766529083,-0.059695255011320114,0.18865633010864258,0.2663494050502777,-0.045600876212120056,0.226291686296463,0.2433251291513443,-0.05550035834312439,0.24988959729671478,0.2205478399991989,-0.058028507977724075,0.2662281394004822,0.19880524277687073,-0.058359961956739426
0.06685294210910797,0.32194024324417114,2.52696821689824e-07,0.049288295209407806,0.25502854585647583,-0.002353990450501442,0.03777855634689331,0.1845979541540146,-0.0017268204828724265,0.03863967955112457,0.1314551830291748,-0.002529486548155546,0.04706921428442001,0.09903464466333389,-0.0018681284273043275,0.01028929278254509,0.1741507351398468,0.00538884149864316,-0.003730863332748413,0.10591572523117065,-0.0014897554647177458,-0.0052785202860832214,0.057522132992744446,-0.0062610493041574955,-0.0047533586621284485,0.020993009209632874,-0.009804652072489262,0.035886697471141815,0.1701427847146988,0.0014456541975960135,0.03700484707951546,0.10226385295391083,-0.006573461461812258,0.0475873164832592,0.061690330505371094,-0.013727626763284206,0.056278031319379807,0.033286526799201965,-0.017650414258241653,0.06957544386386871,0.17607128620147705,-0.003881694981828332,0.07052551209926605,0.11170458793640137,-0.014901218935847282,0.0750378668308258,0.07050821930170059,-0.02360687032341957,0.07753636687994003,0.041094034910202026,-0.027664124965667725,0.1081889420747757,0.18887627124786377,-0.009155582636594772,0.12463344633579254,0.1386536806821823,-0.016993658617138863,0.13561654090881348,0.10446757078170776,-0.021353337913751602,0.14315590262413025,0.0767265185713768,-0.023309264332056046
0.06462302803993225,0.34367677569389343,3.669312604870356e-07,0.05446785315871239,0.28789347410202026,-0.024084730073809624,0.04732135683298111,0.20874351263046265,-0.03236827999353409,0.05121180787682533,0.13748887181282043,-0.037914689630270004,0.05807483196258545,0.07779690623283386,-0.04181448742747307,0.026593130081892014,0.1813783347606659,-0.009793255478143692,0.012737933546304703,0.11436361074447632,-0.023890292271971703,0.009811889380216599,0.06551078706979752,-0.036848146468400955,0.011839237064123154,0.025655090808868408,-0.046107564121484756,0.052710846066474915,0.17804482579231262,-0.0053114756010472775,0.04836469143629074,0.11268182843923569,-0.014422928914427757,0.05171366035938263,0.06912733614444733,-0.024145472794771194,0.05781225860118866,0.03673449158668518,-0.03162352368235588,0.0831451565027237,0.1877002716064453,-0.004667314700782299,0.08529889583587646,0.12386338412761688,-0.015205571427941322,0.09115926921367645,0.08379881083965302,-0.02035374939441681,0.09826264530420303,0.05559881776571274,-0.023720065131783485,0.11485966295003891,0.20793642103672028,-0.006596057675778866,0.12913572788238525,0.15425296127796173,-0.0167411956936121,0.13972973823547363,0.11615469306707382,-0.020439863204956055,0.14992105960845947,0.08601216226816177,-0.022243119776248932
0.07211723923683167,0.34131914377212524,3.1135493827605387e-07,0.05744900181889534,0.26321664452552795,-0.0054819462820887566,0.055543020367622375,0.19517534971237183,0.0025541833601891994,0.06869284063577652,0.14760315418243408,0.009408105164766312,0.0831218734383583,0.11114483326673508,0.018753541633486748,0.05852844566106796,0.17439129948616028,0.03724232316017151,0.05836992710828781,0.11799723654985428,0.0449281707406044,0.06488557904958725,0.08558466285467148,0.04465409740805626,0.07275709509849548,0.057904213666915894,0.04362392798066139,0.08993472158908844,0.18094147741794586,0.03917975351214409,0.10100284218788147,0.12628775835037231,0.04855211079120636,0.11158840358257294,0.09211736172437668,0.042849283665418625,0.11961816996335983,0.0658075362443924,0.03825979679822922,0.11796800792217255,0.1975407600402832,0.037276674062013626,0.13649490475654602,0.15366950631141663,0.04215549677610397,0.14601418375968933,0.12653455138206482,0.03583559766411781,0.15330293774604797,0.10573826730251312,0.031488798558712006,0.14561446011066437,0.2209833413362503,0.0340103916823864,0.16669538617134094,0.182333841919899,0.03911232203245163,0.17992177605628967,0.154289111495018,0.03901996091008186,0.19228526949882507,0.1295877993106842,0.038933735340833664
0.07523539662361145,0.3283792734146118,3.066852798383479e-07,0.055598191916942596,0.27344369888305664,-0.013092610985040665,0.045787107199430466,0.21378062665462494,-0.014483674429357052,0.05221165716648102,0.16266945004463196,-0.015344228595495224,0.06313212960958481,0.1243918314576149,-0.014286616817116737,0.04927458614110947,0.17724329233169556,0.0048306779935956,0.05112472176551819,0.11941837519407272,-0.00038078604848124087,0.0586981363594532,0.0850728452205658,-0.004981579724699259,0.06729167699813843,0.057198941707611084,-0.008108600042760372,0.08124615252017975,0.17889457941055298,0.005837808363139629,0.09353242814540863,0.12320934981107712,0.0025145909748971462,0.10551053285598755,0.08945609629154205,-0.0027220642659813166,0.11523161083459854,0.06265945732593536,-0.006211253814399242,0.11148770898580551,0.19282032549381256,0.003603608813136816,0.12886083126068115,0.14614206552505493,-0.00375509075820446,0.1400163322687149,0.12072936445474625,-0.008953160606324673,0.14742857217788696,0.09960007667541504,-0.011030320078134537,0.13859505951404572,0.21502865850925446,4.9740927352104336e-05,0.15956875681877136,0.17466966807842255,-0.005981484893709421,0.17374390363693237,0.14848418533802032,-0.007646951358765364,0.1850191056728363,0.12497194856405258,-0.007591912988573313
0.07561636716127396,0.3199247121810913,2.758948767223046e-07,0.0601920448243618,0.25267165899276733,-0.006824941374361515,0.0594276487827301,0.18592417240142822,-0.005842042155563831,0.07458463311195374,0.13034838438034058,-0.00559275783598423,0.09105050563812256,0.08784478157758713,-0.003912918269634247,0.06138927862048149,0.17850010097026825,0.012356188148260117,0.0633847564458847,0.12459134310483932,0.0070755560882389545,0.07102818787097931,0.09081751108169556,0.0018489145440980792,0.08069582283496857,0.06342600286006927,-0.001460787607356906,0.09105116128921509,0.18568508327007294,0.010701811872422695,0.10216977447271347,0.13366851210594177,0.0063926465809345245,0.11275805532932281,0.09962538629770279,-0.000984956044703722,0.12211939692497253,0.072516530752182,-0.005807981826364994,0.11838766932487488,0.20298689603805542,0.006306665018200874,0.13866586983203888,0.1578039526939392,-0.0028701305855065584,0.15067574381828308,0.13177111744880676,-0.009097684174776077,0.15863274037837982,0.11172624677419662,-0.011361821554601192,0.1432502567768097,0.22670210897922516,0.0013244118308648467,0.16741645336151123,0.1865173727273941,-0.005466124042868614,0.1830121874809265,0.15987791121006012,-0.007354334462434053,0.19540497660636902,0.13697004318237305,-0.007308525033295155
0.08000167459249496,0.31770727038383484,3.718248251516343e-07,0.06554815173149109,0.24941326677799225,-0.011101649142801762,0.0698617547750473,0.1794300377368927,-0.01026471983641386,0.09304234385490417,0.12205523252487183,-0.009714309126138687,0.11081360280513763,0.07463397085666656,-0.008155585266649723,0.06310735642910004,0.17654868960380554,0.020850643515586853,0.06552711874246597,0.12653230130672455,0.021183224394917488,0.0741509199142456,0.09584105014801025,0.016903771087527275,0.08428916335105896,0.06984491646289825,0.01296156831085682,0.09314532577991486,0.18818698823451996,0.021625513210892677,0.10505687445402145,0.139881432056427,0.02280166558921337,0.11601827293634415,0.10554744303226471,0.013465882278978825,0.12626004219055176,0.07864843308925629,0.00576390465721488,0.1203063428401947,0.20732730627059937,0.01892572082579136,0.14013415575027466,0.1655656099319458,0.015263852663338184,0.15200667083263397,0.13793528079986572,0.007431643083691597,0.16088412702083588,0.11529318988323212,0.0022577380295842886,0.14547283947467804,0.23161321878433228,0.014945004135370255,0.17003360390663147,0.19193625450134277,0.012178161181509495,0.1849648654460907,0.1649968922138214,0.010550428181886673,0.19672036170959473,0.14059129357337952,0.009450963698327541
0.07760940492153168,0.3183416724205017,3.8759452536396566e-07,0.06477449834346771,0.24430042505264282,-0.00740873534232378,0.07176519930362701,0.17758803069591522,-0.004121630918234587,0.09712662547826767,0.12416587024927139,-0.0018324940465390682,0.11856027692556381,0.08119241148233414,0.0016359189758077264,0.06392090022563934,0.17769929766654968,0.03375685214996338,0.06762276589870453,0.1284787654876709,0.039352938532829285,0.07667365670204163,0.09781761467456818,0.03662627190351486,0.08680326491594315,0.07248565554618835,0.033284347504377365,0.09412480145692825,0.18933705985546112,0.034282997250556946,0.10757588595151901,0.13976407051086426,0.04121224582195282,0.11897256970405579,0.10638320446014404,0.032081011682748795,0.12847888469696045,0.08024057745933533,0.023808324709534645,0.12066959589719772,0.20722538232803345,0.03125578910112381,0.1420801281929016,0.16381488740444183,0.03328104317188263,0.15427207946777344,0.13610801100730896,0.02620770037174225,0.16258326172828674,0.11464855074882507,0.020562846213579178,0.1459115892648697,0.23161940276622772,0.026985472068190575,0.1711854636669159,0.19043925404548645,0.02975258231163025,0.18720264732837677,0.16393402218818665,0.03023383766412735,0.19873040914535522,0.14103904366493225,0.02986796572804451
0.08064233511686325,0.3162385821342468,3.975206652739871e-07,0.06683202087879181,0.2455453872680664,-0.009660806506872177,0.07248467952013016,0.17858290672302246,-0.0058223106898367405,0.09731411188840866,0.12341032922267914,-0.0025767292827367783,0.11590686440467834,0.07771047949790955,0.002036046702414751,0.06352090835571289,0.17896676063537598,0.0353262722492218,0.0670214593410492,0.1280333399772644,0.04290749505162239,0.07612858712673187,0.09733035415410995,0.04135719686746597,0.08598581701517105,0.07188501954078674,0.03863319754600525,0.09363514184951782,0.19019488990306854,0.037495870143175125,0.1057916209101677,0.14133808016777039,0.04615318030118942,0.11696892976760864,0.10716578364372253,0.03693273663520813,0.12626442313194275,0.0817413330078125,0.028389757499098778,0.11992298066616058,0.2066722959280014,0.03586316481232643,0.140636146068573,0.1640004813671112,0.03984471783041954,0.15241651237010956,0.1347319781780243,0.0321655347943306,0.1608506739139557,0.11182812601327896,0.025634290650486946,0.14519071578979492,0.2296212911605835,0.032718196511268616,0.17067451775074005,0.18942859768867493,0.03695313259959221,0.18597689270973206,0.1619526445865631,0.03719303384423256,0.19692882895469666,0.13744410872459412,0.0363413542509079
0.07890981435775757,0.31394580006599426,3.981523946094967e-07,0.06637980043888092,0.2418409138917923,-0.009309095330536366,0.0722510814666748,0.17695580422878265,-0.005707100965082645,0.09671767055988312,0.12328102439641953,-0.0027571606915444136,0.11529450863599777,0.07835566997528076,0.0015529969241470098,0.06541331112384796,0.17726154625415802,0.035818468779325485,0.06934772431850433,0.1285785734653473,0.04285348206758499,0.07826747000217438,0.09864034503698349,0.04064619541168213,0.08795899152755737,0.07349821925163269,0.03745917230844498,0.0953952744603157,0.18929986655712128,0.037661634385585785,0.10812332481145859,0.14093826711177826,0.04581018164753914,0.11874772608280182,0.10747085511684418,0.03652626648545265,0.12780070304870605,0.08136600255966187,0.028000053018331528,0.12141268700361252,0.20666463673114777,0.03567676991224289,0.1417817771434784,0.164083331823349,0.03877962753176689,0.15394631028175354,0.13486012816429138,0.03162607550621033,0.1630926877260208,0.11152664572000504,0.02562965266406536,0.14648787677288055,0.23037005960941315,0.03219740465283394,0.17123326659202576,0.19036060571670532,0.03563766926527023,0.18621495366096497,0.16355277597904205,0.036237284541130066,0.19707262516021729,0.1396191418170929,0.03575527295470238
0.07716409862041473,0.3119189143180847,3.8460717632915475e-07,0.0630105584859848,0.24079293012619019,-0.008542383089661598,0.06926203519105911,0.17630615830421448,-0.004389364738017321,0.09393680840730667,0.12327025085687637,-0.0012554964050650597,0.11292621493339539,0.0793621689081192,0.0031009542290121317,0.06709042936563492,0.17791105806827545,0.03798491135239601,0.07318472862243652,0.12964756786823273,0.0450921431183815,0.08335097879171371,0.0999198704957962,0.0427858829498291,0.0939549133181572,0.07555064558982849,0.039552122354507446,0.09640683978796005,0.19062547385692596,0.03946341946721077,0.11027414351701736,0.14480850100517273,0.0473945252597332,0.12167682498693466,0.11193887889385223,0.03777448832988739,0.1309884786605835,0.08710506558418274,0.029185285791754723,0.12135681509971619,0.20760492980480194,0.03699946776032448,0.14201012253761292,0.1661764234304428,0.04006276652216911,0.15422800183296204,0.13633301854133606,0.032665036618709564,0.16343894600868225,0.11338692903518677,0.026651889085769653,0.1458577960729599,0.23069871962070465,0.0330507718026638,0.17122016847133636,0.1908850371837616,0.036380622535943985,0.1863781213760376,0.1638260781764984,0.03666798025369644,0.19753816723823547,0.1399373561143875,0.036088891327381134
0.07744620740413666,0.31016114354133606,3.514421393902012e-07,0.06438067555427551,0.24116802215576172,-0.007283564191311598,0.07098810374736786,0.17766475677490234,-0.003038933500647545,0.09560764580965042,0.12590348720550537,-3.799996920861304e-05,0.11476738005876541,0.08324280381202698,0.004100308287888765,0.06838150322437286,0.17715305089950562,0.03692430257797241,0.07451382279396057,0.12971782684326172,0.04385305941104889,0.08384168148040771,0.1006605476140976,0.0417526476085186,0.09360474348068237,0.0764375627040863,0.038586754351854324,0.0971335917711258,0.1896398961544037,0.03759869933128357,0.11069951951503754,0.14628146588802338,0.04489917680621147,0.12222206592559814,0.11496040970087051,0.03551798686385155,0.1317189335823059,0.0909242033958435,0.02713967114686966,0.12184087187051773,0.2064262479543686,0.03455142304301262,0.14207060635089874,0.16609548032283783,0.03725004941225052,0.15452027320861816,0.13701680302619934,0.029934599995613098,0.1637791395187378,0.1145319938659668,0.024002663791179657,0.14589834213256836,0.228963702917099,0.03017529286444187,0.17079535126686096,0.19009079039096832,0.03312677890062332,0.18577808141708374,0.16304472088813782,0.033146366477012634,0.19678539037704468,0.13902786374092102,0.03240138664841652
0.07803522050380707,0.3085997700691223,3.485226898192195e-07,0.06568127870559692,0.24126149713993073,-0.00948114600032568,0.07197637856006622,0.17825305461883545,-0.007266844157129526,0.09584039449691772,0.1257127821445465,-0.006009615026414394,0.11434289067983627,0.0828704833984375,-0.0035983785055577755,0.06706497073173523,0.17568162083625793,0.029964342713356018,0.07192414253950119,0.1296880692243576,0.03281790018081665,0.0817604511976242,0.10006513446569443,0.028554219752550125,0.0926758423447609,0.07522664964199066,0.024166109040379524,0.09612768888473511,0.18781492114067078,0.030573705211281776,0.1088213324546814,0.14599579572677612,0.03417089208960533,0.12089698016643524,0.11494562774896622,0.02440527454018593,0.13159745931625366,0.09078534692525864,0.016051720827817917,0.12142176926136017,0.2049916535615921,0.027418045327067375,0.14123155176639557,0.16541947424411774,0.02681838534772396,0.15384632349014282,0.13695575296878815,0.019957344979047775,0.16330766677856445,0.11510088294744492,0.01490052230656147,0.14569632709026337,0.22796067595481873,0.02273525856435299,0.1699194312095642,0.18935513496398926,0.022974854335188866,0.1846497654914856,0.1620156317949295,0.02265316992998123,0.19557368755340576,0.13788312673568726,0.022113194689154625
0.07340551912784576,0.2999122440814972,3.4163679174525896e-07,0.0596015639603138,0.22847093641757965,-0.0076613170094788074,0.06832602620124817,0.16769878566265106,-0.003784310072660446,0.08947356790304184,0.11614838987588882,-0.0008987660985440016,0.1018107458949089,0.07215240597724915,0.0029157737735658884,0.07497766613960266,0.17520759999752045,0.03255065530538559,0.0916166752576828,0.12735864520072937,0.0373237282037735,0.10413635522127151,0.09853733330965042,0.03437015041708946,0.11433210223913193,0.07272304594516754,0.030516641214489937,0.1033986434340477,0.19148696959018707,0.03336619213223457,0.1204485073685646,0.15444758534431458,0.03717039152979851,0.13219968974590302,0.12705931067466736,0.02638109214603901,0.1412348449230194,0.10398790240287781,0.017170848324894905,0.12603875994682312,0.20975780487060547,0.03090015798807144,0.14577476680278778,0.17297226190567017,0.030514944344758987,0.1586640179157257,0.14432810246944427,0.02298099547624588,0.1682930737733841,0.12127899378538132,0.017248695716261864,0.1472758650779724,0.23153391480445862,0.027270032092928886,0.17107681930065155,0.19324955344200134,0.027640843763947487,0.1869041621685028,0.16572555899620056,0.026887714862823486,0.1988292634487152,0.141679584980011,0.025947337970137596
0.06978115439414978,0.2892105281352997,2.2525399856476724e-07,0.057632967829704285,0.22145216166973114,-0.00896364264190197,0.06971538066864014,0.1601737141609192,-0.0076231141574680805,0.09370146691799164,0.1111496165394783,-0.006518127396702766,0.10872282832860947,0.0703912079334259,-0.004655979108065367,0.07797195762395859,0.1701720803976059,0.017944995313882828,0.09314744919538498,0.1260862499475479,0.017712075263261795,0.10260813683271408,0.09918621927499771,0.01382807269692421,0.11012984812259674,0.07544882595539093,0.010055509395897388,0.10586708784103394,0.1893461048603058,0.018479954451322556,0.12255264073610306,0.15521331131458282,0.01759178377687931,0.13434797525405884,0.12924416363239288,0.008410539478063583,0.14363181591033936,0.10719077289104462,0.0008021917892619967,0.1283130794763565,0.2096647322177887,0.01622157171368599,0.14863348007202148,0.17445147037506104,0.011882699094712734,0.1612880825996399,0.1468450129032135,0.005149290431290865,0.17044314742088318,0.12409910559654236,0.0006568724638782442,0.14778058230876923,0.23075540363788605,0.01299613993614912,0.17113715410232544,0.19541963934898376,0.009752542711794376,0.18633124232292175,0.16835564374923706,0.00784861296415329,0.19786691665649414,0.1440858691930771,0.006553663406521082
0.07083367556333542,0.285573273897171,2.2652554321211937e-07,0.05652868375182152,0.2181643396615982,-0.009044481441378593,0.06745915114879608,0.15576232969760895,-0.0076066963374614716,0.08966413140296936,0.10878641903400421,-0.006489950697869062,0.10714730620384216,0.07334935665130615,-0.0045044803991913795,0.07549630850553513,0.1725369095802307,0.01530073769390583,0.09503573179244995,0.1257106363773346,0.014064900577068329,0.10845901817083359,0.09795019775629044,0.010221392847597599,0.11847756803035736,0.07466590404510498,0.00686442106962204,0.10306473821401596,0.19380171597003937,0.01592964306473732,0.12116346508264542,0.158295139670372,0.013553624972701073,0.13544799387454987,0.13133767247200012,0.004115475341677666,0.14712227880954742,0.10917708277702332,-0.0032795036677271128,0.12665602564811707,0.21400538086891174,0.013922449201345444,0.14769163727760315,0.1768714040517807,0.009236580692231655,0.16242486238479614,0.1481926143169403,0.002141461241990328,0.17338982224464417,0.12559330463409424,-0.0023590477649122477,0.14724472165107727,0.23313240706920624,0.010984458960592747,0.17087864875793457,0.19808684289455414,0.008210117928683758,0.18684199452400208,0.17000827193260193,0.006067181006073952,0.1991722732782364,0.14529740810394287,0.004637320060282946
0.07193459570407867,0.27687451243400574,2.276214416951916e-07,0.05991151183843613,0.2092522382736206,-0.007690048310905695,0.07374784350395203,0.15142910182476044,-0.005088241770863533,0.10128317028284073,0.10670571774244308,-0.003153060097247362,0.11707207560539246,0.06827521324157715,-0.00040159409400075674,0.07773357629776001,0.1733359545469284,0.02232821099460125,0.09353537857532501,0.13277646899223328,0.02327253296971321,0.1046069860458374,0.10754591226577759,0.019301991909742355,0.113075852394104,0.08566422760486603,0.01562061533331871,0.10494926571846008,0.19399601221084595,0.022555118426680565,0.12297951430082321,0.1613815724849701,0.02270839549601078,0.13842834532260895,0.13479763269424438,0.012480529956519604,0.15127480030059814,0.11419705301523209,0.004102834966033697,0.12804023921489716,0.2129683941602707,0.019915523007512093,0.14912763237953186,0.1791190803050995,0.016925521194934845,0.16416718065738678,0.15043357014656067,0.008785722777247429,0.1753515601158142,0.12743240594863892,0.0032302227336913347,0.14850546419620514,0.23061980307102203,0.01634516566991806,0.17279601097106934,0.19743087887763977,0.014897109009325504,0.1882963329553604,0.1698141098022461,0.012806086800992489,0.20081079006195068,0.14501865208148956,0.01106018852442503
0.06824494898319244,0.28128209710121155,2.012017858987747e-07,0.05720885843038559,0.21343305706977844,-0.009647447615861893,0.07165266573429108,0.15289472043514252,-0.007836339063942432,0.09819193929433823,0.10741148144006729,-0.006319031585007906,0.11789880692958832,0.07046543806791306,-0.004086498636752367,0.0772828608751297,0.17515774071216583,0.016251957044005394,0.0954969972372055,0.1332799196243286,0.015375026501715183,0.10844874382019043,0.10831934958696365,0.01140170730650425,0.1193811222910881,0.08570928871631622,0.007874579168856144,0.10406190156936646,0.197048619389534,0.016797607764601707,0.1234816163778305,0.16386212408542633,0.015148431062698364,0.139661505818367,0.137404665350914,0.005329606123268604,0.15377776324748993,0.11534938216209412,-0.002401957754045725,0.12702415883541107,0.21781358122825623,0.01452759187668562,0.14875808358192444,0.1816979944705963,0.009477874264121056,0.16543400287628174,0.1526089608669281,0.0012253745226189494,0.178523451089859,0.1293899118900299,-0.0038132776971906424,0.1471858024597168,0.23623590171337128,0.011287827044725418,0.1708512157201767,0.19940264523029327,0.007829073816537857,0.18673136830329895,0.1702035367488861,0.005109214223921299,0.19935524463653564,0.14446240663528442,0.0033319771755486727
0.06746089458465576,0.28030601143836975,2.047451630460273e-07,0.057599395513534546,0.2128528505563736,-0.010108932852745056,0.07344187796115875,0.15198296308517456,-0.008538643829524517,0.10027686506509781,0.10631009936332703,-0.00703029939904809,0.11989443004131317,0.06954401731491089,-0.004647441208362579,0.07859276235103607,0.17784447968006134,0.015592769719660282,0.09720607846975327,0.13495409488677979,0.015261652879416943,0.11030127853155136,0.10944242030382156,0.011843766085803509,0.12120552361011505,0.08649878203868866,0.008723316714167595,0.10477833449840546,0.20073451101779938,0.01666386052966118,0.12497483193874359,0.1663021445274353,0.01574002578854561,0.14208205044269562,0.13993000984191895,0.006542526185512543,0.15680630505084991,0.11871243268251419,-0.000861017091665417,0.12735939025878906,0.22152113914489746,0.01497500017285347,0.14973105490207672,0.18468651175498962,0.010579211637377739,0.1670457422733307,0.15491583943367004,0.0026495824567973614,0.1802157759666443,0.13143068552017212,-0.0022214148193597794,0.14749416708946228,0.23912866413593292,0.012313012965023518,0.17162203788757324,0.2017478197813034,0.00964799802750349,0.1876886785030365,0.17155183851718903,0.0072883255779743195,0.20039542019367218,0.1453385353088379,0.0056192087940871716
0.06639328598976135,0.2797657251358032,2.470154640832334e-07,0.058633383363485336,0.20978675782680511,-0.006562072318047285,0.07709550857543945,0.14935223758220673,-0.0011318251490592957,0.10508479923009872,0.10588186234235764,0.00279214303009212,0.1239016056060791,0.06800450384616852,0.007258086930960417,0.08163890242576599,0.17867404222488403,0.03582153096795082,0.09979283809661865,0.141737163066864,0.042936526238918304,0.11391820013523102,0.12060493230819702,0.0409894622862339,0.12633216381072998,0.10005758702754974,0.03764455020427704,0.10625642538070679,0.2000647634267807,0.03623347729444504,0.1269381046295166,0.17061392962932587,0.04197660833597183,0.14511433243751526,0.14583978056907654,0.031242089346051216,0.16125595569610596,0.12546004354953766,0.021895915269851685,0.12735463678836823,0.21934106945991516,0.033291880041360855,0.150720477104187,0.18632562458515167,0.03476521000266075,0.16981908679008484,0.15729674696922302,0.025752579793334007,0.18469178676605225,0.1349073201417923,0.018981529399752617,0.1471397429704666,0.2378077507019043,0.02927931770682335,0.17182064056396484,0.2025979459285736,0.031527671962976456,0.18789100646972656,0.17290613055229187,0.030359158292412758,0.20013704895973206,0.1475467085838318,0.028593510389328003
0.06636974215507507,0.2806423008441925,2.1609314160286885e-07,0.057501181960105896,0.21134310960769653,-0.007656034082174301,0.07538551092147827,0.15142837166786194,-0.0037641068920493126,0.10381805151700974,0.10722436010837555,-0.0011487220181152225,0.12230018526315689,0.06857699155807495,0.0017925691790878773,0.07865110039710999,0.18137411773204803,0.030200768262147903,0.09516622126102448,0.14375436305999756,0.03437560424208641,0.10853806138038635,0.12130964547395706,0.030798625200986862,0.12035544961690903,0.09975271672010422,0.02664264477789402,0.10389150679111481,0.2016972452402115,0.03051145002245903,0.12476968765258789,0.17119327187538147,0.03363783657550812,0.14336684346199036,0.14517176151275635,0.022329585626721382,0.15958648920059204,0.12338726222515106,0.012736192904412746,0.1258915811777115,0.22014223039150238,0.027623917907476425,0.14946801960468292,0.18601110577583313,0.027037013322114944,0.16896069049835205,0.15668927133083344,0.017827492207288742,0.18427523970603943,0.13332334160804749,0.011210818774998188,0.14589127898216248,0.23806461691856384,0.023656124249100685,0.17088627815246582,0.20226965844631195,0.02435179613530636,0.187418133020401,0.17281824350357056,0.022908316925168037,0.19992956519126892,0.1475866287946701,0.021133262664079666
0.0660158321261406,0.28017866611480713,2.153529266024634e-07,0.05697385221719742,0.2128623127937317,-0.009932157583534718,0.07410316169261932,0.15211032330989838,-0.007742367219179869,0.10249222069978714,0.10638927668333054,-0.006144065409898758,0.12055142223834991,0.06693512201309204,-0.0039512659423053265,0.07653584331274033,0.18247821927070618,0.021672185510396957,0.09439986944198608,0.14230424165725708,0.022980675101280212,0.10800391435623169,0.11797261983156204,0.0190568957477808,0.11956975609064102,0.09537028521299362,0.015075674280524254,0.10234595090150833,0.20270265638828278,0.022809047251939774,0.12367121130228043,0.17077143490314484,0.02301277033984661,0.14235928654670715,0.143729567527771,0.012199046090245247,0.158585786819458,0.1216682493686676,0.003300710115581751,0.12506839632987976,0.2211770862340927,0.02092737890779972,0.14836889505386353,0.1859108805656433,0.017743263393640518,0.16748753190040588,0.15644243359565735,0.008757688105106354,0.1825818419456482,0.13294349610805511,0.0027743566315621138,0.1457778513431549,0.23839300870895386,0.01792977750301361,0.17172890901565552,0.20281116664409637,0.016433903947472572,0.18883712589740753,0.1734660118818283,0.014042859897017479,0.2019384205341339,0.14829587936401367,0.011918805539608002
0.06556087732315063,0.279485821723938,2.5617686105761095e-07,0.057508889585733414,0.21114839613437653,-0.0074229771271348,0.07448738068342209,0.14983227849006653,-0.00389143917709589,0.09975547343492508,0.10073650628328323,-0.0022553622256964445,0.11237736791372299,0.056191280484199524,-0.0004363342304714024,0.09048931300640106,0.19139330089092255,0.03337644040584564,0.11336309462785721,0.158278226852417,0.03922222927212715,0.12855380773544312,0.13726896047592163,0.03660846874117851,0.14201290905475616,0.11695840209722519,0.03292530030012131,0.11324057728052139,0.21012255549430847,0.03344551473855972,0.1361025869846344,0.18031901121139526,0.03922855854034424,0.15370625257492065,0.1541166752576828,0.02996866963803768,0.16941773891448975,0.13240095973014832,0.021432599052786827,0.13231155276298523,0.2250918447971344,0.029966190457344055,0.15810954570770264,0.1914680004119873,0.03219781443476677,0.17489491403102875,0.16248923540115356,0.024858616292476654,0.18802309036254883,0.13961730897426605,0.01896541379392147,0.14897003769874573,0.23920290172100067,0.02512732520699501,0.1770506501197815,0.20707635581493378,0.028434034436941147,0.19376207888126373,0.1790096014738083,0.027974620461463928,0.2060367465019226,0.15533751249313354,0.026394309476017952
0.06880483031272888,0.2716970145702362,2.220535719743566e-07,0.05618585646152496,0.205802321434021,-0.010183391161262989,0.06583589315414429,0.13933447003364563,-0.006951354444026947,0.08067664504051208,0.08495619893074036,-0.005193503573536873,0.08672639727592468,0.038893282413482666,-0.0030640363693237305,0.08779507875442505,0.18445850908756256,0.03254043310880661,0.09783486276865005,0.1460990160703659,0.037973802536726,0.10310640186071396,0.11796268075704575,0.03513585403561592,0.10858803242444992,0.09379510581493378,0.03128566965460777,0.11330269277095795,0.20247600972652435,0.03406247869133949,0.1342255026102066,0.17389033734798431,0.04147288203239441,0.14934948086738586,0.14986425638198853,0.03323862701654434,0.16313597559928894,0.1290915459394455,0.02505791001021862,0.1358206868171692,0.21975408494472504,0.03158929571509361,0.16262058913707733,0.1940237432718277,0.03467428684234619,0.17958182096481323,0.17241059243679047,0.026729410514235497,0.19294506311416626,0.15533535182476044,0.020258963108062744,0.15545199811458588,0.23683254420757294,0.027654239907860756,0.18999168276786804,0.2153787910938263,0.03206411749124527,0.21202433109283447,0.19813424348831177,0.0318337120115757,0.2302541434764862,0.1825265735387802,0.03006068803369999
0.06538087129592896,0.2808399200439453,2.255207505186263e-07,0.05597762018442154,0.21031539142131805,-0.0035694653633981943,0.06742433458566666,0.14240843057632446,0.002375173382461071,0.0833960473537445,0.0895850881934166,0.004702133126556873,0.08925587683916092,0.04426562786102295,0.007078584749251604,0.09020137786865234,0.18372847139835358,0.04782706871628761,0.10120607167482376,0.14644408226013184,0.05843019485473633,0.10821709036827087,0.12148546427488327,0.05841846391558647,0.11447840183973312,0.10210932791233063,0.056887947022914886,0.11544941365718842,0.20125742256641388,0.0471019446849823,0.13703066110610962,0.1722777783870697,0.06039911136031151,0.15161342918872833,0.14965401589870453,0.05514770373702049,0.1663016974925995,0.12952880561351776,0.04935752600431442,0.13843463361263275,0.21708901226520538,0.04221469163894653,0.16622832417488098,0.19132386147975922,0.05110672861337662,0.18230299651622772,0.1689905822277069,0.0464240200817585,0.1952696442604065,0.15076199173927307,0.04174472391605377,0.15757188200950623,0.2338566780090332,0.03591405972838402,0.19103431701660156,0.21170483529567719,0.045440852642059326,0.21173988282680511,0.19347189366817474,0.04868463799357414,0.22825494408607483,0.1779477745294571,0.049307916313409805
0.06723344326019287,0.27867674827575684,2.2070668137530447e-07,0.05607227981090546,0.21031947433948517,-0.006715390365570784,0.06667226552963257,0.14255128800868988,-0.0018841656856238842,0.08254298567771912,0.08825577795505524,0.00042229320388287306,0.08865440636873245,0.04208016395568848,0.002961171790957451,0.08906284719705582,0.1833791583776474,0.04010239243507385,0.0996243804693222,0.14398737251758575,0.04781782999634743,0.10549453645944595,0.1168610230088234,0.04592593386769295,0.11103498190641403,0.09525521844625473,0.04311380535364151,0.11456739902496338,0.20077599585056305,0.040801577270030975,0.13615238666534424,0.1713624745607376,0.05084947124123573,0.1513376384973526,0.14753100275993347,0.043404143303632736,0.1661626249551773,0.12772655487060547,0.03601614013314247,0.13786906003952026,0.21714241802692413,0.03759464994072914,0.16543227434158325,0.190336212515831,0.043828777968883514,0.18119929730892181,0.167812317609787,0.037732575088739395,0.1946834921836853,0.14951400458812714,0.03232332691550255,0.15786752104759216,0.23429641127586365,0.032915011048316956,0.19112326204776764,0.21053433418273926,0.04011591896414757,0.21171168982982635,0.19170035421848297,0.04198906570672989,0.22864679992198944,0.1755586564540863,0.0419100821018219
0.06836734712123871,0.2788526117801666,2.010763466842036e-07,0.05706566944718361,0.21007265150547028,-0.005879252217710018,0.06848141551017761,0.14360666275024414,-0.00030639985925517976,0.08544335514307022,0.09067276865243912,0.002776086563244462,0.09204564988613129,0.045904576778411865,0.006136111915111542,0.09138354659080505,0.18607470393180847,0.040600284934043884,0.1030510738492012,0.14626812934875488,0.04856754094362259,0.10942279547452927,0.12006428837776184,0.046837326139211655,0.1157904714345932,0.09914580732584,0.04405605420470238,0.11672041565179825,0.20314154028892517,0.04084105044603348,0.13766513764858246,0.1721169799566269,0.05023278668522835,0.1525748074054718,0.14663133025169373,0.04210454970598221,0.16716182231903076,0.1255701631307602,0.034247834235429764,0.13936036825180054,0.21843461692333221,0.037255287170410156,0.1669730246067047,0.19101832807064056,0.04262359067797661,0.1829175055027008,0.16713762283325195,0.03578631579875946,0.19635017216205597,0.14779818058013916,0.029965072870254517,0.1583215296268463,0.23464559018611908,0.03235544264316559,0.19139216840267181,0.21070723235607147,0.0385957770049572,0.2116541564464569,0.19160887598991394,0.03983212634921074,0.2282961905002594,0.17516207695007324,0.03938569501042366
0.06582596153020859,0.280490517616272,1.9909488457869884e-07,0.055036552250385284,0.21312139928340912,-0.004310073330998421,0.0686342716217041,0.14956209063529968,0.0005267526139505208,0.08834341168403625,0.09741397202014923,0.0018933844985440373,0.09809339791536331,0.05250538885593414,0.0033077227417379618,0.0937870591878891,0.1948152631521225,0.04756038635969162,0.10870690643787384,0.16447344422340393,0.05596723034977913,0.11498603224754333,0.14214706420898438,0.05348658189177513,0.11846120655536652,0.12725910544395447,0.05054542422294617,0.11735588312149048,0.20956701040267944,0.04664798080921173,0.13891290128231049,0.178901806473732,0.057446952909231186,0.15344741940498352,0.1509285718202591,0.04915248602628708,0.16714882850646973,0.1282765418291092,0.040802475064992905,0.13879162073135376,0.22230984270572662,0.041341327130794525,0.16638100147247314,0.19323962926864624,0.048237353563308716,0.18201449513435364,0.16742490231990814,0.04131796211004257,0.19439472258090973,0.14716818928718567,0.03494267910718918,0.15723444521427155,0.2367691844701767,0.03466085344552994,0.19108852744102478,0.21266798675060272,0.042472559958696365,0.21165436506271362,0.19298772513866425,0.04395236819982529,0.22743582725524902,0.1766454577445984,0.043107420206069946
0.06468585133552551,0.2841295003890991,1.9394722983179236e-07,0.053795356303453445,0.21630121767520905,-0.007340524811297655,0.06963686645030975,0.14933164417743683,-0.004267627838999033,0.08883874118328094,0.09588427096605301,-0.004082005470991135,0.09726934134960175,0.050006866455078125,-0.0036990027874708176,0.09801457822322845,0.1941169798374176,0.04072529077529907,0.11772119253873825,0.1645752638578415,0.047386374324560165,0.12847363948822021,0.13997864723205566,0.045392297208309174,0.1348126381635666,0.12170436978340149,0.04258156195282936,0.12050025910139084,0.2096199095249176,0.04000428691506386,0.14216263592243195,0.17929188907146454,0.04791085049510002,0.15638640522956848,0.15170204639434814,0.04037100821733475,0.169780895113945,0.12710946798324585,0.033088017255067825,0.14044134318828583,0.22395294904708862,0.034765295684337616,0.16713449358940125,0.19446448981761932,0.0386858731508255,0.18289539217948914,0.16981062293052673,0.03193553164601326,0.1956162005662918,0.14946268498897552,0.026290709152817726,0.15745645761489868,0.23946166038513184,0.027912579476833344,0.19021762907505035,0.21486908197402954,0.03304912522435188,0.210997074842453,0.19440524280071259,0.03344566002488136,0.2283400595188141,0.1775864213705063,0.032031334936618805
0.06323843449354172,0.2864653170108795,1.9100120596249326e-07,0.05299491435289383,0.21991336345672607,-0.012041319161653519,0.07029511034488678,0.15049289166927338,-0.011303720064461231,0.089680977165699,0.09578622877597809,-0.012209728360176086,0.0983656570315361,0.049555495381355286,-0.012745455838739872,0.10052328556776047,0.19498196244239807,0.026401186361908913,0.12570050358772278,0.16411390900611877,0.028731772676110268,0.14130467176437378,0.14113940298557281,0.025817835703492165,0.15402889251708984,0.12070620059967041,0.022203495725989342,0.12259308993816376,0.21185249090194702,0.026503602042794228,0.14450058341026306,0.18121573328971863,0.028669064864516258,0.15955018997192383,0.15358516573905945,0.02067478373646736,0.17352810502052307,0.12972910702228546,0.013748041354119778,0.1409134566783905,0.22633644938468933,0.0223847683519125,0.16711243987083435,0.19535231590270996,0.020457537844777107,0.18230655789375305,0.1702403575181961,0.013681664131581783,0.1951095163822174,0.1489383429288864,0.009224927052855492,0.15552052855491638,0.24061039090156555,0.016492415219545364,0.1882316619157791,0.2142583578824997,0.01620817370712757,0.20894020795822144,0.19306018948554993,0.01502287108451128,0.22679588198661804,0.1748424619436264,0.013349059969186783
0.06561515480279922,0.28831106424331665,1.3662500464306504e-07,0.05589791014790535,0.22001966834068298,-0.01098680216819048,0.07455045729875565,0.1542467176914215,-0.010136967524886131,0.09843932092189789,0.104946568608284,-0.010407212190330029,0.11311822384595871,0.06212933361530304,-0.010103806853294373,0.09142165631055832,0.19708672165870667,0.01890762709081173,0.11565055698156357,0.163319930434227,0.018925979733467102,0.13122078776359558,0.13966812193393707,0.015609423629939556,0.14420539140701294,0.11805567890405655,0.012202219106256962,0.11488741636276245,0.2160775363445282,0.018576480448246002,0.13761749863624573,0.1844801902770996,0.017327535897493362,0.1542293280363083,0.15690580010414124,0.008770575746893883,0.16861450672149658,0.1324533075094223,0.0019201466348022223,0.13545018434524536,0.23149374127388,0.014757299795746803,0.16271530091762543,0.19786284863948822,0.009276083670556545,0.17946577072143555,0.17107336223125458,0.0015186865348368883,0.19260695576667786,0.1480187326669693,-0.002879752777516842,0.15253880620002747,0.2453959882259369,0.009705220349133015,0.18422359228134155,0.2157590389251709,0.006563248578459024,0.20360705256462097,0.1911623179912567,0.004533709492534399,0.21903128921985626,0.16936816275119781,0.002772272564470768
0.06223488226532936,0.28274649381637573,1.7741730573561654e-07,0.05586230382323265,0.21779894828796387,-0.012118272483348846,0.07640524208545685,0.15507200360298157,-0.012618673034012318,0.10082154721021652,0.10646817088127136,-0.013687675818800926,0.11517095565795898,0.06408707797527313,-0.014288125559687614,0.09395391494035721,0.19641458988189697,0.012699855491518974,0.11653611809015274,0.16336531937122345,0.009759189561009407,0.13087454438209534,0.1388913244009018,0.004677317570894957,0.14401307702064514,0.11621998250484467,0.0001879150659078732,0.11667394638061523,0.2149433046579361,0.012647750787436962,0.13979054987430573,0.1866307556629181,0.009558402001857758,0.15693004429340363,0.1587812602519989,0.0006755850045010448,0.17204904556274414,0.1342073678970337,-0.006481955759227276,0.1362384706735611,0.23029544949531555,0.009256090968847275,0.1637323498725891,0.20064593851566315,0.0030688138213008642,0.1813063621520996,0.17471370100975037,-0.0040341997519135475,0.1952764242887497,0.15263250470161438,-0.008078054524958134,0.15219789743423462,0.24430358409881592,0.0044759768061339855,0.18426664173603058,0.2168550193309784,0.0007163615082390606,0.2041243016719818,0.192995086312294,-0.0013694034423679113,0.2199464738368988,0.17168769240379333,-0.0031278650276362896
0.06760871410369873,0.2843242287635803,1.9801125006324583e-07,0.055250316858291626,0.21995052695274353,-0.013671155087649822,0.07438867539167404,0.1550176739692688,-0.015218271873891354,0.09984327852725983,0.10527519881725311,-0.01739327982068062,0.11497291922569275,0.06119650602340698,-0.019067591056227684,0.08898181468248367,0.19479900598526,0.014568956568837166,0.10592743009328842,0.16042350232601166,0.012581923976540565,0.11955279856920242,0.134651780128479,0.008025230839848518,0.1313381791114807,0.11209257692098618,0.00377593538723886,0.11401486396789551,0.21347612142562866,0.014682413078844547,0.13618074357509613,0.18426966667175293,0.01253035943955183,0.15497303009033203,0.1557348221540451,0.003702897112816572,0.17073503136634827,0.13048601150512695,-0.003494874108582735,0.1356896609067917,0.2289440780878067,0.011060881428420544,0.16331061720848083,0.19879771769046783,0.004942247178405523,0.18252184987068176,0.17150163650512695,-0.003505476750433445,0.19694966077804565,0.14793311059474945,-0.008495178073644638,0.153245210647583,0.24386459589004517,0.0059626540169119835,0.18559890985488892,0.21655802428722382,0.0020914170891046524,0.20629088580608368,0.19193726778030396,-0.0007933347369544208,0.22224344313144684,0.16993427276611328,-0.0033744871616363525
0.06807000935077667,0.281633585691452,2.506807277313783e-07,0.05806232988834381,0.21532763540744781,-0.011624174192547798,0.0768962949514389,0.15118081867694855,-0.01065562292933464,0.10169783234596252,0.10262113064527512,-0.01062872726470232,0.11555113643407822,0.060165807604789734,-0.010150154121220112,0.09498600661754608,0.19593945145606995,0.021573202684521675,0.11834017187356949,0.16164684295654297,0.02266635000705719,0.1339675784111023,0.13678744435310364,0.01890735700726509,0.14777202904224396,0.11428671330213547,0.014838832430541515,0.11769759654998779,0.2136247456073761,0.022279296070337296,0.14147235453128815,0.1847236305475235,0.02328929305076599,0.1597381979227066,0.1562490016222,0.014065767638385296,0.17565160989761353,0.1324635148048401,0.006133577320724726,0.13741356134414673,0.2281510829925537,0.019371364265680313,0.16544048488140106,0.19846832752227783,0.01746528036892414,0.18375670909881592,0.17173343896865845,0.009920598939061165,0.19805368781089783,0.1503666341304779,0.0046666995622217655,0.15422838926315308,0.24232645332813263,0.014902840368449688,0.18594643473625183,0.21624784171581268,0.014741157181560993,0.2056824266910553,0.19229786098003387,0.013051149435341358,0.22129860520362854,0.1718776822090149,0.010954353027045727
0.07221972197294235,0.2807508111000061,1.7688159914541757e-07,0.058933112770318985,0.21568135917186737,-0.013473003171384335,0.0756206065416336,0.15107178688049316,-0.01401070598512888,0.09983495622873306,0.10192035138607025,-0.01472554448992014,0.11439010500907898,0.06038689613342285,-0.014979084953665733,0.08920831978321075,0.19366693496704102,0.011994164437055588,0.10521821677684784,0.1563490927219391,0.008487535640597343,0.11762215942144394,0.12792927026748657,0.002455532317981124,0.12871494889259338,0.10289692133665085,-0.0027959374710917473,0.11440062522888184,0.20998066663742065,0.012781201861798763,0.13583002984523773,0.17863795161247253,0.00931037962436676,0.15377557277679443,0.14909514784812927,-0.0008137160912156105,0.1690005511045456,0.12386701256036758,-0.009127940982580185,0.13649988174438477,0.22438693046569824,0.010182900354266167,0.16267544031143188,0.1935046762228012,0.00381122506223619,0.18121132254600525,0.16758979856967926,-0.004818093962967396,0.19575455784797668,0.1459563970565796,-0.010161977261304855,0.15512371063232422,0.23877160251140594,0.006156617775559425,0.18611443042755127,0.21197231113910675,0.0023563927970826626,0.2056434452533722,0.18905967473983765,-0.0005312748835422099,0.22092005610466003,0.16905078291893005,-0.0031425098422914743
0.0686807930469513,0.28208455443382263,2.1021369889240304e-07,0.05724863335490227,0.2154490351676941,-0.011103253811597824,0.07410738617181778,0.15162429213523865,-0.009684723801910877,0.09995196759700775,0.10255339741706848,-0.009056291542947292,0.11664165556430817,0.060593292117118835,-0.008100624196231365,0.08943115919828415,0.19278757274150848,0.020495062693953514,0.10493377596139908,0.1576041877269745,0.020413009449839592,0.11588315665721893,0.1316850334405899,0.01520396675914526,0.1265779286623001,0.10784658044576645,0.01011725515127182,0.11477182060480118,0.20958027243614197,0.02084924839437008,0.1375042200088501,0.17788457870483398,0.020487627014517784,0.15501470863819122,0.148606538772583,0.009815826080739498,0.1698995977640152,0.12419698387384415,0.0007854486466385424,0.1367287039756775,0.2247452586889267,0.017749633640050888,0.1645074486732483,0.1932590752840042,0.0140355434268713,0.18286365270614624,0.16680338978767395,0.005023871082812548,0.19695325195789337,0.1451466977596283,-0.0010467016836628318,0.15463264286518097,0.23963935673236847,0.0133745688945055,0.18569634854793549,0.21207015216350555,0.012109535746276379,0.2052740454673767,0.1882564276456833,0.009927907958626747,0.22075697779655457,0.1676499843597412,0.007552359253168106
0.06482815742492676,0.2847203016281128,2.2253925635595806e-07,0.05551214888691902,0.21780405938625336,-0.011700880713760853,0.07516881078481674,0.15235425531864166,-0.00989206600934267,0.09990251064300537,0.1038040965795517,-0.008936452679336071,0.11575181037187576,0.06250344216823578,-0.007537746801972389,0.098963163793087,0.19784146547317505,0.022030726075172424,0.12387067824602127,0.16482749581336975,0.02296121045947075,0.13921035826206207,0.14082571864128113,0.018719663843512535,0.1531599760055542,0.11806400120258331,0.014130473136901855,0.12091457843780518,0.2141738384962082,0.022821005433797836,0.1444506198167801,0.1839163601398468,0.023228568956255913,0.16131393611431122,0.15458911657333374,0.013273065909743309,0.17637653648853302,0.12983852624893188,0.004824797622859478,0.13930271565914154,0.22816716134548187,0.01994624361395836,0.16672180593013763,0.1967155784368515,0.017194218933582306,0.183707594871521,0.16976898908615112,0.008856347762048244,0.19749519228935242,0.147592231631279,0.00318401912227273,0.15464237332344055,0.2418256402015686,0.015546031296253204,0.18559539318084717,0.21460561454296112,0.014420698396861553,0.20499250292778015,0.1908186972141266,0.011916556395590305,0.2209606170654297,0.17020884156227112,0.009355589747428894
0.06752356886863708,0.27912670373916626,1.773324953546762e-07,0.05564386397600174,0.21476586163043976,-0.012735595926642418,0.07380546629428864,0.15047352015972137,-0.013595947995781898,0.09826620668172836,0.10107327252626419,-0.015205847099423409,0.113824762403965,0.05875393748283386,-0.016456088051199913,0.09265755116939545,0.19217614829540253,0.015555933117866516,0.11102630943059921,0.15689173340797424,0.013294274918735027,0.12441259622573853,0.13058918714523315,0.008459298871457577,0.13614150881767273,0.10867351293563843,0.004084037151187658,0.11613243818283081,0.2088136374950409,0.015539202839136124,0.13799728453159332,0.1766650676727295,0.012698248960077763,0.15563417971134186,0.1469520479440689,0.0032470973674207926,0.1710919439792633,0.12119292467832565,-0.004298137966543436,0.13667570054531097,0.223775252699852,0.011831681244075298,0.16353102028369904,0.19124212861061096,0.005295473616570234,0.18164923787117004,0.1633920818567276,-0.0037213109899312258,0.19602146744728088,0.13983479142189026,-0.009043107740581036,0.1538846343755722,0.23928174376487732,0.006758039817214012,0.1857704222202301,0.21164201200008392,0.0024417482782155275,0.20578444004058838,0.18773916363716125,-0.0009766289731487632,0.22192278504371643,0.16651873290538788,-0.0037994172889739275
0.06905919313430786,0.278430700302124,1.752869422944059e-07,0.058447133749723434,0.2132052481174469,-0.012489847838878632,0.07603441178798676,0.15090346336364746,-0.012489136308431625,0.10073916614055634,0.10326001048088074,-0.012934168800711632,0.1154954805970192,0.061619386076927185,-0.012931868433952332,0.09213705360889435,0.19397370517253876,0.01244843564927578,0.11101849377155304,0.16159379482269287,0.00850743055343628,0.12478230148553848,0.13662560284137726,0.002572024008259177,0.13745063543319702,0.11471652239561081,-0.0023882584646344185,0.1162179633975029,0.21122342348098755,0.012546462006866932,0.13948535919189453,0.1809837818145752,0.00827612541615963,0.15737758576869965,0.1515055149793625,-0.0013782370369881392,0.17303583025932312,0.12669315934181213,-0.009048950858414173,0.13715852797031403,0.22682538628578186,0.009146655909717083,0.1642414927482605,0.19623874127864838,0.001358726411126554,0.18192607164382935,0.16892611980438232,-0.006948322523385286,0.19594119489192963,0.14641979336738586,-0.011612417176365852,0.15447722375392914,0.24182559549808502,0.004415298346430063,0.18581628799438477,0.2159072607755661,-0.000737945141736418,0.20540288090705872,0.19314143061637878,-0.0038732795510441065,0.22129788994789124,0.17320293188095093,-0.006310056429356337
0.06826665252447128,0.28187042474746704,1.749256455241266e-07,0.057721663266420364,0.2176237404346466,-0.0132511081174016,0.07515139132738113,0.15533076226711273,-0.014533452689647675,0.09925477206707001,0.1067846491932869,-0.016074929386377335,0.11429207026958466,0.06467115879058838,-0.017144178971648216,0.09376195073127747,0.20025740563869476,0.008341578766703606,0.11652781814336777,0.1666831225156784,0.0033469577319920063,0.13187554478645325,0.14111699163913727,-0.0025993422605097294,0.14571604132652283,0.11819936335086823,-0.00752684660255909,0.11708132922649384,0.21674977242946625,0.008505001664161682,0.1410909742116928,0.18524064123630524,0.0031819536816328764,0.15869423747062683,0.15519356727600098,-0.0061541153118014336,0.17426632344722748,0.12950697541236877,-0.013494269922375679,0.13721641898155212,0.23169204592704773,0.005404366645962,0.16531729698181152,0.1997109055519104,-0.0030610314570367336,0.18288539350032806,0.17269207537174225,-0.010920041240751743,0.19687432050704956,0.150452122092247,-0.015214157290756702,0.15385591983795166,0.2459956407546997,0.0009775769431144,0.18557463586330414,0.21966847777366638,-0.004850458819419146,0.20545154809951782,0.1967310607433319,-0.008163895457983017,0.22171232104301453,0.17676366865634918,-0.010623729787766933
0.06973947584629059,0.28349795937538147,1.9830079622806807e-07,0.05661744251847267,0.21772168576717377,-0.013330146670341492,0.0745791494846344,0.1543900966644287,-0.013661970384418964,0.09880094230175018,0.10601283609867096,-0.014709931798279285,0.11331909894943237,0.06415915489196777,-0.015291254967451096,0.09622542560100555,0.20006217062473297,0.015479104593396187,0.119119793176651,0.1674405038356781,0.013388288207352161,0.1348762810230255,0.14265237748622894,0.00838968250900507,0.14871957898139954,0.12015178054571152,0.003644386073574424,0.11862648278474808,0.21582750976085663,0.015748294070363045,0.14146479964256287,0.18436475098133087,0.013011104427278042,0.15860238671302795,0.1545497626066208,0.003407756332308054,0.17411677539348602,0.12859821319580078,-0.004334698896855116,0.13798214495182037,0.22985848784446716,0.012320364825427532,0.16498024761676788,0.1968471109867096,0.00619063014164567,0.18264654278755188,0.16922426223754883,-0.002296925289556384,0.19685424864292145,0.14605212211608887,-0.007428392302244902,0.1542714238166809,0.24409745633602142,0.007342048920691013,0.18604323267936707,0.21714642643928528,0.0035416907630860806,0.20564919710159302,0.1940714567899704,0.0005880658281967044,0.22146597504615784,0.17395125329494476,-0.0019974687602370977
0.0657825917005539,0.2784017324447632,1.8082535291341628e-07,0.054419830441474915,0.21458634734153748,-0.013387149199843407,0.07315397262573242,0.15071018040180206,-0.014070858247578144,0.09843596816062927,0.10219397395849228,-0.01486669760197401,0.11334916949272156,0.06083844602108002,-0.015100807882845402,0.09234318882226944,0.19542273879051208,0.010487595573067665,0.11425530165433884,0.16097505390644073,0.007495497819036245,0.12884986400604248,0.13467614352703094,0.0028977564070373774,0.1415615826845169,0.11146333068609238,-0.0013438976602628827,0.11507067829370499,0.21077866852283478,0.011320236138999462,0.13861224055290222,0.18018044531345367,0.008095760829746723,0.1558370292186737,0.15050508081912994,-0.00026009028078988194,0.17069463431835175,0.1251155585050583,-0.007139452733099461,0.1347760409116745,0.2248287796974182,0.008757430128753185,0.16234061121940613,0.19255080819129944,0.0023576209787279367,0.17978700995445251,0.16465453803539276,-0.005369279533624649,0.1934402734041214,0.1418880820274353,-0.009997041895985603,0.15152958035469055,0.23939333856105804,0.004767170175909996,0.18377947807312012,0.21233540773391724,0.00022528656700160354,0.20368659496307373,0.18967394530773163,-0.0030971148516982794,0.21956077218055725,0.17021697759628296,-0.0057920366525650024
0.06910818815231323,0.27773433923721313,1.6289591542317794e-07,0.0556672178208828,0.2133011370897293,-0.014346317388117313,0.07220455259084702,0.15042664110660553,-0.01589847169816494,0.09749443829059601,0.10133186727762222,-0.01706610433757305,0.11283882707357407,0.059815093874931335,-0.017643555998802185,0.08349296450614929,0.19234894216060638,0.005554612260311842,0.09634663909673691,0.15688170492649078,-0.0006457087583839893,0.10783141106367111,0.13041529059410095,-0.007677656132727861,0.11823435127735138,0.10772990435361862,-0.013131658546626568,0.10941760241985321,0.20937727391719818,0.00654441025108099,0.1320444941520691,0.17562299966812134,0.0005654100677929819,0.15075036883354187,0.14529572427272797,-0.009355766698718071,0.1661941558122635,0.1197042167186737,-0.017328985035419464,0.13232049345970154,0.22516435384750366,0.004294214770197868,0.1592363566160202,0.1920420527458191,-0.004947825334966183,0.17827185988426208,0.16424742341041565,-0.013800370506942272,0.19289153814315796,0.14102688431739807,-0.01880170963704586,0.1514316201210022,0.24021273851394653,0.0008139822166413069,0.18292683362960815,0.21257486939430237,-0.00532474834471941,0.20313099026679993,0.19008991122245789,-0.008933031931519508,0.21924960613250732,0.17008855938911438,-0.011700757779181004
0.06549994647502899,0.2790226340293884,2.0900866104511806e-07,0.05272402614355087,0.21182504296302795,-0.011446131393313408,0.06905883550643921,0.14847584068775177,-0.011384439654648304,0.09512649476528168,0.09889042377471924,-0.0118571687489748,0.11238089948892593,0.05735085904598236,-0.0119181452319026,0.08399219810962677,0.18811838328838348,0.015526849776506424,0.09802660346031189,0.15185794234275818,0.01247499417513609,0.10853822529315948,0.1274198442697525,0.005873437970876694,0.11904262751340866,0.10635993629693985,0.00041267508640885353,0.10989230126142502,0.2046181708574295,0.015711380168795586,0.13322612643241882,0.17064718902111053,0.012999351136386395,0.15088620781898499,0.14140082895755768,0.0021858150139451027,0.16653844714164734,0.11604933440685272,-0.006680717226117849,0.13254889845848083,0.22043466567993164,0.012616080231964588,0.16045530140399933,0.18651020526885986,0.00661342591047287,0.1788446605205536,0.1598556935787201,-0.0025136652402579784,0.19291731715202332,0.13722768425941467,-0.008278043940663338,0.15119090676307678,0.23559993505477905,0.008376343175768852,0.18239952623844147,0.20707941055297852,0.005263649858534336,0.20242883265018463,0.18428853154182434,0.002683961298316717,0.2186538577079773,0.16414932906627655,0.0003764815628528595
0.06160059571266174,0.28406721353530884,2.315670428743033e-07,0.05260562151670456,0.21504025161266327,-0.008796942420303822,0.07193483412265778,0.15168917179107666,-0.0055610667914152145,0.09758133441209793,0.10423818230628967,-0.0041537806391716,0.11371994018554688,0.0627688467502594,-0.0026231056544929743,0.09641940146684647,0.19459372758865356,0.028074068948626518,0.12158931791782379,0.1623418629169464,0.030960597097873688,0.1369350254535675,0.1405348926782608,0.027186576277017593,0.15057194232940674,0.11986427009105682,0.02288367599248886,0.11787524074316025,0.21101945638656616,0.0275692380964756,0.14166021347045898,0.18015742301940918,0.029381126165390015,0.1579780876636505,0.1512964814901352,0.019089730456471443,0.17270298302173615,0.1260649561882019,0.010439896024763584,0.13642741739749908,0.22575226426124573,0.023393748328089714,0.1636894941329956,0.19328244030475616,0.021773818880319595,0.17977723479270935,0.16589641571044922,0.01310533657670021,0.1924421489238739,0.14257046580314636,0.00709408288821578,0.15202133357524872,0.24023830890655518,0.017840152606368065,0.1831551194190979,0.21263018250465393,0.017686115577816963,0.2020212709903717,0.18957014381885529,0.015650281682610512,0.2174636572599411,0.1693805307149887,0.013413273729383945
0.06435760855674744,0.2842690944671631,1.5883162518548488e-07,0.05259843170642853,0.2189643830060959,-0.013871759176254272,0.07151740044355392,0.15433776378631592,-0.014388205483555794,0.0969291403889656,0.10557745397090912,-0.01516002882272005,0.11299961060285568,0.06361886858940125,-0.015440662391483784,0.08893690258264542,0.1968328356742859,0.012119270861148834,0.1093612089753151,0.16266365349292755,0.008327658288180828,0.12382912635803223,0.1366298794746399,0.0023556200321763754,0.1367420107126236,0.11334569752216339,-0.002942086663097143,0.11281581223011017,0.21285440027713776,0.012757597491145134,0.13578706979751587,0.1817522495985031,0.008140044286847115,0.15336060523986816,0.15146824717521667,-0.002092110924422741,0.16859129071235657,0.12536975741386414,-0.010288115590810776,0.13335897028446198,0.22741229832172394,0.009805046021938324,0.15966448187828064,0.19459450244903564,0.0018110862001776695,0.1771974265575409,0.16659079492092133,-0.0070899249985814095,0.19128984212875366,0.14257381856441498,-0.012322274036705494,0.15037792921066284,0.2419416457414627,0.005384575575590134,0.18162301182746887,0.2151486575603485,-0.00019380274170543998,0.2012127935886383,0.1919761598110199,-0.003947834484279156,0.21712222695350647,0.17142556607723236,-0.006952017080038786
0.06162097305059433,0.2688140273094177,2.168228832033492e-07,0.052689000964164734,0.20627200603485107,-0.013975417241454124,0.07035939395427704,0.1454809308052063,-0.014941615983843803,0.0969058945775032,0.09793084859848022,-0.015454697422683239,0.11292169243097305,0.05808892846107483,-0.01529800333082676,0.08127151429653168,0.18294546008110046,0.006009418983012438,0.09542796015739441,0.14252100884914398,0.0015342675615102053,0.10704758018255234,0.11343488097190857,-0.0038405279628932476,0.11802110075950623,0.08847691118717194,-0.008202207274734974,0.10616132616996765,0.20114874839782715,0.007356046233326197,0.13143837451934814,0.16997677087783813,0.0029249161016196012,0.15012980997562408,0.14143089950084686,-0.005825243890285492,0.16529347002506256,0.11742162704467773,-0.012784057296812534,0.12782368063926697,0.21768778562545776,0.0055620791390538216,0.1569051891565323,0.1862698197364807,-0.00212084804661572,0.17589566111564636,0.15708142518997192,-0.01058159489184618,0.19013330340385437,0.13291192054748535,-0.015356418676674366,0.14537164568901062,0.2333013415336609,0.0025432026013731956,0.17857283353805542,0.20641715824604034,-0.0027691717259585857,0.19948366284370422,0.18423506617546082,-0.0062535903416574,0.21579791605472565,0.16462910175323486,-0.008718583732843399
0.060986969619989395,0.27316778898239136,1.6814401249121147e-07,0.05096784234046936,0.20821678638458252,-0.012845639139413834,0.0687718540430069,0.14722931385040283,-0.013139581307768822,0.09520893543958664,0.10052580386400223,-0.013580749742686749,0.11221709102392197,0.06011021137237549,-0.01355209294706583,0.08535810559988022,0.1910247951745987,0.011542361229658127,0.10134455561637878,0.1568278968334198,0.008043291047215462,0.1121358647942543,0.130428284406662,0.0019326226320117712,0.12230482697486877,0.10679041594266891,-0.0032932893373072147,0.11013974249362946,0.20845822989940643,0.012208433821797371,0.13356634974479675,0.17740634083747864,0.008430554531514645,0.1506793051958084,0.14738363027572632,-0.0017420760123059154,0.16542911529541016,0.12124697864055634,-0.010063796304166317,0.13146352767944336,0.22379058599472046,0.009605580009520054,0.15934664011001587,0.19236481189727783,0.002316131489351392,0.17672628164291382,0.16504934430122375,-0.006397684570401907,0.19003231823444366,0.14169101417064667,-0.011627673171460629,0.14844410121440887,0.23785296082496643,0.0057679517194628716,0.17980794608592987,0.21169765293598175,0.0011346947867423296,0.19910851120948792,0.18903738260269165,-0.0019265715964138508,0.21437707543373108,0.16875450313091278,-0.004424861166626215
0.06026765704154968,0.2761383056640625,1.5186610369255504e-07,0.04834524914622307,0.21017178893089294,-0.01352196279913187,0.06791519373655319,0.14987005293369293,-0.014439457096159458,0.09674400091171265,0.10538040101528168,-0.015385164879262447,0.11519688367843628,0.06649759411811829,-0.01595221646130085,0.08004484325647354,0.19150622189044952,0.008953660726547241,0.09403978288173676,0.15944625437259674,0.0029601689893752337,0.1061570942401886,0.13482801616191864,-0.00463249022141099,0.11702972650527954,0.11364167928695679,-0.010471000336110592,0.10546200722455978,0.20928555727005005,0.009444807656109333,0.12841735780239105,0.17833173274993896,0.003568456508219242,0.14752201735973358,0.14779141545295715,-0.007172576151788235,0.16342809796333313,0.12186453491449356,-0.015701191499829292,0.12742166221141815,0.22513896226882935,0.0064864871092140675,0.15413178503513336,0.19287051260471344,-0.0029860332142561674,0.1732766330242157,0.16413603723049164,-0.012945277616381645,0.18804767727851868,0.14009228348731995,-0.01867162063717842,0.14592349529266357,0.24012035131454468,0.002266103168949485,0.17788511514663696,0.21393536031246185,-0.004408619366586208,0.1981624960899353,0.1912984699010849,-0.008810487575829029,0.21410498023033142,0.17115505039691925,-0.012119080871343613
0.0591929666697979,0.2707360088825226,1.9580889443204796e-07,0.04919577017426491,0.20452041923999786,-0.011156542226672173,0.0675470232963562,0.1475057452917099,-0.010878453962504864,0.09731139242649078,0.105109803378582,-0.010809625498950481,0.11689519882202148,0.06924836337566376,-0.010238900780677795,0.07774951308965683,0.1844862699508667,0.010027515701949596,0.09455361217260361,0.14638106524944305,0.005763511639088392,0.10853107273578644,0.11747631430625916,3.0226172384573147e-05,0.12075149267911911,0.09263923019170761,-0.004554920829832554,0.10335349291563034,0.20387297868728638,0.010034480132162571,0.1279524266719818,0.17147350311279297,0.00541949737817049,0.14726293087005615,0.14144906401634216,-0.004354906268417835,0.16253818571567535,0.11696586012840271,-0.011909029446542263,0.1261218786239624,0.22129718959331512,0.007120413705706596,0.15426111221313477,0.18935522437095642,-0.0005743553047068417,0.17389672994613647,0.160892516374588,-0.009206117130815983,0.18848654627799988,0.13811850547790527,-0.014005823992192745,0.1453147530555725,0.23746676743030548,0.0031167531851679087,0.17715784907341003,0.21055518090724945,-0.0024307335261255503,0.19752788543701172,0.18816392123699188,-0.005928757134824991,0.21317251026630402,0.16893720626831055,-0.008193240500986576
0.05930929630994797,0.2708128094673157,1.7869797375169583e-07,0.048121996223926544,0.20517948269844055,-0.010130351409316063,0.06639207899570465,0.14817318320274353,-0.008857266046106815,0.09635881334543228,0.10633322596549988,-0.008064979687333107,0.11735638976097107,0.07160301506519318,-0.006808140315115452,0.07972179353237152,0.1851268708705902,0.013199583627283573,0.09627766162157059,0.1490895003080368,0.009851876646280289,0.10912741720676422,0.12204718589782715,0.0042307996191084385,0.12108197808265686,0.09863775968551636,-0.00038206978933885694,0.10545381158590317,0.20373989641666412,0.012955770827829838,0.12908799946308136,0.1718059778213501,0.009027536027133465,0.14742793142795563,0.1420358419418335,-0.0008454460185021162,0.16332760453224182,0.11622769385576248,-0.008499381132423878,0.12797901034355164,0.22129732370376587,0.009726090356707573,0.1553095430135727,0.1898271143436432,0.0024006119929254055,0.17397141456604004,0.1629520058631897,-0.0061860582791268826,0.18849217891693115,0.1402953416109085,-0.011008785106241703,0.1470194160938263,0.23737981915473938,0.005473690573126078,0.17764578759670258,0.2111785113811493,0.0003302962868474424,0.19767823815345764,0.18936453759670258,-0.002919810591265559,0.21379613876342773,0.17001061141490936,-0.005048500839620829
0.05882244184613228,0.27111679315567017,1.770646633758588e-07,0.04705686867237091,0.20647907257080078,-0.011895294301211834,0.0664457231760025,0.15047651529312134,-0.012049173004925251,0.09761942923069,0.10930795967578888,-0.011945800855755806,0.11845822632312775,0.07443687319755554,-0.011328094638884068,0.07676434516906738,0.18848349153995514,0.006784311030060053,0.09285090863704681,0.15237531065940857,0.0018808398162946105,0.10621592402458191,0.12483271956443787,-0.004020663443952799,0.11870270222425461,0.10138122737407684,-0.008768158033490181,0.10321220010519028,0.20702052116394043,0.0073287091217935085,0.12753835320472717,0.17429989576339722,0.0019157981732860208,0.1470625251531601,0.14439328014850616,-0.007617747876793146,0.1638992726802826,0.11859537661075592,-0.015070446766912937,0.12635022401809692,0.22432176768779755,0.005062914453446865,0.15369422733783722,0.19154825806617737,-0.0035631752107292414,0.17329701781272888,0.16414368152618408,-0.012238956987857819,0.18847286701202393,0.14084787666797638,-0.017114028334617615,0.14588859677314758,0.23991946876049042,0.0017780326306819916,0.17671629786491394,0.2132428139448166,-0.004539928864687681,0.1968766450881958,0.19128993153572083,-0.008425229229032993,0.21315643191337585,0.17170259356498718,-0.011039981618523598
0.05879512429237366,0.2713724374771118,1.6471194896894303e-07,0.047835756093263626,0.20750896632671356,-0.011819847859442234,0.06659052520990372,0.15384864807128906,-0.012299608439207077,0.09745040535926819,0.11498377472162247,-0.01223370898514986,0.11885355412960052,0.08182518184185028,-0.011683654971420765,0.07738179713487625,0.1873989999294281,0.0002616216370370239,0.09511133283376694,0.14619377255439758,-0.006027789320796728,0.10918452590703964,0.11629258841276169,-0.011037985794246197,0.1223456934094429,0.09028056263923645,-0.014666540548205376,0.10378778725862503,0.20744840800762177,0.0005790170980617404,0.12896734476089478,0.1741548329591751,-0.0062929545529186726,0.1480766087770462,0.145585298538208,-0.014527472667396069,0.16463229060173035,0.12115161120891571,-0.02033548802137375,0.12655921280384064,0.22633394598960876,-0.0014613410457968712,0.15471243858337402,0.1939212530851364,-0.011330731213092804,0.17385122179985046,0.16690057516098022,-0.01935850828886032,0.1887950748205185,0.1441929191350937,-0.02322850003838539,0.14584246277809143,0.242547869682312,-0.004362769890576601,0.1768714040517807,0.21490515768527985,-0.012255944311618805,0.1973196268081665,0.1924383044242859,-0.016396483406424522,0.21374419331550598,0.17210781574249268,-0.01857880875468254
0.05966784060001373,0.2632366418838501,1.8196209339294e-07,0.044273342937231064,0.20287570357322693,-0.015248497016727924,0.0623132660984993,0.14893396198749542,-0.01985050179064274,0.09400077909231186,0.11113616824150085,-0.021954234689474106,0.1147228330373764,0.07812938094139099,-0.02340872585773468,0.07239816337823868,0.1730053424835205,-0.019886264577507973,0.09575500339269638,0.1328572928905487,-0.03079322911798954,0.11317703872919083,0.10504942387342453,-0.03600581735372543,0.1284206360578537,0.08070814609527588,-0.03919802978634834,0.09932330250740051,0.19693239033222198,-0.01852579042315483,0.1264810562133789,0.16423672437667847,-0.02951993979513645,0.14686648547649384,0.13628235459327698,-0.03624055162072182,0.1639251857995987,0.11077512800693512,-0.040980469435453415,0.12221233546733856,0.2184293121099472,-0.018699727952480316,0.15188759565353394,0.18444648385047913,-0.031446706503629684,0.17293712496757507,0.15772853791713715,-0.038585126399993896,0.1898852288722992,0.1338876187801361,-0.04190418869256973,0.14166595041751862,0.23632210493087769,-0.019610196352005005,0.1728478968143463,0.20589013397693634,-0.030370663851499557,0.1938253939151764,0.18386325240135193,-0.03568639978766441,0.21125656366348267,0.16415703296661377,-0.03857840970158577
0.071636863052845,0.2206425964832306,-9.991988036972543e-08,0.058482490479946136,0.16450636088848114,-0.007823286578059196,0.07164928317070007,0.11399809271097183,-0.010446149855852127,0.09667564928531647,0.08226268738508224,-0.013648046180605888,0.11713656038045883,0.0561269149184227,-0.016379522159695625,0.09400231391191483,0.1318475604057312,0.004698753356933594,0.1172027513384819,0.10490381717681885,0.0010287691839039326,0.12713409960269928,0.09175728261470795,-0.0029656204860657454,0.13659696280956268,0.07863835990428925,-0.006269845645874739,0.11366495490074158,0.15600097179412842,0.002957944292575121,0.136800155043602,0.1321241557598114,-0.00026122157578356564,0.14978785812854767,0.11491694301366806,-0.006170747801661491,0.16198411583900452,0.09680790454149246,-0.011539551429450512,0.131492018699646,0.17832665145397186,-0.0009450389188714325,0.15776753425598145,0.1509193629026413,-0.008196691982448101,0.17249217629432678,0.13199616968631744,-0.013084779493510723,0.18575049936771393,0.1133555993437767,-0.016073670238256454,0.1487695872783661,0.19867104291915894,-0.005369864869862795,0.1771422177553177,0.17400184273719788,-0.010677924379706383,0.1946495771408081,0.15598881244659424,-0.01160819735378027,0.21102885901927948,0.1380978673696518,-0.012376763857901096
0.05166468024253845,0.24347618222236633,2.2785370390465687e-07,0.037776120007038116,0.18463987112045288,-0.015036257915198803,0.057030461728572845,0.13018393516540527,-0.019507616758346558,0.0899774581193924,0.09198489040136337,-0.0216763224452734,0.10947410762310028,0.05778227746486664,-0.023500408977270126,0.06979939341545105,0.14945468306541443,-0.020043382421135902,0.09241800010204315,0.10985303670167923,-0.03170714154839516,0.1098446175456047,0.0847923532128334,-0.037460807710886,0.1257692575454712,0.0639837384223938,-0.04099874570965767,0.09559441357851028,0.17240116000175476,-0.019236326217651367,0.12160012871026993,0.14104902744293213,-0.031072702258825302,0.14144419133663177,0.11499212682247162,-0.03805478662252426,0.15822990238666534,0.09234775602817535,-0.04292794317007065,0.11727352440357208,0.1958228051662445,-0.02013821341097355,0.14639770984649658,0.16474604606628418,-0.03352857008576393,0.1671091616153717,0.13814717531204224,-0.04086912050843239,0.18420010805130005,0.1151970848441124,-0.044554706662893295,0.13586220145225525,0.21792446076869965,-0.02182902954518795,0.16735924780368805,0.188837930560112,-0.03359417989850044,0.18857041001319885,0.16583484411239624,-0.039472904056310654,0.20709578692913055,0.1448533684015274,-0.042780403047800064
0.0445634201169014,0.2244153469800949,2.2243331443405623e-07,0.030772872269153595,0.16383576393127441,-0.014363205060362816,0.051359809935092926,0.11038041859865189,-0.018910914659500122,0.08368263393640518,0.07259733229875565,-0.02118036150932312,0.10326187312602997,0.038571104407310486,-0.023230280727148056,0.06527365744113922,0.12690912187099457,-0.019757334142923355,0.09054498374462128,0.09128058701753616,-0.03066590242087841,0.1084599494934082,0.06882046163082123,-0.036486390978097916,0.12468297779560089,0.048600658774375916,-0.040192894637584686,0.09163814783096313,0.15183119475841522,-0.019282713532447815,0.11771760135889053,0.11932874470949173,-0.02938990667462349,0.13709960877895355,0.09384888410568237,-0.035945892333984375,0.15386658906936646,0.07081594318151474,-0.04095369949936867,0.11395107209682465,0.17613568902015686,-0.020303701981902122,0.1437310129404068,0.14280912280082703,-0.03171742707490921,0.1633099615573883,0.11725499480962753,-0.038060225546360016,0.1796766221523285,0.09503939747810364,-0.04153159633278847,0.1325516700744629,0.19751708209514618,-0.022124173119664192,0.16316041350364685,0.1671075075864792,-0.03199809417128563,0.18408456444740295,0.1451108753681183,-0.03646141663193703,0.20300093293190002,0.12514850497245789,-0.03898090124130249
0.042407311499118805,0.21176782250404358,1.7376700611748674e-07,0.027056962251663208,0.15346796810626984,-0.014349137432873249,0.042417481541633606,0.10121297836303711,-0.018823588266968727,0.07184670120477676,0.06423919647932053,-0.02152845449745655,0.09242664277553558,0.03238113224506378,-0.02379927597939968,0.05902928113937378,0.12228305637836456,-0.01592065393924713,0.08577293902635574,0.0885879397392273,-0.026534156873822212,0.102664053440094,0.06486621499061584,-0.03255372866988182,0.11704784631729126,0.04280799627304077,-0.03663614019751549,0.08556836098432541,0.14441347122192383,-0.015809867531061172,0.11060760915279388,0.1145700067281723,-0.02564256079494953,0.1283736526966095,0.08735430240631104,-0.03272086754441261,0.14395220577716827,0.06140276789665222,-0.03825172409415245,0.10841165482997894,0.16536952555179596,-0.0174774881452322,0.13625943660736084,0.13347800076007843,-0.028543686494231224,0.1552349328994751,0.10751833021640778,-0.03462715074419975,0.17143815755844116,0.08475083857774734,-0.037954628467559814,0.12841124832630157,0.184451162815094,-0.020143115893006325,0.15724223852157593,0.1551738679409027,-0.02955237776041031,0.1766890287399292,0.13313442468643188,-0.033501870930194855,0.1936473548412323,0.11353129893541336,-0.035793330520391464
0.006009504199028015,0.16846701502799988,1.5092702199126506e-07,0.05274679511785507,0.1752355694770813,-0.017863117158412933,0.08912143856287003,0.1426878273487091,-0.022948602214455605,0.11698169261217117,0.09171397984027863,-0.02612747997045517,0.14173775911331177,0.0549270361661911,-0.028781061992049217,0.07689347863197327,0.13519179821014404,-0.009361924603581429,0.10606318712234497,0.09871180355548859,-0.017560582607984543,0.12149371206760406,0.07633652538061142,-0.022332586348056793,0.13388130068778992,0.05465155094861984,-0.02626858279109001,0.05717019736766815,0.1081441268324852,-0.0056745815090835094,0.08536332845687866,0.07933346927165985,-0.014885732904076576,0.10048338025808334,0.05713644623756409,-0.022660279646515846,0.11460662633180618,0.03598601371049881,-0.028882553800940514,0.03812995180487633,0.08274830132722855,-0.004778542090207338,0.06526218354701996,0.04681767150759697,-0.017821485176682472,0.08114483207464218,0.018571268767118454,-0.026437697932124138,0.09392664581537247,-0.006012819707393646,-0.031518712639808655,0.019606545567512512,0.05851956084370613,-0.004783951677381992,0.039942145347595215,0.017902594059705734,-0.016390502452850342,0.05314922705292702,-0.010060243308544159,-0.02248627133667469,0.06550905853509903,-0.03545136749744415,-0.026439305394887924
0.019962146878242493,0.20464077591896057,3.272869548709423e-07,0.05553564429283142,0.1982271820306778,-0.022123394533991814,0.08914586156606674,0.15072759985923767,-0.025539355352520943,0.11239203065633774,0.10133618861436844,-0.025706084445118904,0.13287100195884705,0.06574246287345886,-0.025656817480921745,0.07794222235679626,0.1565478891134262,-0.014545248821377754,0.10475455969572067,0.1141219511628151,-0.0241286251693964,0.12541455030441284,0.08196408301591873,-0.03057287074625492,0.14217182993888855,0.05402061343193054,-0.036104265600442886,0.06548155099153519,0.1404884308576584,-0.00899805873632431,0.08606228977441788,0.10185318440198898,-0.020118867978453636,0.10584616661071777,0.06790845096111298,-0.0317859947681427,0.12502649426460266,0.03718545287847519,-0.0409543514251709,0.05382408946752548,0.1296176314353943,-0.0061927554197609425,0.07494990527629852,0.09539803862571716,-0.02174551412463188,0.0948823094367981,0.06465084105730057,-0.03637474402785301,0.1129828467965126,0.036067090928554535,-0.045452289283275604,0.045101527124643326,0.12157124280929565,-0.004495254717767239,0.065941721200943,0.09520889818668365,-0.01986682042479515,0.08223879337310791,0.07274030894041061,-0.03171689063310623,0.09756305068731308,0.05111219733953476,-0.03991298750042915
0.037262529134750366,0.11487539112567902,2.387803590409021e-07,0.07460018992424011,0.11754445731639862,-0.003163635963574052,0.10850497335195541,0.09141722321510315,-0.005670573562383652,0.1200672835111618,0.060478392988443375,-0.009154180996119976,0.11599772423505783,0.033535540103912354,-0.0133131742477417,0.13626134395599365,0.07559358328580856,-0.006664720363914967,0.17378301918506622,0.04208234325051308,-0.01483140792697668,0.19825825095176697,0.02109641022980213,-0.020659878849983215,0.21728283166885376,0.004994302988052368,-0.023454617708921432,0.12401201575994492,0.05162074416875839,-0.009590994566679,0.15121117234230042,0.010159958153963089,-0.015332330949604511,0.1646275818347931,-0.010797165334224701,-0.0198539886623621,0.17615781724452972,-0.02668040618300438,-0.0221113134175539,0.1051020622253418,0.030567580834031105,-0.012438934296369553,0.1126236766576767,0.007892131805419922,-0.018321387469768524,0.09986896812915802,0.02066657319664955,-0.018654370680451393,0.09007234126329422,0.03405027836561203,-0.016288310289382935,0.08332100510597229,0.011654907837510109,-0.015659278258681297,0.08944366872310638,0.00028102099895477295,-0.01690097525715828,0.08083371818065643,0.01231992058455944,-0.012542217038571835,0.072002112865448,0.023213617503643036,-0.007457634899765253
0.1337326169013977,0.22059892117977142,1.335310457761807e-07,0.13145756721496582,0.1713433414697647,-0.010733207687735558,0.15262684226036072,0.1296723634004593,-0.017513923346996307,0.17209024727344513,0.10658466815948486,-0.024936242029070854,0.18736054003238678,0.08406328409910202,-0.032643698155879974,0.21975892782211304,0.1436704844236374,-0.002955111674964428,0.261020690202713,0.12140930444002151,-0.013780093751847744,0.28446105122566223,0.11262185871601105,-0.024070868268609047,0.3030538856983185,0.10506138205528259,-0.030991986393928528,0.2302359938621521,0.15969544649124146,-0.007308491505682468,0.2793996334075928,0.1458478569984436,-0.016523171216249466,0.3054455816745758,0.13413231074810028,-0.02545665204524994,0.3255302309989929,0.12338908761739731,-0.032217901200056076,0.23320916295051575,0.1715095192193985,-0.01447232998907566,0.27984124422073364,0.15935054421424866,-0.024339258670806885,0.3057143986225128,0.14574235677719116,-0.03156881406903267,0.32575613260269165,0.13457943499088287,-0.036446813493967056,0.22904512286186218,0.17788700759410858,-0.023041144013404846,0.26815372705459595,0.16475321352481842,-0.030678391456604004,0.29317620396614075,0.1537773758172989,-0.034114982932806015,0.3143881559371948,0.1433003544807434,-0.03688209503889084
0.13337115943431854,0.2635214924812317,7.475953367475086e-08,0.1261608600616455,0.1993560791015625,-0.0036580017767846584,0.14102479815483093,0.14043305814266205,-0.0007145489216782153,0.1584019660949707,0.09837192296981812,-0.0002656509168446064,0.17566946148872375,0.06940571218729019,0.000921535596717149,0.1903948336839676,0.15263257920742035,0.02525721862912178,0.21330703794956207,0.12028537690639496,0.02457338199019432,0.22816333174705505,0.10476545989513397,0.01885356567800045,0.24086803197860718,0.09591377526521683,0.015010053291916847,0.21165600419044495,0.17301040887832642,0.021773258224129677,0.2514623999595642,0.1537909358739853,0.025349218398332596,0.2744717001914978,0.1425410360097885,0.021617162972688675,0.293260395526886,0.13477791845798492,0.018233420327305794,0.22713950276374817,0.196138396859169,0.014437168836593628,0.26972496509552,0.18775567412376404,0.01365633960813284,0.29659509658813477,0.1801169216632843,0.007442975416779518,0.3173125684261322,0.17565980553627014,0.0032493690960109234,0.23561431467533112,0.21996690332889557,0.005926064215600491,0.2746601104736328,0.22263529896736145,0.005574196111410856,0.2975119650363922,0.22208943963050842,0.0053247734904289246,0.3153876066207886,0.22073054313659668,0.004949541296809912
0.1466466784477234,0.29892176389694214,5.825578242024676e-08,0.13728298246860504,0.23081789910793304,-0.006685605272650719,0.14253869652748108,0.1587902456521988,-0.009136778302490711,0.1503560096025467,0.10997773706912994,-0.012103659100830555,0.16104620695114136,0.07463092356920242,-0.013531871140003204,0.16718102991580963,0.15560561418533325,0.002926704939454794,0.17928382754325867,0.11486242711544037,-0.0038894033059477806,0.1866980493068695,0.0947960838675499,-0.01030456181615591,0.19284065067768097,0.07886721938848495,-0.01460301410406828,0.1872917115688324,0.181045800447464,0.001540915691293776,0.20998221635818481,0.15230494737625122,-0.0017786520766094327,0.22144818305969238,0.14265993237495422,-0.0041846963576972485,0.23040656745433807,0.13692671060562134,-0.006312099285423756,0.20218023657798767,0.2119978815317154,-0.0020543821156024933,0.22436122596263885,0.19018688797950745,-0.007124129217118025,0.23356878757476807,0.18285632133483887,-0.005951925180852413,0.2400965392589569,0.17862974107265472,-0.004795245360583067,0.21262899041175842,0.24701370298862457,-0.006667688488960266,0.23588384687900543,0.23989614844322205,-0.009554876945912838,0.25099867582321167,0.2398383468389511,-0.007412819191813469,0.26334744691848755,0.24026542901992798,-0.005483411718159914
0.2836897075176239,0.6571614146232605,-6.952211584199119e-10,0.2947297990322113,0.6059848666191101,-0.00442418223246932,0.3209384083747864,0.5657901763916016,-0.006796000525355339,0.3369543254375458,0.5335851907730103,-0.008902005851268768,0.3379952609539032,0.5040132999420166,-0.01068941131234169,0.3558870553970337,0.5941334962844849,-0.0028937002643942833,0.38439494371414185,0.5624639987945557,-0.007145112380385399,0.39938583970069885,0.5444075465202332,-0.011086022481322289,0.40986987948417664,0.5288571119308472,-0.013729603961110115,0.36192867159843445,0.616003692150116,-0.0037903820630162954,0.3902810215950012,0.5905945301055908,-0.006706115324050188,0.40207797288894653,0.5723698139190674,-0.008550873957574368,0.4080851972103119,0.556466281414032,-0.010018587112426758,0.36111050844192505,0.6339778304100037,-0.005380670540034771,0.3856106400489807,0.6116264462471008,-0.007839931175112724,0.39696717262268066,0.5931198000907898,-0.007270314730703831,0.40297114849090576,0.5776205658912659,-0.006841708440333605,0.35620126128196716,0.6467268466949463,-0.007444967050105333,0.37608155608177185,0.6281785368919373,-0.008304454386234283,0.38601142168045044,0.613565981388092,-0.00565587542951107,0.3909280598163605,0.6002291440963745,-0.0036011701449751854
0.2845723628997803,0.6613729596138,1.9655310268262838e-08,0.29262733459472656,0.6081559062004089,-0.00553818279877305,0.3174666166305542,0.5693408846855164,-0.007501790765672922,0.33309659361839294,0.5373188257217407,-0.00912022590637207,0.33262839913368225,0.5088809728622437,-0.01028541661798954,0.35273605585098267,0.5989232659339905,8.822471863823012e-05,0.3809646666049957,0.5700762271881104,-0.002711388049647212,0.39655086398124695,0.5527461171150208,-0.00611484469845891,0.40848150849342346,0.5378642082214355,-0.008698835968971252,0.35904034972190857,0.6206486225128174,0.00014909834135323763,0.3859487473964691,0.5961561799049377,-0.0019835601560771465,0.3985469341278076,0.5782997012138367,-0.004421974532306194,0.4077644944190979,0.5624594688415527,-0.006408935412764549,0.359247088432312,0.6371015310287476,-0.0006928687798790634,0.38386639952659607,0.6144700050354004,-0.0030845508445054293,0.3952539563179016,0.5962571501731873,-0.0036473236978054047,0.40283024311065674,0.5798699855804443,-0.0040064542554318905,0.3562191128730774,0.6476702690124512,-0.0021341608371585608,0.37565040588378906,0.6280643343925476,-0.0030282381922006607,0.38524478673934937,0.6141562461853027,-0.0011014628689736128,0.3914348781108856,0.6008110046386719,0.0002919450344052166
0.27975407242774963,0.6639389395713806,3.044799967710787e-08,0.28584980964660645,0.612252950668335,-0.005892313551157713,0.31056857109069824,0.5718328356742859,-0.007930553518235683,0.32600119709968567,0.5404438376426697,-0.009295702911913395,0.32703083753585815,0.5113795399665833,-0.010290765203535557,0.3484022319316864,0.6034841537475586,-0.0029270839877426624,0.37696754932403564,0.5744171738624573,-0.005542526487261057,0.39289528131484985,0.5571936964988708,-0.00845515076071024,0.40467727184295654,0.5422992706298828,-0.010645194910466671,0.3546384871006012,0.6258555054664612,-0.0027297211345285177,0.3821202218532562,0.601116418838501,-0.004322366788983345,0.3955762982368469,0.5832738876342773,-0.00616350257769227,0.4048282504081726,0.5675948262214661,-0.0077499086037278175,0.354391485452652,0.6426424384117126,-0.003258360316976905,0.3784528970718384,0.620259165763855,-0.005459241569042206,0.39047279953956604,0.6020314693450928,-0.006113462150096893,0.39873433113098145,0.585794985294342,-0.006572407204657793,0.3506772518157959,0.6527446508407593,-0.0042786062695086,0.36942258477211,0.6341457366943359,-0.00558174354955554,0.37940868735313416,0.6207975149154663,-0.004028661176562309,0.38609156012535095,0.608042299747467,-0.002794880885630846
0.2664271593093872,0.6796323657035828,2.5230816547150425e-08,0.27142757177352905,0.6298498511314392,-0.006477332208305597,0.2947973906993866,0.5818702578544617,-0.008768199943006039,0.3078763484954834,0.5454018115997314,-0.010615251027047634,0.3083656132221222,0.5145472288131714,-0.011947683990001678,0.3341483175754547,0.6065887808799744,-0.0025736987590789795,0.3622748851776123,0.5764235854148865,-0.006083508022129536,0.3783682584762573,0.5591976642608643,-0.009911135770380497,0.3896893560886383,0.5444503426551819,-0.012656730599701405,0.3412405550479889,0.6309176087379456,-0.0030895008239895105,0.3699414134025574,0.604354739189148,-0.00372277176938951,0.3837270140647888,0.5859503149986267,-0.005455598700791597,0.39188969135284424,0.5713006854057312,-0.006776046007871628,0.34092003107070923,0.6564222574234009,-0.0045921336859464645,0.36275026202201843,0.6346204280853271,-0.005774158518761396,0.371322363615036,0.617865800857544,-0.005887036211788654,0.3762267827987671,0.6047317385673523,-0.006014137528836727,0.33579397201538086,0.6812611818313599,-0.006841803900897503,0.35107335448265076,0.6680713891983032,-0.006945180706679821,0.3555891513824463,0.658466637134552,-0.0037269124295562506,0.3567286431789398,0.6515026092529297,-0.0010452710557729006
0.2574021816253662,0.6906085014343262,4.5572434714813426e-08,0.26370763778686523,0.6411936283111572,-0.0074889264069497585,0.2879542112350464,0.5916032195091248,-0.009275243617594242,0.3008475601673126,0.554193377494812,-0.010415707714855671,0.3006696403026581,0.5236672759056091,-0.010722680017352104,0.32955458760261536,0.6166526675224304,-0.0005029747844673693,0.35619330406188965,0.5864003896713257,-0.0034085477236658335,0.3717019259929657,0.5685250759124756,-0.007301324047148228,0.3829989731311798,0.5535014867782593,-0.01011744886636734,0.3360288441181183,0.6410019993782043,0.00014778175682295114,0.36352530121803284,0.6138696074485779,0.0002739505434874445,0.3774574100971222,0.5966021418571472,-0.0008120298152789474,0.3867325186729431,0.5826005935668945,-0.0017177187837660313,0.33556804060935974,0.6663321852684021,-0.0004409330431371927,0.35763391852378845,0.6445600986480713,-0.0003830581554211676,0.3672558069229126,0.6294426918029785,0.0013376377755776048,0.3734281659126282,0.6170099377632141,0.002559451851993799,0.3309972584247589,0.6910936236381531,-0.0020755366422235966,0.34832948446273804,0.6761044859886169,-0.0005145295290276408,0.35466107726097107,0.6654346585273743,0.004093491472303867,0.3574991822242737,0.6576805114746094,0.00769453402608633
0.22889405488967896,0.6905698180198669,1.552536055271503e-08,0.23285038769245148,0.6417047381401062,-0.006226446479558945,0.2575688064098358,0.5906123518943787,-0.0075174435041844845,0.2715975344181061,0.5534101128578186,-0.009020174853503704,0.27141863107681274,0.5238764882087708,-0.009790100157260895,0.3016994893550873,0.6129933595657349,0.0031280950643122196,0.3296699523925781,0.583175539970398,2.9976757787153474e-07,0.34588417410850525,0.5660552978515625,-0.004170620813965797,0.3570448160171509,0.5506247878074646,-0.0070990039967000484,0.30924394726753235,0.6366463899612427,0.0018704639514908195,0.3376408517360687,0.6110094785690308,0.0008143737213686109,0.35181528329849243,0.5939279794692993,-0.0012120992178097367,0.36120209097862244,0.5795579552650452,-0.002401919336989522,0.3107506036758423,0.6616013050079346,-0.0008883686386980116,0.33336615562438965,0.6391955018043518,-0.0038778004236519337,0.33901289105415344,0.6242530941963196,-0.003470781957730651,0.3416203558444977,0.6125714778900146,-0.0020920385140925646,0.3085692226886749,0.6871751546859741,-0.00453807320445776,0.3272143304347992,0.6690794825553894,-0.0054274871945381165,0.3288971185684204,0.6593729257583618,-0.0012112387921661139,0.32742342352867126,0.6535912752151489,0.0026973348576575518
0.21449850499629974,0.6982802152633667,4.7060435548473833e-08,0.22125771641731262,0.6486760973930359,-0.006972252856940031,0.24686473608016968,0.5968748927116394,-0.009048646315932274,0.2607787549495697,0.5570322275161743,-0.010811278596520424,0.25942710041999817,0.5263129472732544,-0.011969958432018757,0.28904783725738525,0.6189796328544617,0.0003582846256904304,0.3181578814983368,0.5927131175994873,-0.004574548918753862,0.33640366792678833,0.5753734111785889,-0.010685757733881474,0.3500179052352905,0.5612555146217346,-0.015115544199943542,0.2975328862667084,0.6421182155609131,0.00010848104284377769,0.32700178027153015,0.6135911345481873,-0.0020860068034380674,0.3438616991043091,0.5957370400428772,-0.00515383156016469,0.3577238917350769,0.5811082720756531,-0.00727646192535758,0.29960665106773376,0.6658608913421631,-0.00133065739646554,0.32589730620384216,0.637904167175293,-0.002961039077490568,0.34228476881980896,0.6204802989959717,-0.0017520998371765018,0.354644238948822,0.6066390872001648,-0.0006914661498740315,0.2970300018787384,0.6895975470542908,-0.003861595643684268,0.31756463646888733,0.669144868850708,-0.0038573252968490124,0.32890254259109497,0.654656171798706,0.00013788623618893325,0.33667701482772827,0.6425130367279053,0.0035801995545625687
0.2030279040336609,0.6963062286376953,6.639663752139313e-08,0.21177326142787933,0.6467719674110413,-0.006242160685360432,0.23787817358970642,0.5967741012573242,-0.008013149723410606,0.25198572874069214,0.5593127012252808,-0.009881419129669666,0.2498619556427002,0.528845489025116,-0.01146205049008131,0.28551799058914185,0.6201082468032837,0.0014829569263383746,0.3137517273426056,0.5990912914276123,-0.001982959220185876,0.3327055275440216,0.5843234658241272,-0.007313827984035015,0.34648197889328003,0.5723147392272949,-0.011434515006840229,0.29170528054237366,0.6462005376815796,0.00041510190931148827,0.3203642666339874,0.6253991723060608,0.0001617416419321671,0.33587804436683655,0.6122077107429504,-0.0021339613012969494,0.3480600416660309,0.6011359095573425,-0.0042547425255179405,0.2915803790092468,0.6731604337692261,-0.0017720481846481562,0.3141307830810547,0.6555025577545166,-0.002398523036390543,0.3213687539100647,0.6450029015541077,-0.00033563311444595456,0.32553038001060486,0.6363913416862488,0.0010368936927989125,0.28729382157325745,0.6998502612113953,-0.005193560384213924,0.30621251463890076,0.6858905553817749,-0.004890650976449251,0.30951911211013794,0.678004801273346,-2.2187276044860482e-05,0.30900436639785767,0.6726189851760864,0.0039481474086642265
0.19103318452835083,0.6877617835998535,4.7767535704679176e-08,0.1988229602575302,0.6413384079933167,-0.007840418256819248,0.22529630362987518,0.592780590057373,-0.010586702264845371,0.24057847261428833,0.5565597414970398,-0.013380186632275581,0.24074217677116394,0.526560366153717,-0.01595560647547245,0.2705415189266205,0.6185938119888306,0.0007909970008768141,0.30037492513656616,0.5994768142700195,-0.005656391382217407,0.3186330497264862,0.5879439115524292,-0.013247071765363216,0.3323991596698761,0.5770034790039062,-0.018829738721251488,0.27832531929016113,0.6441844701766968,-0.0011205252958461642,0.3095586597919464,0.6319537162780762,-0.004385284148156643,0.32583191990852356,0.6231570243835449,-0.008461854420602322,0.33945322036743164,0.6143637299537659,-0.0117340087890625,0.28034958243370056,0.6703810095787048,-0.004816755652427673,0.3092655837535858,0.6606588363647461,-0.007292001973837614,0.32676300406455994,0.6536772847175598,-0.005968222860246897,0.3421853482723236,0.6473315358161926,-0.0054112090729177,0.2770586311817169,0.6949930787086487,-0.009992658160626888,0.30170103907585144,0.6861774921417236,-0.010446827858686447,0.3155408799648285,0.6798864603042603,-0.0060515012592077255,0.32691943645477295,0.6745006442070007,-0.0029351518023759127
0.029452893882989883,0.5071098208427429,2.5827586114246515e-07,0.06915965676307678,0.48201125860214233,0.0007987283170223236,0.09754505753517151,0.4354502558708191,-0.0013838541926816106,0.1178274154663086,0.39120495319366455,-0.0029562341514974833,0.13256213068962097,0.3621971607208252,-0.006474615074694157,0.08973520994186401,0.43539702892303467,-0.026252679526805878,0.09992638230323792,0.386481374502182,-0.037868790328502655,0.11243217438459396,0.36183983087539673,-0.0432455874979496,0.1278201937675476,0.33967870473861694,-0.047662779688835144,0.07144220173358917,0.42147818207740784,-0.03393164649605751,0.09721209108829498,0.36761337518692017,-0.048788391053676605,0.11924493312835693,0.3315736651420593,-0.058794524520635605,0.14107577502727509,0.30268606543540955,-0.06690307706594467,0.04600812867283821,0.4115287959575653,-0.03995359688997269,0.06921309232711792,0.36358416080474854,-0.058392804116010666,0.0933288186788559,0.328275203704834,-0.07357079535722733,0.1164655014872551,0.30167123675346375,-0.08377841860055923,0.01598619669675827,0.40180617570877075,-0.04376743733882904,0.014764022082090378,0.35808098316192627,-0.06195196136832237,0.013713046908378601,0.33107754588127136,-0.07347197085618973,0.016397099941968918,0.30735358595848083,-0.08168013393878937
0.03141288831830025,0.498419851064682,3.941143233987532e-07,0.07243956625461578,0.4840976297855377,-0.00792063307017088,0.09728790819644928,0.44663435220718384,-0.01734410598874092,0.10815520584583282,0.4077729880809784,-0.02414921671152115,0.11335346102714539,0.3808964490890503,-0.03280988708138466,0.09191104769706726,0.42642828822135925,-0.04177463799715042,0.11643090844154358,0.38541918992996216,-0.060699187219142914,0.1376047432422638,0.3630845546722412,-0.07236845046281815,0.1582244336605072,0.3471297025680542,-0.07977622002363205,0.06914812326431274,0.41092827916145325,-0.04503089562058449,0.09487630426883698,0.3626589775085449,-0.0633908286690712,0.11883115768432617,0.33187171816825867,-0.07543197274208069,0.1419975757598877,0.3070144057273865,-0.08451593667268753,0.04277816414833069,0.40266865491867065,-0.0465005598962307,0.06463176757097244,0.3586474061012268,-0.06471839547157288,0.09153399616479874,0.3323329985141754,-0.07759981602430344,0.11566443741321564,0.3117873966693878,-0.08638822287321091,0.014967013150453568,0.39833566546440125,-0.04663928598165512,0.009123332798480988,0.35791444778442383,-0.06405498832464218,0.00822242721915245,0.33090174198150635,-0.073492132127285,0.010186485946178436,0.3069431185722351,-0.07958098500967026
0.041058607399463654,0.5046225786209106,3.855903685234807e-07,0.07537217438220978,0.49180132150650024,-0.0016640903195366263,0.10477977246046066,0.461611807346344,-0.00763489305973053,0.12552672624588013,0.4409305453300476,-0.01295522227883339,0.1458858847618103,0.4425411522388458,-0.020295102149248123,0.10997191816568375,0.4295429587364197,-0.026751350611448288,0.14315888285636902,0.39192983508110046,-0.04074348136782646,0.16836053133010864,0.36997395753860474,-0.050373293459415436,0.19019702076911926,0.35608547925949097,-0.056696463376283646,0.09027384966611862,0.41404736042022705,-0.03283664584159851,0.11918718367815018,0.3667464554309845,-0.042231786996126175,0.14329351484775543,0.3344869017601013,-0.049352869391441345,0.16424155235290527,0.3096163868904114,-0.05582733079791069,0.06267556548118591,0.4082535207271576,-0.037831779569387436,0.08814641833305359,0.3650813102722168,-0.04934176430106163,0.11068256199359894,0.3368712365627289,-0.06090584397315979,0.1285867989063263,0.3156037926673889,-0.06987272202968597,0.030231313779950142,0.4095238149166107,-0.04148217663168907,0.02211610972881317,0.3648882210254669,-0.05597439780831337,0.015162128955125809,0.3336326479911804,-0.06496112793684006,0.010645851492881775,0.3065185546875,-0.07119261473417282
0.053996071219444275,0.5242510437965393,2.99017898441889e-07,0.09570647031068802,0.5243297219276428,-0.002673140959814191,0.13190627098083496,0.49363240599632263,-0.005880706012248993,0.15465466678142548,0.4606069326400757,-0.009167486801743507,0.17043212056159973,0.4504019320011139,-0.01415565051138401,0.13911552727222443,0.44883763790130615,-0.016228657215833664,0.1673911213874817,0.4170978367328644,-0.027051718905568123,0.19073885679244995,0.3940860629081726,-0.03558221831917763,0.21193328499794006,0.3802140951156616,-0.04208808392286301,0.11735691130161285,0.4221915304660797,-0.021833650767803192,0.13996639847755432,0.3772745132446289,-0.029168106615543365,0.16096049547195435,0.3460642397403717,-0.036389295011758804,0.18002742528915405,0.323349267244339,-0.043206848204135895,0.08768196403980255,0.406509667634964,-0.02725018560886383,0.10839688777923584,0.3627452850341797,-0.03814179077744484,0.12925435602664948,0.337404727935791,-0.049740392714738846,0.14742812514305115,0.3206942677497864,-0.0589761920273304,0.05247766524553299,0.40180790424346924,-0.03181380033493042,0.04474788159132004,0.3608620762825012,-0.045835986733436584,0.04057666286826134,0.33241337537765503,-0.05506362020969391,0.03902791440486908,0.30910205841064453,-0.0615418404340744
0.06607101857662201,0.5274657011032104,3.267714987487125e-07,0.10812779515981674,0.5328288674354553,-0.010021969676017761,0.14948254823684692,0.5162142515182495,-0.018166007474064827,0.1806243509054184,0.4960782825946808,-0.025462396442890167,0.2092776894569397,0.4976784884929657,-0.03348533809185028,0.1531747430562973,0.4580047130584717,-0.02194424904882908,0.1898868978023529,0.4302747845649719,-0.03571951016783714,0.21552161872386932,0.41488221287727356,-0.04552503675222397,0.23779474198818207,0.4072055220603943,-0.05243214592337608,0.1354653239250183,0.4297902286052704,-0.024912498891353607,0.16449517011642456,0.39177554845809937,-0.03474995866417885,0.18772409856319427,0.36741629242897034,-0.04218200966715813,0.2084479033946991,0.3495337963104248,-0.04874514788389206,0.1115901991724968,0.41114500164985657,-0.028754251077771187,0.13506634533405304,0.3715347945690155,-0.040442973375320435,0.15439613163471222,0.34960460662841797,-0.0506204254925251,0.17197498679161072,0.3339790403842926,-0.05859360471367836,0.08320745080709457,0.40453943610191345,-0.03289980813860893,0.07892562448978424,0.3633778393268585,-0.04677422344684601,0.07437887787818909,0.33732616901397705,-0.05533851310610771,0.07141653448343277,0.31477224826812744,-0.06099456548690796
0.24669459462165833,0.6297906041145325,1.412666392752726e-07,0.28326866030693054,0.6408730149269104,-0.008613569661974907,0.31928321719169617,0.6253524422645569,-0.014397982507944107,0.3384055197238922,0.5944032669067383,-0.018621856346726418,0.33970457315444946,0.5651134252548218,-0.023486727848649025,0.3297887444496155,0.604367733001709,-0.02014658972620964,0.35486534237861633,0.5544309616088867,-0.03036276437342167,0.36645394563674927,0.5205160975456238,-0.03636046499013901,0.3733960688114166,0.4953671991825104,-0.03979691490530968,0.31518030166625977,0.5830996036529541,-0.020445076748728752,0.33914992213249207,0.5320285558700562,-0.02975621446967125,0.3513491749763489,0.49829813838005066,-0.03570934012532234,0.3582070469856262,0.4731036424636841,-0.0395604744553566,0.29659193754196167,0.5625829100608826,-0.020669622346758842,0.3172062635421753,0.5138962268829346,-0.027912326157093048,0.32851946353912354,0.483256459236145,-0.031719282269477844,0.3349497616291046,0.46140432357788086,-0.03403061628341675,0.2753894627094269,0.5431390404701233,-0.021132903173565865,0.28943413496017456,0.5045488476753235,-0.027256159111857414,0.2980973720550537,0.48018860816955566,-0.029117843136191368,0.3045770823955536,0.46267959475517273,-0.029504381120204926
0.09842236340045929,0.530098557472229,-1.1554057266494056e-07,0.1347721666097641,0.4922887086868286,0.0136792603880167,0.1469067633152008,0.4497429132461548,0.01762586645781994,0.1369141787290573,0.41491636633872986,0.017615996301174164,0.1201566606760025,0.39587530493736267,0.01606913097202778,0.17061111330986023,0.4372071921825409,0.012155086733400822,0.1506066620349884,0.3998402953147888,0.009648370556533337,0.13402824103832245,0.39479249715805054,0.005608219187706709,0.12505647540092468,0.3924160599708557,0.002185368211939931,0.15297050774097443,0.41353222727775574,0.0009203582303598523,0.1510653793811798,0.34587663412094116,0.0006429951754398644,0.14764761924743652,0.3121652603149414,-0.001127754570916295,0.1465439796447754,0.28676512837409973,-0.004139168653637171,0.12906818091869354,0.4010872542858124,-0.010106594301760197,0.1299244463443756,0.33563581109046936,-0.012460248544812202,0.12687942385673523,0.3044562339782715,-0.016518041491508484,0.1270741969347,0.2806364595890045,-0.0209747776389122,0.10158248245716095,0.39516398310661316,-0.019668225198984146,0.0935714840888977,0.352022647857666,-0.022406892850995064,0.08768294751644135,0.3271006643772125,-0.023033693432807922,0.08248787373304367,0.3047378957271576,-0.0247141532599926
0.08823660016059875,0.5184866786003113,-2.0189352767374658e-07,0.12079213559627533,0.487912654876709,0.015825675800442696,0.13419443368911743,0.4471385180950165,0.020351476967334747,0.12679289281368256,0.4130493700504303,0.021326987072825432,0.1113542765378952,0.39265677332878113,0.020299142226576805,0.15516875684261322,0.4270446002483368,0.008734594099223614,0.13443294167518616,0.3943568468093872,0.008244505152106285,0.1199343353509903,0.39278918504714966,0.00603848323225975,0.11192875355482101,0.3949984014034271,0.0032171199563890696,0.14034397900104523,0.4067414104938507,-0.003434377256780863,0.13344122469425201,0.3487580120563507,-0.0027072627563029528,0.12894093990325928,0.317791223526001,-0.003441588720306754,0.12760913372039795,0.29346156120300293,-0.006322428118437529,0.11756370216608047,0.39663344621658325,-0.01463821716606617,0.1210932582616806,0.3350119888782501,-0.01837993413209915,0.11999024450778961,0.3005303144454956,-0.024138541892170906,0.12287282943725586,0.27083539962768555,-0.03042576089501381,0.09211639314889908,0.3944573700428009,-0.02367865853011608,0.0839340016245842,0.3485206365585327,-0.03168254345655441,0.07525378465652466,0.32201606035232544,-0.03568985313177109,0.06819045543670654,0.2970132827758789,-0.03948560357093811
0.21798697113990784,0.602863073348999,-2.435646422327409e-07,0.2484365701675415,0.6134490966796875,-0.0011594126699492335,0.2817400097846985,0.6152874827384949,-0.003459420520812273,0.3043648302555084,0.6053367257118225,-0.008178452961146832,0.3166084885597229,0.5912330150604248,-0.01158437505364418,0.31943196058273315,0.6532305479049683,0.005316483322530985,0.3555499017238617,0.6488696932792664,-0.007899979129433632,0.348663866519928,0.6258153319358826,-0.01888086646795273,0.33057916164398193,0.6133073568344116,-0.02438558079302311,0.31874752044677734,0.6325281262397766,-0.00010774868133012205,0.351485937833786,0.6279126405715942,-0.010141800157725811,0.3428729474544525,0.6083992123603821,-0.01669437438249588,0.32710373401641846,0.6034924387931824,-0.019371621310710907,0.31263333559036255,0.6094086766242981,-0.0072625367902219296,0.34054669737815857,0.6012125611305237,-0.015576744452118874,0.32873186469078064,0.5914346575737,-0.015160136856138706,0.3124109208583832,0.5918745994567871,-0.013234108686447144,0.30101123452186584,0.5847179889678955,-0.01494617946445942,0.3164156675338745,0.572987973690033,-0.019248053431510925,0.3072218596935272,0.5699915289878845,-0.015296468511223793,0.29473504424095154,0.5749996900558472,-0.010660391300916672
0.18476301431655884,0.5693522095680237,-2.7388031753616815e-07,0.20447170734405518,0.5400070548057556,-0.004046294372528791,0.23456543684005737,0.5315366983413696,-0.01082936767488718,0.2615397572517395,0.5199934840202332,-0.016333770006895065,0.281161367893219,0.5052361488342285,-0.021509112790226936,0.2355540543794632,0.6105163097381592,-0.021756282076239586,0.2756032347679138,0.5944170951843262,-0.031206339597702026,0.2896648943424225,0.562433123588562,-0.03544384241104126,0.2910042405128479,0.539143979549408,-0.03657206520438194,0.24365484714508057,0.6244735717773438,-0.024178894236683846,0.298342227935791,0.6279802918434143,-0.034806396812200546,0.3161377012729645,0.5928214192390442,-0.037474606186151505,0.3175501823425293,0.5597672462463379,-0.03758252412080765,0.25029557943344116,0.6209648847579956,-0.025885649025440216,0.29901236295700073,0.6154367327690125,-0.036006126552820206,0.3180326223373413,0.5840770602226257,-0.041168324649333954,0.32274580001831055,0.5542572736740112,-0.04305317997932434,0.2557359039783478,0.601809024810791,-0.026643767952919006,0.28925466537475586,0.5808121562004089,-0.03274935111403465,0.30201488733291626,0.5548160076141357,-0.03455949202179909,0.30451568961143494,0.5287272930145264,-0.03503800556063652
0.16869010031223297,0.5862810611724854,-2.5248357360396767e-07,0.19453661143779755,0.559762716293335,-0.005332831759005785,0.22988680005073547,0.5516266822814941,-0.00981399230659008,0.257930725812912,0.5385528802871704,-0.012521377764642239,0.2766513526439667,0.523192822933197,-0.014678070321679115,0.23099252581596375,0.6314598321914673,-0.021559473127126694,0.28080785274505615,0.6358020305633545,-0.03224674239754677,0.3030296862125397,0.6098499894142151,-0.03709719330072403,0.3089410364627838,0.5839847326278687,-0.038385529071092606,0.23390698432922363,0.6444156169891357,-0.022226091474294662,0.28728431463241577,0.6477402448654175,-0.03168415278196335,0.3095264732837677,0.6146678924560547,-0.03364114835858345,0.3156128525733948,0.5819632411003113,-0.0327899307012558,0.23543021082878113,0.6400675773620605,-0.02248099073767662,0.2866611182689667,0.6326078772544861,-0.03209853917360306,0.3056752383708954,0.6015860438346863,-0.03632057458162308,0.31145015358924866,0.5712088942527771,-0.037558138370513916,0.23570893704891205,0.6207493543624878,-0.0221695713698864,0.2664521634578705,0.588126003742218,-0.03306738659739494,0.27856558561325073,0.5581223964691162,-0.037412699311971664,0.2825296223163605,0.5296109914779663,-0.03820560500025749
0.13849611580371857,0.6103021502494812,-2.402381937827158e-07,0.17459580302238464,0.5917539596557617,0.00616341782733798,0.2103145718574524,0.5897102952003479,0.005723545793443918,0.23615619540214539,0.5772812962532043,0.003753802739083767,0.2545616924762726,0.5662006139755249,0.0016417227452620864,0.20970559120178223,0.668109118938446,-0.0038926026318222284,0.25324422121047974,0.6662712693214417,-0.012139184400439262,0.27334141731262207,0.6396005153656006,-0.01764308474957943,0.2788127064704895,0.615973949432373,-0.02021697163581848,0.21069520711898804,0.6723097562789917,-0.011817422695457935,0.26234135031700134,0.6807850003242493,-0.01969199813902378,0.28640443086624146,0.6528249979019165,-0.02383381873369217,0.29464641213417053,0.6233903169631958,-0.025201043114066124,0.20937547087669373,0.6587585806846619,-0.01921292208135128,0.2609366774559021,0.6579489707946777,-0.028380824252963066,0.28138670325279236,0.6331722140312195,-0.034570153802633286,0.2884642481803894,0.6074183583259583,-0.03758474066853523,0.2072979062795639,0.6287421584129333,-0.025249117985367775,0.2379939705133438,0.5998696684837341,-0.033985137939453125,0.2512199878692627,0.5767769813537598,-0.03811647370457649,0.2571795880794525,0.5556219220161438,-0.039961159229278564
0.12973453104496002,0.6191065311431885,-2.080073500110302e-07,0.1692231148481369,0.5974464416503906,0.00641277153044939,0.2045358270406723,0.5963655114173889,0.004385505337268114,0.23121559619903564,0.5841979384422302,0.00039320727228187025,0.2504587173461914,0.568425714969635,-0.004156611394137144,0.2016901671886444,0.6840075850486755,-0.003976653330028057,0.251565158367157,0.6779244542121887,-0.013138885609805584,0.2750096917152405,0.6540188789367676,-0.019754640758037567,0.28389936685562134,0.630864679813385,-0.02321336604654789,0.2014864683151245,0.6834994554519653,-0.012737809680402279,0.2580081522464752,0.6850669384002686,-0.02015671879053116,0.28154122829437256,0.6557425260543823,-0.024548418819904327,0.2895251214504242,0.6270182132720947,-0.026887327432632446,0.19974564015865326,0.6659052968025208,-0.021003443747758865,0.2551765441894531,0.6585713028907776,-0.029017699882388115,0.2758907377719879,0.6317094564437866,-0.03413298353552818,0.2835623323917389,0.6068406105041504,-0.037385690957307816,0.19915291666984558,0.6328319907188416,-0.02817707695066929,0.2317609041929245,0.603076159954071,-0.036645594984292984,0.24585220217704773,0.5797351002693176,-0.04061296582221985,0.25250962376594543,0.5601248145103455,-0.04280983656644821
0.12239014357328415,0.6226853132247925,-2.1275290862377005e-07,0.16093488037586212,0.6028769612312317,0.006256961729377508,0.1962120532989502,0.5993905067443848,0.004114167299121618,0.2238730937242508,0.5878763794898987,-8.106134919216856e-05,0.24380773305892944,0.5735644102096558,-0.004462279379367828,0.20102998614311218,0.6784408092498779,-0.004456446506083012,0.2512432336807251,0.6721528172492981,-0.014753059484064579,0.27302178740501404,0.6469309329986572,-0.021775195375084877,0.27980321645736694,0.6232160925865173,-0.02499924786388874,0.20129260420799255,0.6772496700286865,-0.013234177604317665,0.2573232650756836,0.6760625839233398,-0.021355442702770233,0.2792631983757019,0.645710825920105,-0.02514573559165001,0.2845102846622467,0.616278886795044,-0.02668655663728714,0.19938425719738007,0.659257173538208,-0.02170337364077568,0.25283706188201904,0.6499879956245422,-0.029820654541254044,0.2718227505683899,0.6222314834594727,-0.03438933938741684,0.2769611179828644,0.5968250632286072,-0.03697912022471428,0.1971258819103241,0.6271070241928101,-0.029177313670516014,0.23006285727024078,0.5971869826316833,-0.03659352660179138,0.24430201947689056,0.5738404989242554,-0.039788078516721725,0.2505178451538086,0.5540791749954224,-0.04132598266005516
0.12168701738119125,0.6216385364532471,-2.111713683916605e-07,0.16208359599113464,0.6009445786476135,0.007431925740092993,0.19838334619998932,0.5972488522529602,0.004970919340848923,0.22531606256961823,0.5830752849578857,-3.064569682464935e-05,0.24477389454841614,0.5649781227111816,-0.005273199174553156,0.2017451375722885,0.6777893304824829,-0.003087307559326291,0.2516395151615143,0.6698477268218994,-0.013316330499947071,0.2722967863082886,0.642961323261261,-0.020423857495188713,0.2782135605812073,0.6172356009483337,-0.02357913739979267,0.20036791265010834,0.6764463186264038,-0.012515507638454437,0.2570497989654541,0.6732949018478394,-0.02028956077992916,0.27718180418014526,0.641223669052124,-0.02480977587401867,0.28128182888031006,0.6105228662490845,-0.027038978412747383,0.19720999896526337,0.6596501469612122,-0.02145395427942276,0.2515058219432831,0.6479406952857971,-0.028630470857024193,0.269575834274292,0.617853045463562,-0.033193089067935944,0.2747231721878052,0.5909154415130615,-0.035918328911066055,0.194318488240242,0.6279900670051575,-0.0292523093521595,0.22963610291481018,0.5973253846168518,-0.03564278408885002,0.24440795183181763,0.5734338164329529,-0.038440242409706116,0.2513730823993683,0.5541369915008545,-0.039835087954998016
0.12183963507413864,0.6217279434204102,-2.1721088216963835e-07,0.1613931506872177,0.6021677255630493,0.007126344367861748,0.19727246463298798,0.5982914566993713,0.004032853990793228,0.22468581795692444,0.5834825038909912,-0.0014120524283498526,0.24392610788345337,0.5644333958625793,-0.007139052730053663,0.19997328519821167,0.6802527904510498,-0.005113778170198202,0.2506375312805176,0.668462872505188,-0.015555321238934994,0.27000051736831665,0.6393108367919922,-0.02284235879778862,0.27420321106910706,0.6137944459915161,-0.026298904791474342,0.1991470754146576,0.6773129105567932,-0.01445837877690792,0.25651997327804565,0.6718304753303528,-0.0225832462310791,0.27590829133987427,0.6382982134819031,-0.0270847100764513,0.2791975736618042,0.6073083281517029,-0.029513336718082428,0.1964954435825348,0.6586426496505737,-0.023164257407188416,0.25185540318489075,0.6470003724098206,-0.030794426798820496,0.268856406211853,0.6158874034881592,-0.03526029735803604,0.2726219594478607,0.5888530015945435,-0.03805601969361305,0.1941974014043808,0.6255621314048767,-0.030675869435071945,0.22971561551094055,0.5946171879768372,-0.03786600008606911,0.24336093664169312,0.5709065198898315,-0.040964677929878235,0.2490210384130478,0.5524296164512634,-0.042584244161844254
0.12230037897825241,0.6223219037055969,-2.1977150765906117e-07,0.16019611060619354,0.6010653376579285,0.004471911583095789,0.19573715329170227,0.5969789028167725,0.0007936037727631629,0.2235545963048935,0.582673192024231,-0.004685604944825172,0.24358224868774414,0.5637555122375488,-0.010325788520276546,0.20016583800315857,0.6778130531311035,-0.006497854366898537,0.24975119531154633,0.6665557026863098,-0.017288057133555412,0.26910635828971863,0.6379489898681641,-0.02483440563082695,0.273928701877594,0.6126163601875305,-0.02837693691253662,0.1992986649274826,0.6775491833686829,-0.01437887828797102,0.25634047389030457,0.6695285439491272,-0.0226680226624012,0.2764261066913605,0.6360952258110046,-0.02721664123237133,0.2801494598388672,0.6055610179901123,-0.029650211334228516,0.19659286737442017,0.6612818241119385,-0.021938417106866837,0.2509576678276062,0.6478175520896912,-0.029638240113854408,0.26898249983787537,0.6164215803146362,-0.034208521246910095,0.2737918496131897,0.5893141031265259,-0.03705814853310585,0.19405502080917358,0.6301659941673279,-0.028561562299728394,0.22820961475372314,0.5992988348007202,-0.03574632853269577,0.24282380938529968,0.5755146741867065,-0.03901048004627228,0.24994492530822754,0.5566922426223755,-0.04073113948106766
0.12500470876693726,0.6302542090415955,-1.9867546541263437e-07,0.16311123967170715,0.609489917755127,0.002236677799373865,0.20072674751281738,0.6052319407463074,-0.0007035040180198848,0.2290087789297104,0.5916816592216492,-0.004780720919370651,0.24808257818222046,0.5743148326873779,-0.00854632817208767,0.20273585617542267,0.6834946870803833,-0.007250298745930195,0.25322291254997253,0.6711694002151489,-0.018159406259655952,0.2726666331291199,0.6419209837913513,-0.02509496547281742,0.2759280502796173,0.6169227361679077,-0.02779151313006878,0.20193471014499664,0.6857361197471619,-0.013646435923874378,0.26018446683883667,0.6803115010261536,-0.022373246029019356,0.2794184386730194,0.6470685601234436,-0.026516303420066833,0.2806799113750458,0.6156074404716492,-0.02782081440091133,0.19962120056152344,0.6712378859519958,-0.01989681087434292,0.25458505749702454,0.6584578156471252,-0.02855738252401352,0.27150145173072815,0.6270490288734436,-0.03301606699824333,0.2741618752479553,0.5996600985527039,-0.03480856493115425,0.19764281809329987,0.6408350467681885,-0.02533346228301525,0.23360326886177063,0.6112205386161804,-0.033437758684158325,0.24721844494342804,0.5875682830810547,-0.03634147718548775,0.2520318329334259,0.5682376027107239,-0.0370720811188221
0.12410108745098114,0.630276620388031,-2.1530939875447075e-07,0.16250905394554138,0.6149869561195374,0.007541794795542955,0.1991066336631775,0.6129061579704285,0.005203993991017342,0.22712770104408264,0.5984814763069153,0.0002954882802441716,0.24636077880859375,0.5790219306945801,-0.0047150482423603535,0.20083293318748474,0.689154326915741,-0.002589839743450284,0.2515970468521118,0.6783842444419861,-0.013310741633176804,0.27184194326400757,0.6506548523902893,-0.020804909989237785,0.2768149673938751,0.6248597502708435,-0.024079037830233574,0.20103701949119568,0.6852818727493286,-0.012212380766868591,0.25778448581695557,0.680859386920929,-0.02044232189655304,0.2773766815662384,0.6485062837600708,-0.025087086483836174,0.28088492155075073,0.6176223158836365,-0.027205972000956535,0.1994626224040985,0.6661837697029114,-0.02137947455048561,0.25398099422454834,0.6552635431289673,-0.02892850711941719,0.27129998803138733,0.6259351968765259,-0.03296084702014923,0.27556031942367554,0.6003893613815308,-0.03508153557777405,0.19819946587085724,0.6327447891235352,-0.029389692470431328,0.23440667986869812,0.6052581667900085,-0.0355554074048996,0.24791213870048523,0.5839502215385437,-0.0372544527053833,0.25307774543762207,0.5675763487815857,-0.03774363547563553
0.12453936040401459,0.6321644186973572,-1.9764419789680687e-07,0.16186946630477905,0.619197428226471,0.008165695704519749,0.19818183779716492,0.6169987320899963,0.005784702021628618,0.22638104856014252,0.6007373332977295,0.000862040848005563,0.24590986967086792,0.579573392868042,-0.004317539744079113,0.2004861831665039,0.6888680458068848,-0.00272500142455101,0.2517315745353699,0.6797367930412292,-0.012741188518702984,0.27345719933509827,0.6532767415046692,-0.01938624680042267,0.2797969579696655,0.6286011338233948,-0.02220873348414898,0.20050391554832458,0.685009241104126,-0.012389220297336578,0.2585594058036804,0.6813188791275024,-0.019974732771515846,0.2789668142795563,0.6496716141700745,-0.023829244077205658,0.28284499049186707,0.6199111938476562,-0.025424769148230553,0.1986500471830368,0.6661133766174316,-0.02142157591879368,0.25353601574897766,0.6551831364631653,-0.028035849332809448,0.27184516191482544,0.6259368062019348,-0.03175755962729454,0.2774336040019989,0.6007924675941467,-0.03391853719949722,0.19693538546562195,0.6332527995109558,-0.02924247644841671,0.2324046790599823,0.6044074892997742,-0.03531728312373161,0.24720439314842224,0.582467794418335,-0.03755713626742363,0.25435805320739746,0.5653445720672607,-0.03847954049706459
0.12419456988573074,0.6303972005844116,-2.0050420346251485e-07,0.16342055797576904,0.6121904253959656,0.007691240403801203,0.19958773255348206,0.610088050365448,0.005218817852437496,0.2267271727323532,0.5974059104919434,0.0001987880968954414,0.24602140486240387,0.5805183053016663,-0.005053803790360689,0.20143891870975494,0.6877323389053345,-0.002507568337023258,0.25201085209846497,0.6786695122718811,-0.012995712459087372,0.27396008372306824,0.6516440510749817,-0.020215293392539024,0.2805488705635071,0.6262855529785156,-0.023397283628582954,0.20098380744457245,0.6847204566001892,-0.012291845865547657,0.2583647668361664,0.6817625164985657,-0.020631320774555206,0.2786498963832855,0.6490778923034668,-0.02514701336622238,0.28237125277519226,0.6187842488288879,-0.02702667936682701,0.19886203110218048,0.6663642525672913,-0.02158929780125618,0.2532055079936981,0.6558750867843628,-0.028926027938723564,0.27156341075897217,0.6262372136116028,-0.03308477997779846,0.276950865983963,0.6011098027229309,-0.035338256508111954,0.1968887597322464,0.6339399814605713,-0.029754100367426872,0.232482448220253,0.6052898168563843,-0.03613272309303284,0.24690765142440796,0.5832793116569519,-0.03837612643837929,0.2533928155899048,0.5667284727096558,-0.03921784088015556
0.1225445568561554,0.6333963871002197,-2.0278902468362503e-07,0.15875910222530365,0.6261625289916992,0.010528613813221455,0.1955196112394333,0.6232842803001404,0.009389851242303848,0.22350619733333588,0.6053455471992493,0.005138193257153034,0.2421904355287552,0.5831666588783264,0.0005145947798155248,0.19840852916240692,0.6876405477523804,0.00017641553131397814,0.24899078905582428,0.6795504093170166,-0.009854050353169441,0.2708856165409088,0.6533272862434387,-0.016587110236287117,0.2773576080799103,0.6279358863830566,-0.019352588802576065,0.19942887127399445,0.683143675327301,-0.010727178305387497,0.25681203603744507,0.6816572546958923,-0.018082765862345695,0.27714061737060547,0.6507298350334167,-0.0217636339366436,0.28064021468162537,0.6204482316970825,-0.02312486059963703,0.19817352294921875,0.6640483140945435,-0.021017665043473244,0.2524334788322449,0.6555801630020142,-0.02726004458963871,0.2711377739906311,0.6271728873252869,-0.03107455186545849,0.27653610706329346,0.6016989350318909,-0.03329601138830185,0.19691026210784912,0.6312726736068726,-0.029949381947517395,0.23140576481819153,0.6042629480361938,-0.03538380563259125,0.24627631902694702,0.5824742913246155,-0.037414733320474625,0.2533031105995178,0.5644884705543518,-0.03826970234513283
0.12104135751724243,0.6333082914352417,-1.9714052257313597e-07,0.15828779339790344,0.6204997301101685,0.00916542299091816,0.1949300318956375,0.6172987818717957,0.007052795495837927,0.22276753187179565,0.6015412211418152,0.002259855391457677,0.24231572449207306,0.5813146829605103,-0.002733749570325017,0.1990971863269806,0.686324954032898,-0.001957212807610631,0.24953007698059082,0.6781269311904907,-0.012428121641278267,0.27172380685806274,0.6511858701705933,-0.01933814398944378,0.2780472934246063,0.62563157081604,-0.022260772064328194,0.1993359625339508,0.6827963590621948,-0.01238633506000042,0.25675150752067566,0.6801432371139526,-0.02036942169070244,0.27728500962257385,0.648154079914093,-0.024220071732997894,0.28087788820266724,0.6181254982948303,-0.025663601234555244,0.19706076383590698,0.6645081639289856,-0.02222108282148838,0.2518342137336731,0.6549758911132812,-0.029138611629605293,0.2703396677970886,0.6258135437965393,-0.03293121978640556,0.2756718099117279,0.6006972193717957,-0.03505154699087143,0.19427388906478882,0.632601797580719,-0.030763469636440277,0.2295183539390564,0.6034499406814575,-0.03715875372290611,0.2447659820318222,0.5802193880081177,-0.039519235491752625,0.25213438272476196,0.5620287656784058,-0.0404425784945488
0.12243097275495529,0.6324926018714905,-1.848389388214855e-07,0.16066288948059082,0.6210445761680603,0.008719979785382748,0.19762127101421356,0.6190728545188904,0.0063925851136446,0.22539931535720825,0.6037100553512573,0.0014579995768144727,0.24480274319648743,0.5841020345687866,-0.003579661948606372,0.19955122470855713,0.6882609128952026,-0.0028258655220270157,0.25055932998657227,0.6794717311859131,-0.013465671800076962,0.2718557119369507,0.6532052159309387,-0.020272325724363327,0.27785417437553406,0.6284351348876953,-0.023079888895154,0.19890864193439484,0.6844184994697571,-0.013157187029719353,0.2570357322692871,0.6826661825180054,-0.021981483325362206,0.27726274728775024,0.65052330493927,-0.026210933923721313,0.2805575728416443,0.6196040511131287,-0.02768515981733799,0.196292906999588,0.6660050749778748,-0.02282830886542797,0.25120988488197327,0.6567087769508362,-0.030480703338980675,0.26931339502334595,0.6274935603141785,-0.03408508002758026,0.2740786671638489,0.6021727919578552,-0.035749953240156174,0.1937483549118042,0.6338940858840942,-0.03119499795138836,0.2293950617313385,0.6070732474327087,-0.037593960762023926,0.24471011757850647,0.585862398147583,-0.03942962735891342,0.2521294951438904,0.5694154500961304,-0.03991629555821419
0.12306112796068192,0.6315820217132568,-1.8665186019006796e-07,0.162643700838089,0.6162370443344116,0.008251763880252838,0.19905662536621094,0.6132838726043701,0.005054198205471039,0.22640372812747955,0.5988168716430664,-0.0006675073527731001,0.245397686958313,0.5800475478172302,-0.006736125331372023,0.19985619187355042,0.687944769859314,-0.005269354209303856,0.25151440501213074,0.6805875301361084,-0.01672799326479435,0.2732140123844147,0.6541550159454346,-0.024138135835528374,0.2795937955379486,0.6287493109703064,-0.027344748377799988,0.1984742134809494,0.6847640872001648,-0.015800660476088524,0.25709614157676697,0.6839088797569275,-0.02518664300441742,0.27786707878112793,0.6519176363945007,-0.029806220903992653,0.28144797682762146,0.6215112805366516,-0.03169892355799675,0.19538135826587677,0.6666207313537598,-0.02559688873589039,0.2511375844478607,0.6581820249557495,-0.03371317312121391,0.26994767785072327,0.6287258267402649,-0.03774918243288994,0.275164932012558,0.6033610105514526,-0.0398339107632637,0.19261442124843597,0.6351437568664551,-0.03408458083868027,0.22887782752513885,0.6079496145248413,-0.041008688509464264,0.24357323348522186,0.5862722396850586,-0.04307892918586731,0.2501939535140991,0.5699790716171265,-0.04374564439058304
0.12270138412714005,0.634746789932251,-1.906636981630072e-07,0.1610231250524521,0.6236754655838013,0.0075574410147964954,0.19796831905841827,0.6218682527542114,0.004647247027605772,0.2263549417257309,0.6055800914764404,-0.0006878561689518392,0.2456580400466919,0.5841191411018372,-0.006143709644675255,0.19870737195014954,0.6927099823951721,-0.0041236886754632,0.2503814697265625,0.6825842261314392,-0.015098572708666325,0.271562784910202,0.6560693979263306,-0.022418804466724396,0.2777862250804901,0.6308761239051819,-0.025693563744425774,0.19873285293579102,0.6877159476280212,-0.013954121619462967,0.25674131512641907,0.6844020485877991,-0.02259811945259571,0.2769702970981598,0.6535655856132507,-0.027041643857955933,0.2810112535953522,0.6235107183456421,-0.029080262407660484,0.19693301618099213,0.6678212285041809,-0.023217355832457542,0.2517501711845398,0.6578085422515869,-0.030850544571876526,0.2698327898979187,0.6297850608825684,-0.034663405269384384,0.2749680280685425,0.6049743890762329,-0.03675636276602745,0.19549667835235596,0.6342594623565674,-0.03129487857222557,0.2311970740556717,0.6083745956420898,-0.03780784830451012,0.24608594179153442,0.5882056951522827,-0.03981522470712662,0.2529275119304657,0.5722262263298035,-0.04058187082409859
0.1210021898150444,0.6450226902961731,-1.6819711845528218e-07,0.1566300094127655,0.6523379683494568,0.01172096747905016,0.19378817081451416,0.6523177027702332,0.009529431350529194,0.2226414680480957,0.6329801678657532,0.003998888656497002,0.2428283840417862,0.6094443202018738,-0.0021674323361366987,0.19719389081001282,0.7053391933441162,-0.0028874927666038275,0.24876368045806885,0.6922361254692078,-0.013501988723874092,0.27163293957710266,0.6672894954681396,-0.02008560113608837,0.28068897128105164,0.6438831686973572,-0.022939877584576607,0.19726154208183289,0.6968700885772705,-0.014993635006248951,0.2559954524040222,0.6928333640098572,-0.022956492379307747,0.27787715196609497,0.6643049120903015,-0.026157815009355545,0.28536343574523926,0.6350699067115784,-0.027509965002536774,0.19546633958816528,0.674562394618988,-0.026066768914461136,0.25044986605644226,0.6646527051925659,-0.03214067593216896,0.2702668011188507,0.6385263800621033,-0.034152381122112274,0.2785872519016266,0.6141555309295654,-0.0355362594127655,0.19395165145397186,0.6391645073890686,-0.03567810356616974,0.23021775484085083,0.6154878735542297,-0.040930669754743576,0.2475578486919403,0.5966775417327881,-0.04179535433650017,0.2580716907978058,0.5803297162055969,-0.04205085709691048
0.12169845402240753,0.6467329859733582,-1.6823571513668867e-07,0.15530192852020264,0.6643109321594238,0.014949994161725044,0.1902722716331482,0.6684336066246033,0.013857416808605194,0.21921783685684204,0.6537676453590393,0.008641631342470646,0.23873013257980347,0.6304239630699158,0.0020809730049222708,0.19437764585018158,0.7054930925369263,-0.0022711206693202257,0.24565601348876953,0.6968878507614136,-0.013110366649925709,0.26960498094558716,0.672835648059845,-0.019420914351940155,0.2794821560382843,0.6496785283088684,-0.022152792662382126,0.19610391557216644,0.6958481073379517,-0.01644926331937313,0.25510257482528687,0.695237934589386,-0.02494741976261139,0.2785497307777405,0.6671794652938843,-0.027393100783228874,0.2868834137916565,0.6382778882980347,-0.02822837606072426,0.1948958784341812,0.6732342839241028,-0.02937619760632515,0.2516508996486664,0.6685311198234558,-0.03614802658557892,0.2720242738723755,0.6423618793487549,-0.03739672899246216,0.2799628973007202,0.6183187961578369,-0.03826456144452095,0.19340519607067108,0.6387670636177063,-0.04052986949682236,0.23134133219718933,0.6172876358032227,-0.047190096229314804,0.24969002604484558,0.598517656326294,-0.04837171360850334,0.26102280616760254,0.5829954743385315,-0.048705559223890305
0.12531185150146484,0.6456276774406433,-1.7314806655122084e-07,0.15764200687408447,0.6628493070602417,0.014624671079218388,0.19159455597400665,0.6683136820793152,0.012986681424081326,0.22049526870250702,0.6560536623001099,0.007449903525412083,0.24004597961902618,0.6345883011817932,0.0005807786365039647,0.19409248232841492,0.7071698307991028,-0.004418159835040569,0.24569837749004364,0.6979092955589294,-0.015779076144099236,0.27039384841918945,0.673652172088623,-0.022356659173965454,0.2806225121021271,0.6499966979026794,-0.025268679484725,0.19543325901031494,0.6981391906738281,-0.018597356975078583,0.25442999601364136,0.6975411772727966,-0.02755962312221527,0.278927743434906,0.6693338751792908,-0.030012214556336403,0.2882936894893646,0.6396679878234863,-0.031041789799928665,0.19421981275081635,0.6755791306495667,-0.031449172645807266,0.25125160813331604,0.6714571714401245,-0.038767360150814056,0.27224573493003845,0.6453087329864502,-0.04013226926326752,0.28054431080818176,0.6207778453826904,-0.041192274540662766,0.19327613711357117,0.6413232088088989,-0.04250418022274971,0.2308037430047989,0.6192748546600342,-0.04995467886328697,0.24956680834293365,0.5996183156967163,-0.05156359449028969,0.26115652918815613,0.5830921530723572,-0.05226489529013634
0.17940309643745422,0.6596640944480896,-2.6924146467877108e-08,0.23195978999137878,0.6463597416877747,0.012177723459899426,0.2759194076061249,0.6255098581314087,0.011033650487661362,0.3079409599304199,0.600599467754364,0.0062336004339158535,0.33071520924568176,0.5794311165809631,-5.2253824833314866e-05,0.29451659321784973,0.6533011198043823,-0.003274871502071619,0.34410881996154785,0.6320508122444153,-0.01377792190760374,0.37385478615760803,0.6103554368019104,-0.021806199103593826,0.3946900963783264,0.5918474793434143,-0.027295434847474098,0.28541359305381775,0.6437852382659912,-0.01766606792807579,0.3424523174762726,0.6213194131851196,-0.025531042367219925,0.3725332021713257,0.5981727242469788,-0.030979502946138382,0.39446207880973816,0.5789827108383179,-0.03558550775051117,0.2699735164642334,0.6272222995758057,-0.03106195665895939,0.32021912932395935,0.5973676443099976,-0.036855414509773254,0.3493383228778839,0.5738178491592407,-0.04100869596004486,0.370517760515213,0.5566557049751282,-0.045505039393901825,0.25002098083496094,0.6013631820678711,-0.04321607947349548,0.27864474058151245,0.5644384026527405,-0.04798632860183716,0.2980908155441284,0.5400218367576599,-0.04902064427733421,0.31317514181137085,0.5206326842308044,-0.050356268882751465
0.1342432051897049,0.8825290203094482,7.807483370925183e-08,0.13235223293304443,0.9329022765159607,-0.008930393494665623,0.10483579337596893,0.9734383225440979,-0.010895207524299622,0.0758531242609024,0.9903390407562256,-0.012659969739615917,0.053679656237363815,1.002837896347046,-0.013947875238955021,0.07087402790784836,0.9553301334381104,-0.003305122721940279,0.03232259675860405,0.9757592678070068,-0.009365410543978214,0.011523367837071419,0.9875381588935852,-0.014334393665194511,-0.003010965883731842,0.9977511167526245,-0.017268721014261246,0.06006908416748047,0.9318504929542542,-0.0037128818221390247,0.02251317724585533,0.9532201886177063,-0.008948984555900097,0.004860177636146545,0.9686695337295532,-0.014528769068419933,-0.007088355720043182,0.9809728264808655,-0.01763363927602768,0.053400661796331406,0.9068070650100708,-0.005542830564081669,0.017488107085227966,0.9284080266952515,-0.010490156710147858,0.004406966269016266,0.9439984560012817,-0.011683597229421139,-0.0046821050345897675,0.9549909234046936,-0.011369789950549603,0.04938847944140434,0.8805761337280273,-0.008432662114501,0.018367988988757133,0.8989012837409973,-0.011318320408463478,0.00769621878862381,0.9125146865844727,-0.009037255309522152,0.0028405338525772095,0.9208315014839172,-0.006227647420018911
0.2763432264328003,0.8351840972900391,-3.3606357874305104e-07,0.2974051833152771,0.7914753556251526,-0.00021743947581853718,0.3208058774471283,0.7552868723869324,-0.006095243152230978,0.338396817445755,0.7321485280990601,-0.014507089741528034,0.3482300937175751,0.7163794040679932,-0.022297115996479988,0.33391615748405457,0.7503145933151245,-0.011394658125936985,0.35113725066185,0.7148938775062561,-0.029950197786092758,0.3432275354862213,0.7009161710739136,-0.041701484471559525,0.33126747608184814,0.6938800811767578,-0.04766426980495453,0.3304291069507599,0.7715492844581604,-0.018894856795668602,0.331105500459671,0.7509886026382446,-0.03722866252064705,0.31252485513687134,0.7650393843650818,-0.040295448154211044,0.302245169878006,0.7815903425216675,-0.04031381756067276,0.3234214782714844,0.798008918762207,-0.02743610553443432,0.32993289828300476,0.7791443467140198,-0.04391865059733391,0.3140648305416107,0.7887535691261292,-0.038335222750902176,0.3032531440258026,0.8007494211196899,-0.031819187104701996,0.3150590658187866,0.8265147805213928,-0.03620421886444092,0.3261967897415161,0.817499577999115,-0.046535149216651917,0.3192313313484192,0.8154034614562988,-0.04240235313773155,0.31293627619743347,0.8168399333953857,-0.03734973445534706
0.2675815224647522,0.8459130525588989,2.1073377709512897e-08,0.29395005106925964,0.8310315012931824,-0.0002702597121242434,0.3112061321735382,0.8119934797286987,-0.005413951817899942,0.32578593492507935,0.8027092814445496,-0.012850401923060417,0.3360830843448639,0.8056690692901611,-0.018786020576953888,0.3102280795574188,0.7472346425056458,-0.0009185773669742048,0.3369075059890747,0.734300971031189,-0.011801057495176792,0.3461918234825134,0.7606067657470703,-0.020721416920423508,0.3455483913421631,0.7797598838806152,-0.025979427620768547,0.30529019236564636,0.752059817314148,-0.006603891495615244,0.33492380380630493,0.7442082166671753,-0.016608385369181633,0.3429532051086426,0.7721431851387024,-0.02240302599966526,0.3401799201965332,0.7916434407234192,-0.025544090196490288,0.3016025722026825,0.766191303730011,-0.013291043229401112,0.3283596336841583,0.7605045437812805,-0.021808002144098282,0.3387207090854645,0.7835229635238647,-0.023092152550816536,0.3388170301914215,0.8008069396018982,-0.02283172309398651,0.2975709140300751,0.7867646813392639,-0.020198287442326546,0.31982421875,0.7913612723350525,-0.025172099471092224,0.33258023858070374,0.8055900931358337,-0.024643976241350174,0.33692049980163574,0.8172338604927063,-0.02341386117041111
0.282197505235672,0.8474692106246948,-8.585029576124725e-08,0.29249122738838196,0.8192864656448364,-0.0013318884884938598,0.3058665096759796,0.7961750626564026,-0.00680758198723197,0.3224885165691376,0.7891209721565247,-0.013755129650235176,0.33767351508140564,0.7963168621063232,-0.019552454352378845,0.3194747269153595,0.7423982620239258,-0.003194225486367941,0.3370498716831207,0.7528412342071533,-0.01260668970644474,0.3407973051071167,0.7769194841384888,-0.02074008248746395,0.33770206570625305,0.7918944358825684,-0.02586248330771923,0.3182516098022461,0.7540580630302429,-0.008031432516872883,0.3367036283016205,0.7678654789924622,-0.01394145842641592,0.3396163880825043,0.7902566194534302,-0.017836064100265503,0.33626866340637207,0.8036346435546875,-0.020771224051713943,0.31646203994750977,0.7735575437545776,-0.013599991798400879,0.33372148871421814,0.7883692979812622,-0.019368337467312813,0.33797207474708557,0.8061166405677795,-0.019607078284025192,0.33579978346824646,0.815742015838623,-0.019403288140892982,0.31375643610954285,0.7977477312088013,-0.019495626911520958,0.3302052617073059,0.8105058670043945,-0.020855598151683807,0.33490729331970215,0.8213217854499817,-0.01757664605975151,0.3345968723297119,0.8266583681106567,-0.01486935093998909
0.2871203124523163,0.8337117433547974,-2.2230172191939346e-07,0.30423808097839355,0.8134767413139343,-0.006478044670075178,0.31637832522392273,0.7932586669921875,-0.015411718748509884,0.32752037048339844,0.7849937677383423,-0.02554171346127987,0.3321591913700104,0.7909150123596191,-0.03471946716308594,0.3254956603050232,0.7287596464157104,-0.010349612683057785,0.35170072317123413,0.7244287133216858,-0.024185944348573685,0.35649335384368896,0.75412917137146,-0.03477470204234123,0.34947723150253296,0.7735157608985901,-0.04106249660253525,0.31765154004096985,0.7400998473167419,-0.014544902369379997,0.34578704833984375,0.7436355948448181,-0.02330068312585354,0.34943220019340515,0.7722696661949158,-0.027031203731894493,0.34220027923583984,0.7853496670722961,-0.030010584741830826,0.3103167414665222,0.7588040828704834,-0.020144818350672722,0.3370520770549774,0.767784833908081,-0.027225162833929062,0.3419737219810486,0.7884673476219177,-0.026300830766558647,0.3350772559642792,0.7971602082252502,-0.025656137615442276,0.3043611943721771,0.7817854285240173,-0.026735354214906693,0.3294203579425812,0.7938404083251953,-0.028272217139601707,0.33433327078819275,0.807313859462738,-0.024067804217338562,0.3296487629413605,0.8137140274047852,-0.021113114431500435
0.24834804236888885,0.7955275177955627,2.0625297736387438e-07,0.23535838723182678,0.8200733065605164,-0.04099278897047043,0.22895149886608124,0.8281007409095764,-0.07100111246109009,0.25240829586982727,0.8277474641799927,-0.09602919965982437,0.280906081199646,0.8206900954246521,-0.12166773527860641,0.21140797436237335,0.7462388873100281,-0.061510875821113586,0.23815546929836273,0.7287377119064331,-0.092594675719738,0.2670131325721741,0.7265451550483704,-0.11635000258684158,0.2951817810535431,0.7286914587020874,-0.13143390417099,0.23306483030319214,0.7225483059883118,-0.054732564836740494,0.26173585653305054,0.7043949365615845,-0.08512769639492035,0.2924642264842987,0.702778160572052,-0.1063569039106369,0.3205486238002777,0.7117030024528503,-0.11971466988325119,0.25506311655044556,0.7091749906539917,-0.05011757090687752,0.28253039717674255,0.6915217638015747,-0.07939697057008743,0.31049153208732605,0.6905052661895752,-0.09483284503221512,0.33440113067626953,0.700849175453186,-0.10181275755167007,0.27659761905670166,0.7068666219711304,-0.04812508076429367,0.30216091871261597,0.686994731426239,-0.07074061781167984,0.3262169063091278,0.6860929727554321,-0.0795900970697403,0.3467511534690857,0.6946747303009033,-0.08369888365268707
0.23608922958374023,0.8419755697250366,1.7570908994457568e-07,0.26321661472320557,0.8162050843238831,-0.010862357914447784,0.28637832403182983,0.774895966053009,-0.02098056674003601,0.3039129078388214,0.7418662309646606,-0.031329914927482605,0.32466429471969604,0.7208618521690369,-0.04224586486816406,0.26681002974510193,0.7257899045944214,-0.020710544660687447,0.2882022261619568,0.6924927830696106,-0.04069770127534866,0.31397074460983276,0.6853101253509521,-0.05527136102318764,0.33775579929351807,0.6866269111633301,-0.06259232759475708,0.24907717108726501,0.7267810702323914,-0.024963321164250374,0.2743930518627167,0.6942608952522278,-0.04687110334634781,0.30203306674957275,0.6888687014579773,-0.060060515999794006,0.3239240050315857,0.6926554441452026,-0.06618720293045044,0.2304222136735916,0.7365369200706482,-0.03055906854569912,0.25188887119293213,0.703869104385376,-0.04928811639547348,0.27705052495002747,0.6943782567977905,-0.05837693810462952,0.29666629433631897,0.6946208477020264,-0.06102347746491432,0.20995453000068665,0.7531765699386597,-0.03681100904941559,0.20640429854393005,0.7172067165374756,-0.046548031270504,0.21115106344223022,0.6908308267593384,-0.0503365658223629,0.22034183144569397,0.6741805672645569,-0.051750846207141876
0.23627561330795288,0.8558744192123413,2.9043724225630285e-07,0.267905592918396,0.838097333908081,-0.009691599756479263,0.28966253995895386,0.8019874095916748,-0.015739060938358307,0.29940328001976013,0.7703522443771362,-0.021354855969548225,0.3095415234565735,0.7463322281837463,-0.02694656141102314,0.264414519071579,0.7459532022476196,-0.014398033730685711,0.28823089599609375,0.7136227488517761,-0.030907703563570976,0.3086458742618561,0.7128905653953552,-0.04259718582034111,0.3266929090023041,0.7214212417602539,-0.04882030189037323,0.24458692967891693,0.7347528338432312,-0.017504239454865456,0.2649899125099182,0.6895259618759155,-0.03040197491645813,0.2879597544670105,0.6707935929298401,-0.038674093782901764,0.31022757291793823,0.6624267101287842,-0.04368334636092186,0.22116458415985107,0.7374853491783142,-0.022688260301947594,0.2278311550617218,0.6860178112983704,-0.036070317029953,0.2437295764684677,0.6562764644622803,-0.045687463134527206,0.2612695097923279,0.6352569460868835,-0.05180720239877701,0.19734413921833038,0.7528485655784607,-0.028318163007497787,0.18838396668434143,0.7133689522743225,-0.03990057483315468,0.18848517537117004,0.684848964214325,-0.04616743326187134,0.19263999164104462,0.6612369418144226,-0.05025438591837883
0.21504616737365723,0.8766826391220093,3.718619723258598e-07,0.24505670368671417,0.8441119194030762,-0.011432938277721405,0.2591574788093567,0.8005272746086121,-0.016502272337675095,0.25941869616508484,0.7641971707344055,-0.02088250033557415,0.26063984632492065,0.737055778503418,-0.02473628520965576,0.22904494404792786,0.7583778500556946,-0.00894528441131115,0.24534577131271362,0.7190611362457275,-0.022716015577316284,0.26544681191444397,0.7093468904495239,-0.03383052721619606,0.2845003008842468,0.7071396112442017,-0.04042522609233856,0.20577651262283325,0.7523934245109558,-0.011564848013222218,0.21345330774784088,0.6984197497367859,-0.023058362305164337,0.23026329278945923,0.6689876317977905,-0.032327231019735336,0.24742281436920166,0.6468902826309204,-0.03832368552684784,0.18202462792396545,0.758362352848053,-0.016814690083265305,0.17681056261062622,0.7018063068389893,-0.03029869683086872,0.18304944038391113,0.6646478772163391,-0.042081765830516815,0.19195613265037537,0.6365690231323242,-0.049274247139692307,0.1606157422065735,0.7770065069198608,-0.02270662412047386,0.14482809603214264,0.7358949184417725,-0.033868707716464996,0.13594204187393188,0.7072455883026123,-0.040899571031332016,0.13079804182052612,0.6810799837112427,-0.0455649234354496
0.20933079719543457,0.884190559387207,2.6226652494187874e-07,0.23935222625732422,0.8474686145782471,-0.006861419416964054,0.24960744380950928,0.8023724555969238,-0.009746366180479527,0.24914056062698364,0.7662190198898315,-0.01337416097521782,0.25493359565734863,0.7383756637573242,-0.01692192442715168,0.2188839465379715,0.7644622325897217,-0.0024138877633959055,0.2343854308128357,0.7257943153381348,-0.015532837249338627,0.25426727533340454,0.7140651345252991,-0.026764318346977234,0.2722148895263672,0.7101783752441406,-0.03319937363266945,0.19648975133895874,0.7576119899749756,-0.006397738587111235,0.20388494431972504,0.7049877643585205,-0.016035286709666252,0.219756618142128,0.6750971078872681,-0.023505548015236855,0.2356809377670288,0.6530666351318359,-0.02853076532483101,0.17304672300815582,0.7631862759590149,-0.013009784743189812,0.16664952039718628,0.7082552313804626,-0.02450423315167427,0.1735415905714035,0.6727705597877502,-0.033242367208004,0.18429261445999146,0.6456937789916992,-0.03858013078570366,0.15054325759410858,0.7805541157722473,-0.02020404301583767,0.1295146644115448,0.7415037751197815,-0.029420197010040283,0.11966358870267868,0.7105535268783569,-0.03422911465167999,0.115106500685215,0.6832131147384644,-0.03757518157362938
0.19119945168495178,0.9072659015655518,2.528616391828109e-07,0.222885400056839,0.8695497512817383,-0.0070947627536952496,0.2315574288368225,0.8218742609024048,-0.008865873329341412,0.22820395231246948,0.7841232419013977,-0.011452323757112026,0.23090475797653198,0.756420373916626,-0.013919494114816189,0.2022828310728073,0.7879140377044678,0.001139998552389443,0.21701867878437042,0.7486209273338318,-0.011231105774641037,0.2352454662322998,0.7338922619819641,-0.02265704795718193,0.25250115990638733,0.7272785902023315,-0.029313717037439346,0.1774473488330841,0.7836866974830627,-0.002896089805290103,0.18056723475456238,0.7289749383926392,-0.011503607034683228,0.1926206350326538,0.6980658769607544,-0.018929695710539818,0.20607885718345642,0.6746864318847656,-0.023854367434978485,0.15233591198921204,0.7907205820083618,-0.0098234498873353,0.14302419126033783,0.736293613910675,-0.020856590941548347,0.14736402034759521,0.7004779577255249,-0.028976116329431534,0.15555107593536377,0.672179102897644,-0.03370867297053337,0.12838979065418243,0.8093689680099487,-0.01744943857192993,0.10735007375478745,0.7699808478355408,-0.026194531470537186,0.09794169664382935,0.7405004501342773,-0.029950035735964775,0.09360788017511368,0.7134772539138794,-0.03246251493692398
0.18815205991268158,0.9096919894218445,2.972089987451909e-07,0.21803194284439087,0.8686583042144775,-0.005987345241010189,0.22734656929969788,0.821894109249115,-0.008277271874248981,0.22450034320354462,0.7856714129447937,-0.011676508001983166,0.22276045382022858,0.762359619140625,-0.014931678771972656,0.19171105325222015,0.7916967272758484,-0.000272407807642594,0.2083718627691269,0.7495108246803284,-0.014833115041255951,0.2294079065322876,0.7361363172531128,-0.027264202013611794,0.24877148866653442,0.7337151765823364,-0.03381019085645676,0.16954249143600464,0.7863264679908752,-0.004338366445153952,0.17387311160564423,0.7313817143440247,-0.013786240480840206,0.18719041347503662,0.6990950107574463,-0.02122359350323677,0.20137515664100647,0.676092803478241,-0.026014765724539757,0.1466095745563507,0.7929834127426147,-0.011155935935676098,0.13568423688411713,0.7401065826416016,-0.021840494126081467,0.13996079564094543,0.704705536365509,-0.029329944401979446,0.14891186356544495,0.6772569417953491,-0.03371912240982056,0.12480391561985016,0.8107549548149109,-0.018642153590917587,0.10200776159763336,0.7751789689064026,-0.026358982548117638,0.09242080897092819,0.7470293641090393,-0.029255462810397148,0.08898311853408813,0.7211896181106567,-0.03119088150560856
0.185392364859581,0.9119626879692078,2.889727568344824e-07,0.21361349523067474,0.8699003458023071,-0.005994801875203848,0.221657395362854,0.8238133192062378,-0.008087622933089733,0.21931257843971252,0.7860962748527527,-0.011556961573660374,0.22376979887485504,0.7567622065544128,-0.014741241931915283,0.187402606010437,0.7938919067382812,0.004105946980416775,0.20049285888671875,0.7535038590431213,-0.008714771829545498,0.21936915814876556,0.7410266399383545,-0.02044106088578701,0.23630113899707794,0.7375694513320923,-0.02674867957830429,0.16475926339626312,0.7897512316703796,0.00045015430077910423,0.16798217594623566,0.7361785173416138,-0.007652027532458305,0.18076014518737793,0.7038581967353821,-0.015089107677340508,0.19453908503055573,0.6798300743103027,-0.020054388791322708,0.1412782073020935,0.7972562313079834,-0.006230861414223909,0.13016745448112488,0.7456847429275513,-0.016135143116116524,0.1339813470840454,0.710529088973999,-0.023634981364011765,0.14254076778888702,0.6829794645309448,-0.027974925935268402,0.11849655210971832,0.8155345320701599,-0.013625985942780972,0.09592237323522568,0.7799665331840515,-0.020707326009869576,0.08600320667028427,0.7519636750221252,-0.02341368794441223,0.08211711049079895,0.7259364128112793,-0.025152187794446945
0.16887648403644562,0.921596348285675,2.88022420136258e-07,0.19542747735977173,0.8791524767875671,-0.004971794318407774,0.2003517895936966,0.8325054049491882,-0.006400922778993845,0.19529762864112854,0.796133816242218,-0.009373734705150127,0.19921140372753143,0.7692170143127441,-0.01224314421415329,0.16696421802043915,0.8052612543106079,0.0033436790108680725,0.17843809723854065,0.7629576921463013,-0.009078889153897762,0.1994057595729828,0.7496512532234192,-0.020492402836680412,0.21938052773475647,0.746065080165863,-0.02689208835363388,0.14320658147335052,0.8050575852394104,-0.0013251742348074913,0.14301159977912903,0.7537615299224854,-0.009628554806113243,0.15576694905757904,0.7229224443435669,-0.016950145363807678,0.16929829120635986,0.7003930807113647,-0.022053051739931107,0.11951147764921188,0.8156585693359375,-0.008870948106050491,0.10655525326728821,0.7651207447052002,-0.019486630335450172,0.10996218025684357,0.7310487627983093,-0.026725098490715027,0.11703763902187347,0.7049912214279175,-0.031037626788020134,0.09762342274188995,0.8360947370529175,-0.017014622688293457,0.0743837058544159,0.8007616996765137,-0.02480950765311718,0.06385503709316254,0.7739161252975464,-0.027744773775339127,0.058658525347709656,0.7491375207901001,-0.029836855828762054
0.16064102947711945,0.9278014302253723,2.658009918832249e-07,0.1888328194618225,0.8868271708488464,-0.004697148688137531,0.19694888591766357,0.8418580889701843,-0.005284656770527363,0.19181415438652039,0.8079683184623718,-0.007459148298949003,0.18777014315128326,0.782282829284668,-0.009064931422472,0.1565624177455902,0.8131431937217712,0.008427863009274006,0.15863670408725739,0.7718575596809387,-0.0014944188296794891,0.17257128655910492,0.7581166625022888,-0.011190040968358517,0.18617364764213562,0.7536511421203613,-0.016476210206747055,0.13425526022911072,0.8114339709281921,0.0044991206377744675,0.13474440574645996,0.7597489356994629,-0.001920134760439396,0.14623099565505981,0.7280575037002563,-0.009161336347460747,0.15885695815086365,0.703687846660614,-0.014139683917164803,0.11161039769649506,0.8207297325134277,-0.0025267372839152813,0.09942705184221268,0.77192622423172,-0.011286009103059769,0.10152386873960495,0.7377742528915405,-0.019595202058553696,0.10868996381759644,0.7100886702537537,-0.02472846582531929,0.08950897306203842,0.839726448059082,-0.01020578108727932,0.06591944396495819,0.805882453918457,-0.016472598537802696,0.05491868406534195,0.7788223028182983,-0.020232781767845154,0.050485774874687195,0.7531200647354126,-0.023062681779265404
0.15670813620090485,0.9344813227653503,2.6971491706717643e-07,0.18331077694892883,0.8934904336929321,-0.005328921601176262,0.19026851654052734,0.8459509611129761,-0.006122036371380091,0.1849103718996048,0.8117141127586365,-0.008171558380126953,0.1824183464050293,0.785743236541748,-0.009624333120882511,0.14975853264331818,0.8209699392318726,0.0053758262656629086,0.15298280119895935,0.778344452381134,-0.005065103527158499,0.1674293875694275,0.7627055048942566,-0.014388694427907467,0.18107742071151733,0.756473183631897,-0.01920720562338829,0.12706923484802246,0.8202424049377441,0.0019050491973757744,0.12649957835674286,0.7683092355728149,-0.005048931110650301,0.13817664980888367,0.7361551523208618,-0.011464904062449932,0.15092147886753082,0.7112270593643188,-0.015612493269145489,0.1046251580119133,0.8299704194068909,-0.0044845230877399445,0.09170764684677124,0.7807759642601013,-0.013328942470252514,0.0945184975862503,0.746760904788971,-0.02064337022602558,0.10242940485477448,0.7194250226020813,-0.024911023676395416,0.08338520675897598,0.8491097688674927,-0.011599927209317684,0.05971647799015045,0.8152814507484436,-0.017582420259714127,0.049795642495155334,0.7878150939941406,-0.02078576758503914,0.046553224325180054,0.7618391513824463,-0.023112067952752113
0.14911925792694092,0.9387084245681763,2.747183032170142e-07,0.17668873071670532,0.8995620608329773,-0.007954432629048824,0.1857675164937973,0.8555237054824829,-0.01094785425812006,0.18233443796634674,0.8212022185325623,-0.014871781691908836,0.17926865816116333,0.7935929298400879,-0.01814800687134266,0.1444205343723297,0.8272214531898499,0.0009162015048786998,0.15107734501361847,0.7850578427314758,-0.011707634665071964,0.16699378192424774,0.770810067653656,-0.022401578724384308,0.18177439272403717,0.7652977705001831,-0.027984071522951126,0.12089722603559494,0.82623291015625,-0.001863481942564249,0.12040120363235474,0.7749998569488525,-0.010435940697789192,0.1314689815044403,0.7438236474990845,-0.017545681446790695,0.1439814567565918,0.7192803621292114,-0.022150801494717598,0.09814737737178802,0.8369009494781494,-0.00762022053822875,0.08418324589729309,0.7891790270805359,-0.01767125353217125,0.08557143807411194,0.7566891312599182,-0.024913782253861427,0.09269848465919495,0.729704737663269,-0.02903750352561474,0.07705865800380707,0.8574285507202148,-0.014319395646452904,0.05365802347660065,0.8251168727874756,-0.02109510451555252,0.04294712096452713,0.7988578677177429,-0.024126341566443443,0.03920864313840866,0.7731785178184509,-0.02618742361664772
0.11986285448074341,0.9806445240974426,5.970311178771226e-08,0.1420191079378128,0.924594521522522,-0.0010961707448586822,0.14240428805351257,0.8711866140365601,0.001110703800804913,0.13337846100330353,0.8322393298149109,-0.0010110902367159724,0.1314321607351303,0.800171434879303,-0.0025432826951146126,0.0958271324634552,0.8487275242805481,0.02345730923116207,0.10497864335775375,0.80771404504776,0.013700936920940876,0.1226906031370163,0.792306125164032,0.001293690293096006,0.13797587156295776,0.7845022678375244,-0.005994449369609356,0.0694088563323021,0.8505508899688721,0.01596601866185665,0.0668862909078598,0.7998289465904236,0.010010786354541779,0.0760548859834671,0.7667802572250366,0.0008179785218089819,0.08793926239013672,0.7396154403686523,-0.005790499038994312,0.043273549526929855,0.8629851937294006,0.004357517696917057,0.02484568953514099,0.8136439323425293,-0.004226059187203646,0.025215329602360725,0.7805832624435425,-0.012061109766364098,0.03129972517490387,0.752518892288208,-0.01661309227347374,0.017540965229272842,0.8871189951896667,-0.008386996574699879,-0.013493750244379044,0.8530070781707764,-0.012904823757708073,-0.026912659406661987,0.826485812664032,-0.014136758632957935,-0.03243843466043472,0.8012803196907043,-0.015333221293985844
0.120582215487957,0.968527615070343,3.271152309025638e-07,0.1446322649717331,0.9201056957244873,-0.007003200240433216,0.1451711505651474,0.8663221001625061,-0.006061053369194269,0.13663116097450256,0.8316082954406738,-0.006348465569317341,0.13511069118976593,0.8008367419242859,-0.0063688186928629875,0.10523916780948639,0.8478811979293823,0.010482522659003735,0.11110569536685944,0.8070541024208069,0.0018851440399885178,0.12725874781608582,0.787667453289032,-0.007619776297360659,0.1430518627166748,0.7735824584960938,-0.013752427883446217,0.08339551091194153,0.8503243327140808,0.006683709099888802,0.0830758810043335,0.8026258945465088,0.0002229726524092257,0.09226047992706299,0.7696745991706848,-0.008964704349637032,0.10243825614452362,0.7410626411437988,-0.015755943953990936,0.060876667499542236,0.8624204397201538,-0.0005464686546474695,0.052873045206069946,0.8133351802825928,-0.010324601083993912,0.05892239511013031,0.7757315635681152,-0.01961340941488743,0.06701527535915375,0.7450879812240601,-0.025451498106122017,0.037783198058605194,0.8829374313354492,-0.00873336661607027,0.018119290471076965,0.8438732028007507,-0.016485819593071938,0.011902391910552979,0.8129121661186218,-0.021332168951630592,0.011213026940822601,0.7853922247886658,-0.024905135855078697
0.10571641474962234,0.9743056297302246,3.1749144113746297e-07,0.12260833382606506,0.9258313775062561,-0.008127137087285519,0.1200169026851654,0.87392657995224,-0.008573798462748528,0.11019943654537201,0.8413025140762329,-0.010099153034389019,0.10209185630083084,0.8143965601921082,-0.011019594967365265,0.07661677896976471,0.858425498008728,0.007578921038657427,0.07975812256336212,0.8114103674888611,-0.004654944408684969,0.09655086696147919,0.7908380627632141,-0.016745787113904953,0.11428871750831604,0.7779238224029541,-0.023335536941885948,0.0568707212805748,0.8626914620399475,0.004233622457832098,0.05597756803035736,0.8134148120880127,-0.0040156226605176926,0.06512336432933807,0.7796379923820496,-0.013354661874473095,0.07665860652923584,0.7490067481994629,-0.0198668260127306,0.0369463749229908,0.8748074173927307,-0.0028388057835400105,0.030815914273262024,0.8219631314277649,-0.01268603652715683,0.03700161725282669,0.7816973924636841,-0.020589984953403473,0.04720966890454292,0.7482203841209412,-0.02517026476562023,0.016247503459453583,0.8949072957038879,-0.011302170343697071,-0.001969963312149048,0.849021315574646,-0.01836608350276947,-0.007143624126911163,0.8109663128852844,-0.021981995552778244,-0.004330910742282867,0.777944028377533,-0.024367088451981544
0.09129000455141068,1.0023159980773926,3.422504946115623e-08,0.10163265466690063,0.9475391507148743,-0.01409102138131857,0.09176799654960632,0.8871678709983826,-0.021887585520744324,0.07864044606685638,0.8488436937332153,-0.03128797560930252,0.06726033240556717,0.8277909159660339,-0.040749285370111465,0.022873714566230774,0.8911439180374146,-0.006789612118154764,0.013494746759533882,0.8348710536956787,-0.027310006320476532,0.029433075338602066,0.7961477041244507,-0.04512947425246239,0.04504329338669777,0.7700356245040894,-0.05552893131971359,0.0005944613367319107,0.9052971601486206,-0.011200681328773499,-0.021364446729421616,0.8420582413673401,-0.03190671280026436,-0.0006668642163276672,0.8049212098121643,-0.04704773426055908,0.023562554270029068,0.7839803695678711,-0.05433054268360138,-0.015874752774834633,0.9249549508094788,-0.018649689853191376,-0.04042463004589081,0.8663485646247864,-0.037849895656108856,-0.02323264256119728,0.8312475085258484,-0.045831527560949326,-0.0029119113460183144,0.8122897744178772,-0.047309473156929016,-0.02557414583861828,0.9517517685890198,-0.027767149731516838,-0.04880442097783089,0.9091302156448364,-0.040470194071531296,-0.04092035070061684,0.8794910907745361,-0.04175662621855736,-0.026229700073599815,0.8623660206794739,-0.040076229721307755
0.09171562641859055,0.9820205569267273,3.223558735498955e-07,0.10097396373748779,0.9407983422279358,-0.010380420833826065,0.09278436005115509,0.8909608125686646,-0.01250526960939169,0.08159531652927399,0.8591647148132324,-0.015584112145006657,0.07449886202812195,0.8360572457313538,-0.01795123890042305,0.04914829879999161,0.8776370286941528,0.0034642668906599283,0.04997734725475311,0.8271782398223877,-0.011314138770103455,0.06778044253587723,0.8026151061058044,-0.025523977354168892,0.08685184270143509,0.7858871221542358,-0.03365141153335571,0.03304797410964966,0.8818829655647278,0.0005624869372695684,0.024286333471536636,0.8295939564704895,-0.011468632146716118,0.03115816041827202,0.7920600771903992,-0.023573266342282295,0.04199936240911484,0.7613388895988464,-0.031224921345710754,0.018905945122241974,0.894466757774353,-0.005827181972563267,0.007178600877523422,0.841588020324707,-0.01904330588877201,0.012053348124027252,0.8041678667068481,-0.028442680835723877,0.021436281502246857,0.7756134271621704,-0.03311922773718834,0.006599482148885727,0.9147694706916809,-0.013559709303081036,-0.007853887975215912,0.8761594891548157,-0.024008387699723244,-0.010634936392307281,0.8453799486160278,-0.02840552292764187,-0.0066441744565963745,0.8216289281845093,-0.03038741461932659
0.11861313879489899,0.5460257530212402,4.727849400865125e-08,0.1392858624458313,0.6139993667602539,0.005660927854478359,0.13165149092674255,0.6851573586463928,0.004913854878395796,0.11151210963726044,0.732455313205719,0.0009524302440695465,0.09036985039710999,0.759300708770752,-0.0024170929100364447,0.12902259826660156,0.7127777934074402,-0.0021864597219973803,0.10744483768939972,0.7820932269096375,-0.01121089980006218,0.09830988943576813,0.8276960849761963,-0.01656157523393631,0.09459828585386276,0.8616824150085449,-0.019351191818714142,0.10214874148368835,0.7023088335990906,-0.012237047776579857,0.08035996556282043,0.7701724767684937,-0.02039056085050106,0.07301338016986847,0.8058193325996399,-0.024923931807279587,0.07113398611545563,0.8281733989715576,-0.027492724359035492,0.07414472103118896,0.6799311637878418,-0.021551383659243584,0.04253755509853363,0.7308074831962585,-0.0305259320884943,0.04338034987449646,0.7182610034942627,-0.027737567201256752,0.052681777626276016,0.696764349937439,-0.023105734959244728,0.04779979586601257,0.6521256566047668,-0.030458087101578712,0.020752862095832825,0.698009729385376,-0.0334969200193882,0.023021750152111053,0.6908896565437317,-0.02600671350955963,0.032305482774972916,0.6714814305305481,-0.01856006681919098
0.4769434928894043,0.5773770809173584,1.3076508764697792e-07,0.5130141973495483,0.5904891490936279,0.00928089302033186,0.5486440062522888,0.5871899724006653,0.008449602872133255,0.5738427639007568,0.5783969759941101,0.005163799971342087,0.5868462324142456,0.5642733573913574,8.824180986266583e-05,0.565122127532959,0.5922180414199829,-0.008033319376409054,0.6073043346405029,0.582788348197937,-0.01805415377020836,0.633471667766571,0.5802744626998901,-0.024081284180283546,0.6539731621742249,0.5800496935844421,-0.027922431007027626,0.561669647693634,0.5771636366844177,-0.01941828429698944,0.6100054979324341,0.5542572736740112,-0.02904868684709072,0.6399796605110168,0.5409243702888489,-0.035118766129016876,0.6637849807739258,0.5302304029464722,-0.03970189765095711,0.5522826313972473,0.5562934875488281,-0.02979632094502449,0.5998044610023499,0.527214527130127,-0.04033301770687103,0.6295207738876343,0.5096341967582703,-0.04888775199651718,0.6541177034378052,0.49692192673683167,-0.05490598455071449,0.5391860008239746,0.5321840047836304,-0.03845620155334473,0.5692965984344482,0.49991297721862793,-0.049466390162706375,0.5886436700820923,0.4801325500011444,-0.055723100900650024,0.6065261363983154,0.46462127566337585,-0.060041237622499466
0.4729573130607605,0.5702621936798096,1.4369295797678205e-07,0.509148120880127,0.5797060132026672,0.008509757928550243,0.5450568199157715,0.5702140927314758,0.00693304929882288,0.5719595551490784,0.5542269349098206,0.0030220875050872564,0.586638331413269,0.5338512659072876,-0.0024572648108005524,0.5593942999839783,0.5798248648643494,-0.010722309350967407,0.6030358672142029,0.5753470659255981,-0.022483978420495987,0.6309406757354736,0.5736867785453796,-0.030008990317583084,0.6539763808250427,0.5725444555282593,-0.03482966870069504,0.557393491268158,0.5675950646400452,-0.02179412916302681,0.6080142855644226,0.5466285943984985,-0.03161061927676201,0.6388572454452515,0.530064046382904,-0.037648677825927734,0.6616386771202087,0.5147080421447754,-0.04232427477836609,0.5496267080307007,0.5484074950218201,-0.031655654311180115,0.5970449447631836,0.5159886479377747,-0.042249638587236404,0.6255074143409729,0.49227556586265564,-0.05005912110209465,0.645667314529419,0.4730275571346283,-0.055356334894895554,0.536810576915741,0.5242354869842529,-0.039910826832056046,0.5696985721588135,0.4893937408924103,-0.05028138682246208,0.5882336497306824,0.46658727526664734,-0.05540476366877556,0.6025684475898743,0.4476650655269623,-0.058677829802036285
0.4657847285270691,0.567935585975647,8.808980567209801e-08,0.5041450262069702,0.5746774077415466,0.004545525182038546,0.54030841588974,0.5646150708198547,0.0015341418329626322,0.56868976354599,0.5472136735916138,-0.003363750409334898,0.5860275626182556,0.5263391733169556,-0.009655384346842766,0.5519997477531433,0.5762283802032471,-0.012895625084638596,0.595792293548584,0.5707813501358032,-0.025661466643214226,0.623670756816864,0.5676466226577759,-0.034308698028326035,0.6471565961837769,0.5650182962417603,-0.04012328013777733,0.5493741631507874,0.5636817812919617,-0.02184312790632248,0.5961454510688782,0.5339040756225586,-0.03280220553278923,0.6248334050178528,0.5108532309532166,-0.03947540372610092,0.6461209654808044,0.49071863293647766,-0.045070525258779526,0.5416480898857117,0.5454390645027161,-0.03006068244576454,0.5852636098861694,0.5107578039169312,-0.04099489375948906,0.610770583152771,0.4864696264266968,-0.047551676630973816,0.6283490061759949,0.46603965759277344,-0.05228380486369133,0.5293627977371216,0.5232915282249451,-0.03731989115476608,0.5598331093788147,0.48882076144218445,-0.04795168712735176,0.5780880451202393,0.4662506878376007,-0.05306247994303703,0.5919833183288574,0.4464937150478363,-0.056452736258506775
0.35813525319099426,0.5982664823532104,-1.9151823948959645e-07,0.3913596570491791,0.5640300512313843,0.0025087695103138685,0.43146058917045593,0.5408264994621277,0.005106095224618912,0.46001341938972473,0.5228550434112549,0.0029111760668456554,0.48040473461151123,0.5056602358818054,0.00020933094492647797,0.46500617265701294,0.5468779802322388,0.01499495655298233,0.49938246607780457,0.5086267590522766,0.005635764449834824,0.5153836011886597,0.4795130789279938,-0.0037718324456363916,0.524489164352417,0.45710763335227966,-0.00986535008996725,0.46091899275779724,0.5410051941871643,0.007571909110993147,0.47852644324302673,0.48375242948532104,-0.008032593876123428,0.4643857479095459,0.4526069760322571,-0.02059280499815941,0.44661223888397217,0.43304020166397095,-0.025850707665085793,0.45287322998046875,0.5377030968666077,-0.00132815632969141,0.4666585624217987,0.48049110174179077,-0.015347604639828205,0.4486023783683777,0.45629024505615234,-0.021460603922605515,0.42879122495651245,0.44360172748565674,-0.021961310878396034,0.44160252809524536,0.5377448797225952,-0.010587270371615887,0.4519764184951782,0.4966250956058502,-0.01931965909898281,0.44375038146972656,0.4723860025405884,-0.021576831117272377,0.4306912422180176,0.4562617540359497,-0.02067548781633377
0.33917760848999023,0.5697857141494751,-4.253776637597184e-07,0.3610990643501282,0.5236256122589111,0.006778917741030455,0.39018553495407104,0.486430823802948,0.0074370806105434895,0.4071563482284546,0.45355159044265747,0.005754332058131695,0.41448864340782166,0.42196714878082275,0.0019377891439944506,0.43584540486335754,0.49091556668281555,-0.0011421258095651865,0.44875094294548035,0.4177815020084381,-0.008744241669774055,0.44054070115089417,0.3756600618362427,-0.014864195138216019,0.42673400044441223,0.34843263030052185,-0.01771252602338791,0.4355373978614807,0.494846910238266,-0.007208698894828558,0.4279407560825348,0.4126882255077362,-0.010778279975056648,0.4071521461009979,0.3817301392555237,-0.015505284070968628,0.38898569345474243,0.3703949451446533,-0.020537905395030975,0.42609983682632446,0.4946300983428955,-0.012663940899074078,0.4177311360836029,0.41762226819992065,-0.014512632973492146,0.3972633183002472,0.39252907037734985,-0.01692228950560093,0.37898021936416626,0.38435426354408264,-0.020489145070314407,0.41051992774009705,0.4916204810142517,-0.017579061910510063,0.40208232402801514,0.4347226917743683,-0.019029874354600906,0.3880462348461151,0.4153434634208679,-0.018317660316824913,0.37348511815071106,0.4070718288421631,-0.017927587032318115
0.30415457487106323,0.4068731665611267,-3.343972423408559e-07,0.3098070025444031,0.3881950080394745,-0.004905519541352987,0.3164363205432892,0.3506395220756531,-0.008286106400191784,0.3097301721572876,0.31681323051452637,-0.011712489649653435,0.29774969816207886,0.2943703234195709,-0.016167711466550827,0.3545744717121124,0.338340699672699,-0.007959261536598206,0.32339736819267273,0.28754207491874695,-0.01861935667693615,0.2961893677711487,0.2729080021381378,-0.027599528431892395,0.27630242705345154,0.2748051583766937,-0.03224478289484978,0.34935715794563293,0.3274606466293335,-0.008868884295225143,0.31558650732040405,0.2811974883079529,-0.015688879415392876,0.2893720269203186,0.27027997374534607,-0.021436184644699097,0.26900267601013184,0.2715527415275574,-0.025536619126796722,0.3377564549446106,0.3185538947582245,-0.010244705714285374,0.3072182834148407,0.27600422501564026,-0.01655782386660576,0.2830713987350464,0.26720911264419556,-0.02040577307343483,0.26596829295158386,0.2683435380458832,-0.022902358323335648,0.32138070464134216,0.3132762014865875,-0.011834405362606049,0.298972487449646,0.28021863102912903,-0.017687685787677765,0.28094664216041565,0.2724858522415161,-0.01848139613866806,0.2675153315067291,0.271492063999176,-0.017866766080260277
0.2880851924419403,0.40271884202957153,-1.8139392921057151e-07,0.29753515124320984,0.38012683391571045,-0.00254002190195024,0.30303606390953064,0.3454332947731018,-0.005935763940215111,0.2961111068725586,0.31525054574012756,-0.010065545327961445,0.28621888160705566,0.29586318135261536,-0.014791449531912804,0.32819047570228577,0.32830873131752014,-0.0032842608634382486,0.3048153817653656,0.2868191599845886,-0.014500794932246208,0.28301802277565,0.26814958453178406,-0.024533646181225777,0.26597461104393005,0.26309341192245483,-0.029831580817699432,0.3194732964038849,0.32170751690864563,-0.005832272116094828,0.2988007366657257,0.2825082838535309,-0.01330289151519537,0.27842530608177185,0.2665657699108124,-0.02001982182264328,0.26001107692718506,0.2618030607700348,-0.024694552645087242,0.30640077590942383,0.3158953785896301,-0.009074300527572632,0.28930047154426575,0.2783927023410797,-0.01592864654958248,0.27080512046813965,0.26400265097618103,-0.020743872970342636,0.25581833720207214,0.2605516314506531,-0.023471178486943245,0.2896431088447571,0.3118857443332672,-0.012379457242786884,0.27697914838790894,0.2807183563709259,-0.01829739287495613,0.26305630803108215,0.2677048146724701,-0.020212756469845772,0.2510277032852173,0.26286211609840393,-0.020463837310671806
0.21744191646575928,0.35098958015441895,-3.5511835250190416e-08,0.22981686890125275,0.34512239694595337,-0.012612611055374146,0.23160871863365173,0.32966291904449463,-0.019082749262452126,0.22659017145633698,0.3157728314399719,-0.024394001811742783,0.21874426305294037,0.3045942485332489,-0.029190383851528168,0.2087962031364441,0.2934446632862091,-0.01170309167355299,0.19085025787353516,0.2760681211948395,-0.018833791837096214,0.17665927112102509,0.2686164975166321,-0.024880385026335716,0.1648009568452835,0.2653260827064514,-0.029343780130147934,0.19855667650699615,0.2880173325538635,-0.00982035230845213,0.17972725629806519,0.271533727645874,-0.016662197187542915,0.1655043512582779,0.26379549503326416,-0.022458551451563835,0.15282732248306274,0.26012125611305237,-0.026653191074728966,0.19153045117855072,0.2861804664134979,-0.00934657547622919,0.17215855419635773,0.2719709575176239,-0.015868937596678734,0.15925189852714539,0.2670362889766693,-0.020380821079015732,0.14740096032619476,0.2654356062412262,-0.023241544142365456,0.18653088808059692,0.28736862540245056,-0.010044289752840996,0.1696343570947647,0.2781129777431488,-0.016252223402261734,0.15798069536685944,0.27429699897766113,-0.019576633349061012,0.14823289215564728,0.27420300245285034,-0.021330956369638443
0.011923551559448242,0.43958020210266113,-2.565316776781401e-07,0.02448999136686325,0.37793007493019104,-0.003617602866142988,0.0515545979142189,0.338554710149765,-0.0062492587603628635,0.08194328844547272,0.33959466218948364,-0.00994729995727539,0.1001097708940506,0.35686999559402466,-0.012745131738483906,0.10950212925672531,0.3588418662548065,0.00012198702461319044,0.12993043661117554,0.34188610315322876,-0.006315901875495911,0.11756740510463715,0.34334462881088257,-0.01322950329631567,0.10446442663669586,0.3496449887752533,-0.01799113303422928,0.11625946313142776,0.39696770906448364,-0.0030957285780459642,0.1345328539609909,0.3827057182788849,-0.005897803697735071,0.1216672956943512,0.3804503083229065,-0.009270078502595425,0.10720045864582062,0.3815233111381531,-0.012238210067152977,0.11433202028274536,0.4322488307952881,-0.007231374271214008,0.12662556767463684,0.4208299219608307,-0.010628638789057732,0.11373631656169891,0.4174652397632599,-0.009671755135059357,0.09891977906227112,0.4165005087852478,-0.009105301462113857,0.1064591109752655,0.46537870168685913,-0.01195120345801115,0.11539224535226822,0.4562108516693115,-0.013575880788266659,0.10494013875722885,0.4502401053905487,-0.009407147765159607,0.09297182410955429,0.44749000668525696,-0.0056127035059034824
0.05929126590490341,0.5932688117027283,1.7479919733887073e-08,0.06362851709127426,0.5433482527732849,0.009450959973037243,0.0778970941901207,0.5046932101249695,0.007981527596712112,0.08657919615507126,0.4826703369617462,0.0027391049079596996,0.08539390563964844,0.47114720940589905,-0.0022536474280059338,0.0846533328294754,0.46069207787513733,0.001862943870946765,0.12313057482242584,0.43303152918815613,-0.006138288415968418,0.1481577605009079,0.42922350764274597,-0.011508186347782612,0.16079594194889069,0.4320582151412964,-0.014599693939089775,0.09188489615917206,0.4704288840293884,-0.008736994117498398,0.1313551962375641,0.45374155044555664,-0.013188536278903484,0.1453278362751007,0.46513912081718445,-0.014684231020510197,0.14484000205993652,0.4735705554485321,-0.01644493080675602,0.10027299076318741,0.4911591410636902,-0.019152816385030746,0.13255912065505981,0.48479732871055603,-0.021002214401960373,0.1411668360233307,0.49765709042549133,-0.019871436059474945,0.13752135634422302,0.5038990378379822,-0.020418092608451843,0.10926785320043564,0.5197487473487854,-0.029311111196875572,0.13108357787132263,0.5218393802642822,-0.02708074264228344,0.13521462678909302,0.5291057825088501,-0.023750651627779007,0.12928397953510284,0.5341487526893616,-0.022298727184534073
0.4888484477996826,0.7667142748832703,3.2541120020823655e-08,0.45402348041534424,0.6766875386238098,-0.01055170502513647,0.46498575806617737,0.5829592347145081,-0.014990915544331074,0.4988076686859131,0.5205875039100647,-0.017821045592427254,0.529909610748291,0.48601800203323364,-0.019408220425248146,0.5112619996070862,0.6115346550941467,-0.015121610835194588,0.5499457120895386,0.5463385581970215,-0.022932857275009155,0.55211341381073,0.516004741191864,-0.026904083788394928,0.548350989818573,0.5008917450904846,-0.028762532398104668,0.5429194569587708,0.6498045325279236,-0.01474993210285902,0.5783732533454895,0.5859363675117493,-0.02136325091123581,0.5679057836532593,0.5688294768333435,-0.024226181209087372,0.5552448630332947,0.5752334594726562,-0.025481639429926872,0.5710521340370178,0.6893184781074524,-0.014378467574715614,0.5989367961883545,0.6206220984458923,-0.01965918391942978,0.5790315270423889,0.6091575622558594,-0.014871148392558098,0.5609860420227051,0.6216217279434204,-0.01016817707568407,0.5954662561416626,0.7277169823646545,-0.014466042630374432,0.6089368462562561,0.6690290570259094,-0.017248699441552162,0.5895003080368042,0.6482064723968506,-0.011402222327888012,0.5702275037765503,0.6528428196907043,-0.0053380150347948074
0.07328687608242035,0.16608697175979614,-6.270791175211343e-08,0.11495725810527802,0.13370737433433533,-0.0055696843191981316,0.1389005184173584,0.08841738849878311,-0.0025078486651182175,0.13076548278331757,0.0480855293571949,-0.0010725652100518346,0.11173710227012634,0.03428078442811966,0.0010133996838703752,0.1170913577079773,0.05068732425570488,0.019968712702393532,0.11276308447122574,0.010472845286130905,0.015325119718909264,0.10728348791599274,0.022231191396713257,0.008405513130128384,0.10619897395372391,0.04017193615436554,0.00440197391435504,0.09341467171907425,0.053383294492959976,0.02041696570813656,0.09144771099090576,0.017869438976049423,0.010834427550435066,0.089146688580513,0.04276984930038452,0.00016383732145186514,0.08987291157245636,0.07153493165969849,-0.0032102237455546856,0.07387115061283112,0.06279942393302917,0.018663031980395317,0.07232999801635742,0.030490800738334656,0.00539598660543561,0.07339859753847122,0.05686383694410324,-0.0003798853140324354,0.07620587944984436,0.08464139699935913,0.0010911672143265605,0.05625634640455246,0.07766417413949966,0.01693112589418888,0.05698077380657196,0.05196321755647659,0.007628729101270437,0.05851791426539421,0.07044665515422821,0.007236955221742392,0.06200968474149704,0.0924636572599411,0.010774514637887478
0.1270502805709839,0.16520565748214722,-3.474131631264754e-07,0.11138365417718887,0.1080327183008194,-0.0011646636994555593,0.1195191815495491,0.05006568506360054,-0.0017028561560437083,0.13709408044815063,0.015198547393083572,-0.005952059291303158,0.1563199758529663,-0.0027767345309257507,-0.009937412105500698,0.1543063074350357,0.016232933849096298,0.01316923275589943,0.16668210923671722,-0.02864440530538559,-0.0005713264108635485,0.16207385063171387,-0.04261302947998047,-0.010488918982446194,0.15500612556934357,-0.04425467550754547,-0.014977305196225643,0.1750762164592743,0.034803085029125214,0.006659976672381163,0.17832839488983154,0.005374003201723099,-0.010422413237392902,0.15694154798984528,0.03412218019366264,-0.017164792865514755,0.14431126415729523,0.06344388425350189,-0.016329117119312286,0.1942073404788971,0.06159871816635132,-0.0022452769335359335,0.19160611927509308,0.03424505144357681,-0.018998607993125916,0.1686989665031433,0.06017410382628441,-0.01619049534201622,0.15663258731365204,0.08688974380493164,-0.008794943802058697,0.2102455347776413,0.09426754713058472,-0.011527923867106438,0.20633915066719055,0.06834696233272552,-0.019694633781909943,0.18619731068611145,0.08308164030313492,-0.013214078731834888,0.1757863163948059,0.10293494164943695,-0.005131051875650883
0.11456901580095291,0.15646836161613464,-2.4059579573076917e-07,0.09731368720531464,0.10941734164953232,-0.0028858166188001633,0.10475274175405502,0.052274689078330994,-0.002385887550190091,0.1235102117061615,0.014889515936374664,-0.0049478523433208466,0.1447342336177826,-0.004856042563915253,-0.00663742795586586,0.1369355320930481,0.023709122091531754,0.01505516842007637,0.15011796355247498,-0.0037470459938049316,0.003917205613106489,0.14288119971752167,0.0015986859798431396,-0.004576037172228098,0.13438479602336884,0.01250213012099266,-0.007650525774806738,0.15641038119792938,0.03858112171292305,0.010935531929135323,0.17160360515117645,0.015426106750965118,-0.0031553846783936024,0.1530383676290512,0.04068499431014061,-0.01002003438770771,0.13939747214317322,0.06464948505163193,-0.008418267592787743,0.1736016869544983,0.06075211614370346,0.004390592686831951,0.18695077300071716,0.04045121371746063,-0.010667952708899975,0.16643868386745453,0.06408564746379852,-0.010397200472652912,0.15312892198562622,0.08717714995145798,-0.0034936207812279463,0.18669086694717407,0.08872558921575546,-0.0022814429830759764,0.197158083319664,0.06859835982322693,-0.009627503342926502,0.1813332885503769,0.08273757249116898,-0.004637440200895071,0.1712261438369751,0.09834235906600952,0.0033852215856313705
0.6106411814689636,0.5878311395645142,1.0755987744914819e-07,0.6088367700576782,0.4485722780227661,-0.007920071482658386,0.6597373485565186,0.2905275225639343,-0.03700702637434006,0.7404847741127014,0.20041897892951965,-0.06915909051895142,0.8030266165733337,0.15713055431842804,-0.09640666097402573,0.609000563621521,0.18549907207489014,-0.059962548315525055,0.688090980052948,0.03797237575054169,-0.11114274710416794,0.7342540621757507,0.024262696504592896,-0.14043794572353363,0.7497389316558838,0.03547853231430054,-0.156236931681633,0.634126603603363,0.2516070604324341,-0.08548831194639206,0.7412253022193909,0.12366495281457901,-0.12803862988948822,0.7623909711837769,0.14778083562850952,-0.13737112283706665,0.7509475946426392,0.17961077392101288,-0.14318683743476868,0.6700358390808105,0.33799564838409424,-0.11107845604419708,0.7850295901298523,0.2456941157579422,-0.14272095263004303,0.7813153266906738,0.2880922555923462,-0.11958262324333191,0.7512820363044739,0.32111936807632446,-0.1035134345293045,0.7074217796325684,0.4339062571525574,-0.13831990957260132,0.7963360548019409,0.3630797266960144,-0.14867010712623596,0.785113513469696,0.3991321325302124,-0.1212233155965805,0.755907416343689,0.43022000789642334,-0.10220172256231308
0.3796628713607788,0.7176626920700073,7.907674159923772e-08,0.39708492159843445,0.6837522983551025,0.011289809830486774,0.4149901270866394,0.6401602029800415,0.018168842419981956,0.42832693457603455,0.6125168204307556,0.021175337955355644,0.4391586482524872,0.5898508429527283,0.02487778849899769,0.41279157996177673,0.6014660596847534,0.025897420942783356,0.4374733567237854,0.565553605556488,0.026872077956795692,0.4524580240249634,0.5398205518722534,0.024302322417497635,0.46202123165130615,0.5166612863540649,0.021558960899710655,0.41409289836883545,0.5966553092002869,0.017098460346460342,0.4397675395011902,0.5649203062057495,0.01923973858356476,0.45456236600875854,0.5428041219711304,0.01606748253107071,0.4666404128074646,0.5197762846946716,0.01281790342181921,0.41776296496391296,0.5959240794181824,0.007585006300359964,0.4403693675994873,0.5631099939346313,0.011108010075986385,0.4538595974445343,0.5403486490249634,0.011620612815022469,0.46378323435783386,0.5174663066864014,0.01054287888109684,0.4249202609062195,0.5979970693588257,-0.002196047455072403,0.4404221773147583,0.5649698376655579,0.0022108156699687243,0.4497729241847992,0.5427713394165039,0.005790481343865395,0.45724496245384216,0.5232899785041809,0.007498718332499266
0.20747938752174377,0.6142928600311279,4.627179066574172e-07,0.23024249076843262,0.6027975082397461,-0.013811900280416012,0.2529502213001251,0.5433639883995056,-0.01740122213959694,0.26519063115119934,0.49507468938827515,-0.02096576616168022,0.27580514550209045,0.45854130387306213,-0.022761106491088867,0.25054189562797546,0.4552357494831085,-0.00015121273463591933,0.2832970917224884,0.3989567756652832,-0.01550518162548542,0.32381895184516907,0.3670078217983246,-0.029993394389748573,0.3588581085205078,0.35238340497016907,-0.03805917128920555,0.24979104101657867,0.4409240186214447,-0.0005712235579267144,0.28464382886886597,0.37972426414489746,-0.012202734127640724,0.3266502916812897,0.34951162338256836,-0.022570021450519562,0.3650306165218353,0.3328748345375061,-0.02846214547753334,0.2529735267162323,0.4397299885749817,-0.004517096094787121,0.2880685031414032,0.37985759973526,-0.015855534002184868,0.32715868949890137,0.3556627035140991,-0.023932699114084244,0.3620837330818176,0.344443142414093,-0.02767202816903591,0.2583821415901184,0.450293630361557,-0.010389706119894981,0.29395511746406555,0.4061427414417267,-0.01854432001709938,0.32622629404067993,0.38758403062820435,-0.021816035732626915,0.3546920418739319,0.378744512796402,-0.02274053543806076
0.24444490671157837,0.5921245813369751,3.802557273502316e-07,0.25119006633758545,0.5382699370384216,0.015409245155751705,0.2782514989376068,0.4716351628303528,0.01916656829416752,0.30456000566482544,0.4355808198451996,0.01643984392285347,0.3318248391151428,0.41099295020103455,0.013753009028732777,0.2859683632850647,0.4276922643184662,0.019140636548399925,0.32342174649238586,0.36830204725265503,0.008864153176546097,0.3622749149799347,0.33426380157470703,-0.001297280890867114,0.39656463265419006,0.31576302647590637,-0.007254717871546745,0.2978329658508301,0.424978107213974,0.003296683309599757,0.33953624963760376,0.3627951443195343,-0.000964294362347573,0.38127171993255615,0.3309592008590698,-0.007535985205322504,0.4181591868400574,0.31444424390792847,-0.01253651361912489,0.3151179552078247,0.43298405408859253,-0.01319709699600935,0.3527303636074066,0.3687196373939514,-0.01535752136260271,0.38851457834243774,0.33986639976501465,-0.017939308658242226,0.418961763381958,0.32592302560806274,-0.020605633035302162,0.33713972568511963,0.4494991898536682,-0.029661906883120537,0.3672129213809967,0.3994642198085785,-0.027608683332800865,0.3947831392288208,0.37685126066207886,-0.02396574430167675,0.41889020800590515,0.36511266231536865,-0.021962052211165428
0.523249626159668,0.6111159324645996,-3.9748181279719574e-07,0.4862123727798462,0.5613603591918945,-0.0046325428411364555,0.4688517153263092,0.5002224445343018,-0.011663195677101612,0.4611319899559021,0.46004220843315125,-0.022625604644417763,0.4481874108314514,0.4406650960445404,-0.03251304104924202,0.5291814208030701,0.4191072881221771,0.008038705214858055,0.5574390888214111,0.41631099581718445,-0.006043379660695791,0.5684194564819336,0.4489010274410248,-0.021237894892692566,0.5691917538642883,0.4793141484260559,-0.03119354508817196,0.5722763538360596,0.42902496457099915,-0.0018459880957379937,0.6006706953048706,0.4213671088218689,-0.012280546128749847,0.6119676828384399,0.44958221912384033,-0.02456602454185486,0.6184281706809998,0.4776695966720581,-0.03236547112464905,0.6122347116470337,0.44859573245048523,-0.013532623648643494,0.6451988220214844,0.43614813685417175,-0.02964336797595024,0.662492036819458,0.45550787448883057,-0.03584592044353485,0.6739741563796997,0.4735207259654999,-0.03661060333251953,0.6479145288467407,0.4793547987937927,-0.02564777247607708,0.6837498545646667,0.46725019812583923,-0.03798145055770874,0.7057043313980103,0.4747298061847687,-0.03639287129044533,0.7228847146034241,0.48280441761016846,-0.031256671994924545
0.5314710736274719,0.6772984266281128,-5.085494194645435e-07,0.4983997046947479,0.6061992645263672,0.0025052321143448353,0.48967599868774414,0.5279718637466431,0.0023659467697143555,0.49114933609962463,0.4756815433502197,-0.002790153492242098,0.4843685030937195,0.4595301151275635,-0.006618506740778685,0.5549643039703369,0.462083637714386,0.02447660081088543,0.5772796869277954,0.4357132017612457,0.01747015304863453,0.5695413947105408,0.47219568490982056,0.006366129033267498,0.557841420173645,0.5013989210128784,-0.0009213736047968268,0.5978960990905762,0.4733017385005951,0.01432060170918703,0.6164664030075073,0.4546125531196594,0.01116385217756033,0.6075606942176819,0.4863930642604828,0.0014559765113517642,0.5994908809661865,0.5171436071395874,-0.0037580113857984543,0.6368480324745178,0.5020784139633179,0.0025184510741382837,0.6577790975570679,0.4838939905166626,-0.0035215108655393124,0.650716245174408,0.509645938873291,-0.006894091609865427,0.6458937525749207,0.5347012281417847,-0.00668494775891304,0.672098696231842,0.5439320802688599,-0.009518341161310673,0.6981303691864014,0.5293065905570984,-0.010339911095798016,0.6960241794586182,0.547385573387146,-0.00393397593870759,0.6957666873931885,0.5646001696586609,0.00332882022485137
0.5629355907440186,0.7294130921363831,-4.2302369251956407e-07,0.6358604431152344,0.7363473773002625,-0.0050285859033465385,0.6711090803146362,0.6799319386482239,-0.005995393730700016,0.6724640130996704,0.624290943145752,-0.010227762162685394,0.6650328636169434,0.5804696083068848,-0.015241016633808613,0.6837302446365356,0.5892846584320068,0.004506315104663372,0.6732897162437439,0.5526725649833679,-0.014329994097352028,0.6491294503211975,0.5764720439910889,-0.026935763657093048,0.6351661086082458,0.6124386191368103,-0.03292650729417801,0.6488601565361023,0.5405775904655457,-0.0008163455058820546,0.626332700252533,0.5031840801239014,-0.01467172522097826,0.5976319313049316,0.5366852879524231,-0.023834075778722763,0.5818193554878235,0.5811455249786377,-0.026867510750889778,0.6038942933082581,0.5128320455551147,-0.008394918404519558,0.558275580406189,0.48466113209724426,-0.03256671130657196,0.5121704339981079,0.5301335453987122,-0.04273148998618126,0.4850633442401886,0.5780505537986755,-0.04440595209598541,0.5552863478660583,0.5039849877357483,-0.014926299452781677,0.4997183680534363,0.5029498934745789,-0.03889545798301697,0.4649977385997772,0.5458400845527649,-0.04521980509161949,0.4463388919830322,0.5886927843093872,-0.043807253241539
0.5024361610412598,0.9582366943359375,-4.9307811167409454e-08,0.4895370304584503,0.8576230406761169,-0.006857514381408691,0.5111907720565796,0.7692670822143555,-0.01810743473470211,0.5366540551185608,0.7051443457603455,-0.029753131791949272,0.5549542307853699,0.6518385410308838,-0.040880996733903885,0.6060752272605896,0.7455655932426453,-0.024090804159641266,0.6718230247497559,0.7065958380699158,-0.0354439802467823,0.7032479047775269,0.7209759950637817,-0.03954910859465599,0.7197171449661255,0.744518518447876,-0.04177316278219223,0.6452729105949402,0.7970184683799744,-0.0337207168340683,0.7255064845085144,0.7390456795692444,-0.04383888468146324,0.7582675814628601,0.7417076826095581,-0.047455962747335434,0.7752891182899475,0.7559592127799988,-0.04947735741734505,0.672995388507843,0.8617013096809387,-0.04370144009590149,0.7607675790786743,0.8103446364402771,-0.057531990110874176,0.8029950261116028,0.7944197654724121,-0.06232365965843201,0.8310481905937195,0.7837362289428711,-0.06512024998664856,0.6917603015899658,0.9360629320144653,-0.05308286100625992,0.7735515832901001,0.9040188789367676,-0.06607457250356674,0.8198674917221069,0.8875719308853149,-0.06716377288103104,0.857022225856781,0.8714743852615356,-0.0663938969373703
0.5079827308654785,0.9753241539001465,4.519534257951818e-08,0.4797843396663666,0.8514556884765625,0.036552514880895615,0.5059534907341003,0.7709091901779175,0.059153150767087936,0.5490659475326538,0.7332780361175537,0.07353311032056808,0.5860267281532288,0.7165655493736267,0.08866001665592194,0.6008701920509338,0.727167546749115,0.08423574268817902,0.6538522839546204,0.7151006460189819,0.12081066519021988,0.6817839741706848,0.7299346923828125,0.1366618275642395,0.6960397958755493,0.743121325969696,0.14220091700553894,0.6529883146286011,0.7698904871940613,0.06753851473331451,0.7041134834289551,0.7494499683380127,0.10753016918897629,0.7286627888679504,0.7609668374061584,0.11297402530908585,0.7440158128738403,0.7731360197067261,0.10957057029008865,0.6889182329177856,0.82502281665802,0.05123278871178627,0.7426897287368774,0.7956098914146423,0.08274822682142258,0.7688952088356018,0.7956210970878601,0.08742862939834595,0.7870277166366577,0.7975932955741882,0.08270671218633652,0.7146323919296265,0.9015641212463379,0.03646945208311081,0.7758761644363403,0.879906952381134,0.06303320080041885,0.8069255352020264,0.8770766854286194,0.07708411663770676,0.826127290725708,0.8741594552993774,0.08282386511564255
0.3306247591972351,0.8264806270599365,1.4958941108034196e-07,0.38483500480651855,0.8156815767288208,0.018872158601880074,0.4124360680580139,0.7627501487731934,0.02798418700695038,0.43326497077941895,0.7269941568374634,0.026035819202661514,0.45729193091392517,0.6972320079803467,0.025750068947672844,0.36843210458755493,0.6680768728256226,0.06386947631835938,0.40869367122650146,0.6358533501625061,0.060758791863918304,0.4448668956756592,0.6482760906219482,0.0498124361038208,0.4643722474575043,0.6724409461021423,0.04409046471118927,0.3646091818809509,0.6492027044296265,0.04717418551445007,0.42135679721832275,0.608985424041748,0.04200454428792,0.4635296165943146,0.6340365409851074,0.027603503316640854,0.4893285632133484,0.6700860857963562,0.020407363772392273,0.37014657258987427,0.635242760181427,0.027214426547288895,0.4322584867477417,0.5938328504562378,0.02108469232916832,0.47578078508377075,0.6275348663330078,0.008557198569178581,0.5006312131881714,0.6731159687042236,0.0034631844609975815,0.3865526020526886,0.6303074359893799,0.007628565654158592,0.4460044503211975,0.5997390747070312,0.007613524328917265,0.4825843274593353,0.6263048648834229,0.007263985462486744,0.5046690702438354,0.6658264994621277,0.008369773626327515
0.3124077320098877,0.8406803011894226,5.374088374310304e-08,0.369915246963501,0.8371008038520813,0.0045183394104242325,0.40674734115600586,0.7901722192764282,0.010764732025563717,0.4287790060043335,0.7469913363456726,0.009015914984047413,0.4561726748943329,0.7130220532417297,0.0074813999235630035,0.39601632952690125,0.7067031264305115,0.047552164644002914,0.43457719683647156,0.666871190071106,0.04146813601255417,0.46758532524108887,0.6672810912132263,0.029445325955748558,0.4902378022670746,0.6819390654563904,0.0224849171936512,0.3876810073852539,0.6822431683540344,0.03615458309650421,0.43296679854393005,0.6338217854499817,0.026220345869660378,0.47071829438209534,0.6417936086654663,0.009169402532279491,0.49559998512268066,0.6679266691207886,0.00016608061559963971,0.3755369186401367,0.6609135866165161,0.020351983606815338,0.41722220182418823,0.6044241786003113,0.00798606127500534,0.45918282866477966,0.6149618029594421,-0.008510155603289604,0.48572197556495667,0.6454471349716187,-0.015818564221262932,0.35936564207077026,0.641785740852356,0.003865925595164299,0.3940753638744354,0.5811894536018372,-0.0053629036992788315,0.4326205253601074,0.5835305452346802,-0.012508071027696133,0.46363845467567444,0.6094265580177307,-0.01544866431504488
0.3190805912017822,0.8521090745925903,2.3701282714228e-07,0.3820948004722595,0.8382911682128906,0.004976919386535883,0.4140886068344116,0.7960599064826965,0.010494697839021683,0.4347420930862427,0.7546266317367554,0.008024808950722218,0.4576582610607147,0.7111417055130005,0.005317758768796921,0.3964400589466095,0.6993945240974426,0.04820309206843376,0.4352952241897583,0.6545069813728333,0.03774303197860718,0.4702920913696289,0.6581233143806458,0.021575966849923134,0.49293938279151917,0.6775110960006714,0.012790636159479618,0.38756605982780457,0.6784880757331848,0.03552054613828659,0.4349706470966339,0.6208136081695557,0.021299032494425774,0.4740465581417084,0.6352442502975464,-0.001651124912314117,0.4963885545730591,0.6725860834121704,-0.013773798011243343,0.37313592433929443,0.659708559513092,0.01834946498274803,0.4197922646999359,0.5985074639320374,0.005349454935640097,0.46239838004112244,0.6155046224594116,-0.01319357194006443,0.4866217076778412,0.6545083522796631,-0.02183726243674755,0.3537372946739197,0.6457928419113159,0.0004451365675777197,0.38414016366004944,0.5765435099601746,-0.008935275487601757,0.41895461082458496,0.5761641263961792,-0.01690465211868286,0.4457639753818512,0.6047490239143372,-0.020227519795298576
0.3088799715042114,0.8490859270095825,1.570477508039403e-07,0.3750365972518921,0.8367000222206116,0.0024141178000718355,0.40993228554725647,0.7932676672935486,0.00669655529782176,0.42890816926956177,0.7511571049690247,0.003366346238180995,0.44743192195892334,0.7065877914428711,-0.00030034591327421367,0.4053061008453369,0.6966473460197449,0.03970513865351677,0.44386833906173706,0.6450574398040771,0.026436343789100647,0.4770575165748596,0.6492248177528381,0.009644145146012306,0.4975720942020416,0.6711382865905762,0.000767516961786896,0.39459607005119324,0.675592839717865,0.02739035151898861,0.43931564688682556,0.615843653678894,0.009881055913865566,0.4759981632232666,0.6290632486343384,-0.013469714671373367,0.49751943349838257,0.6658886671066284,-0.025380946695804596,0.37690430879592896,0.6568461060523987,0.01065511628985405,0.4213322103023529,0.5965002775192261,-0.006004487629979849,0.4617929458618164,0.6131294369697571,-0.02550739422440529,0.4852209687232971,0.6519044637680054,-0.03398348391056061,0.3524375259876251,0.6425378918647766,-0.006885906681418419,0.3798486292362213,0.5737414956092834,-0.019151318818330765,0.4146847724914551,0.5729281902313232,-0.028247039765119553,0.44294577836990356,0.6016572713851929,-0.031897809356451035
0.2926444113254547,0.8790690898895264,1.8665471657186572e-07,0.35589736700057983,0.8588832020759583,0.004548444412648678,0.38949933648109436,0.8021553158760071,0.011687206104397774,0.4097425937652588,0.7506552338600159,0.010892534628510475,0.4307558238506317,0.7040218114852905,0.009799842722713947,0.3670061528682709,0.7065351009368896,0.04492420330643654,0.40370437502861023,0.6561120748519897,0.03373291715979576,0.4399174749851227,0.6570204496383667,0.018274478614330292,0.4654255509376526,0.6714937686920166,0.009462750516831875,0.35606008768081665,0.6858314275741577,0.03181885927915573,0.39678502082824707,0.6226856708526611,0.015485528856515884,0.4378935396671295,0.6379359364509583,-0.005199872422963381,0.4646729826927185,0.6731827259063721,-0.015297926962375641,0.3414909839630127,0.669836163520813,0.014159142039716244,0.3788449466228485,0.5991935133934021,-0.00240656198002398,0.42570966482162476,0.6151065230369568,-0.0198435727506876,0.45750197768211365,0.6541078686714172,-0.027092652395367622,0.32281410694122314,0.6602985858917236,-0.00432396586984396,0.3490733504295349,0.5873360633850098,-0.01725485920906067,0.38720375299453735,0.5875377655029297,-0.025542981922626495,0.41951653361320496,0.6174150705337524,-0.028631914407014847
0.2888306975364685,0.8866846561431885,6.15890698441035e-08,0.3501332402229309,0.8660457730293274,0.009200836531817913,0.3864690661430359,0.8087781667709351,0.016545353457331657,0.40956681966781616,0.7643225789070129,0.014883952215313911,0.4337565302848816,0.7255584001541138,0.013167871162295341,0.3732340931892395,0.7080006003379822,0.049446552991867065,0.41045770049095154,0.654582679271698,0.03893855959177017,0.4458625614643097,0.6633219122886658,0.022706164047122,0.467601478099823,0.6874549984931946,0.013813982717692852,0.36141276359558105,0.6909818053245544,0.03412558138370514,0.4024448096752167,0.6262410879135132,0.019765591248869896,0.44318148493766785,0.6443800926208496,-0.0010235147783532739,0.4666643738746643,0.6831926703453064,-0.011371093802154064,0.34416699409484863,0.6773467063903809,0.01463053748011589,0.38459885120391846,0.6071408987045288,0.0010796785354614258,0.43018245697021484,0.6248340606689453,-0.014521466568112373,0.4569135308265686,0.6643166542053223,-0.020765434950590134,0.3232763409614563,0.6685717105865479,-0.0054501378908753395,0.3551861047744751,0.5950305461883545,-0.014727695845067501,0.3930063247680664,0.5979837775230408,-0.019641371443867683,0.4212411642074585,0.6288408041000366,-0.020561018958687782
0.2792736291885376,0.8923248052597046,9.718083759935325e-08,0.3430466949939728,0.8704599738121033,0.013963078148663044,0.37822917103767395,0.8122180104255676,0.022062798961997032,0.4028649926185608,0.769883394241333,0.020135071128606796,0.4303351044654846,0.7316523194313049,0.017755530774593353,0.3565531075000763,0.706500232219696,0.050156887620687485,0.39762628078460693,0.648614764213562,0.03855246305465698,0.4376274049282074,0.6604200601577759,0.022050324827432632,0.46342718601226807,0.6867238879203796,0.012904064729809761,0.34584683179855347,0.6931256651878357,0.0318077951669693,0.3911237418651581,0.6219719052314758,0.015293752774596214,0.43773698806762695,0.6446918249130249,-0.005544084589928389,0.46439701318740845,0.6861345171928406,-0.015654582530260086,0.3314400017261505,0.6841040849685669,0.009723206982016563,0.3766540586948395,0.6052376627922058,-0.005063468124717474,0.42792585492134094,0.6284558773040771,-0.020382296293973923,0.4575786590576172,0.6716058254241943,-0.02630010060966015,0.3153601586818695,0.6802823543548584,-0.012532731518149376,0.3511624038219452,0.6017841696739197,-0.023413676768541336,0.3938125967979431,0.6078045964241028,-0.02934826910495758,0.42466461658477783,0.6406778693199158,-0.030939361080527306
0.23866945505142212,0.8714245557785034,2.7867540097759047e-07,0.23545780777931213,0.7929496765136719,0.021371973678469658,0.2588646709918976,0.7174491286277771,0.02472212165594101,0.2879672646522522,0.6759451031684875,0.018344687297940254,0.3155209720134735,0.6469136476516724,0.013674031011760235,0.2543209195137024,0.6714785099029541,0.027989042922854424,0.305682897567749,0.5854755640029907,0.011461437679827213,0.35395514965057373,0.5751510262489319,0.0013039233162999153,0.3846658766269684,0.5965278148651123,-0.0001614982757018879,0.2684059143066406,0.6691296100616455,0.008036339655518532,0.32260972261428833,0.5683143734931946,-0.0022356263361871243,0.371319055557251,0.5631041526794434,-0.005304635968059301,0.40123283863067627,0.582059919834137,-0.003288316074758768,0.2921474575996399,0.6771746277809143,-0.013562126085162163,0.3386307954788208,0.5750003457069397,-0.018129436299204826,0.38660213351249695,0.5702883005142212,-0.015179208479821682,0.41898012161254883,0.5894097089767456,-0.010315735824406147,0.3247043788433075,0.6963913440704346,-0.03534820303320885,0.3595549166202545,0.6185306310653687,-0.03284815698862076,0.39313340187072754,0.6061059832572937,-0.025591639801859856,0.418071448802948,0.6148172616958618,-0.01838959939777851
0.2404572069644928,0.8408102989196777,2.8048850708728423e-07,0.23264038562774658,0.7502081394195557,0.03267604112625122,0.26370111107826233,0.6770262718200684,0.04179631173610687,0.2993694543838501,0.6414480209350586,0.03932894393801689,0.3358362317085266,0.6230349540710449,0.03620077669620514,0.27841299772262573,0.6233208775520325,0.050389841198921204,0.3293525278568268,0.5679877400398254,0.04838259518146515,0.37130075693130493,0.5461661219596863,0.04228457063436508,0.4041092097759247,0.5411204099655151,0.03848276659846306,0.2991422414779663,0.6226621270179749,0.025110190734267235,0.34945377707481384,0.5502434372901917,0.027955157682299614,0.39177635312080383,0.532926082611084,0.025634944438934326,0.42566803097724915,0.5313410758972168,0.024170206859707832,0.3244457244873047,0.6375678777694702,-0.0008392570307478309,0.37166979908943176,0.5620725154876709,0.0024933868553489447,0.412479966878891,0.543270468711853,0.004594412166625261,0.4437878727912903,0.5364202857017517,0.0053311362862586975,0.35442107915878296,0.6679856181144714,-0.02610507793724537,0.3934555947780609,0.6070327758789062,-0.018826084211468697,0.4238467216491699,0.5841240286827087,-0.010253667831420898,0.4487099051475525,0.5725135207176208,-0.004568309057503939
0.25737816095352173,0.8397600054740906,1.5599965763613e-07,0.25011852383613586,0.7440235614776611,0.025828871876001358,0.27890947461128235,0.6762073040008545,0.03220164775848389,0.3154063820838928,0.6417171359062195,0.029305212199687958,0.35018736124038696,0.6273143887519836,0.025986097753047943,0.2908627688884735,0.6314765810966492,0.0363694503903389,0.33059006929397583,0.5658470988273621,0.030075162649154663,0.3649750351905823,0.5428864359855652,0.022856667637825012,0.39463990926742554,0.5395435094833374,0.018653713166713715,0.31809407472610474,0.6360137462615967,0.014564362354576588,0.36150744557380676,0.5564712882041931,0.012111966498196125,0.3994574546813965,0.5322753190994263,0.00786515697836876,0.43109697103500366,0.5300272703170776,0.0056116171181201935,0.346956729888916,0.6564007997512817,-0.007762835826724768,0.3911961317062378,0.571760892868042,-0.01053190790116787,0.4277637302875519,0.543354868888855,-0.009350758045911789,0.4586527347564697,0.5303266048431396,-0.008003639057278633,0.37756118178367615,0.6918323636054993,-0.029126938432455063,0.4136500954627991,0.6227737069129944,-0.02747374400496483,0.43974095582962036,0.5904859304428101,-0.019556600600481033,0.4629366397857666,0.568264365196228,-0.013112805783748627
0.2849488854408264,0.8419086933135986,3.2372831526572554e-08,0.2714993357658386,0.7550269961357117,0.03165325149893761,0.29873764514923096,0.6889506578445435,0.04545612633228302,0.3317331075668335,0.6533783078193665,0.049807995557785034,0.36573511362075806,0.6401405930519104,0.05334990844130516,0.31291595101356506,0.6414003968238831,0.05053580552339554,0.3387654423713684,0.5753312706947327,0.05459372326731682,0.3614487051963806,0.5437076091766357,0.05398869141936302,0.38183119893074036,0.5287071466445923,0.053424663841724396,0.34724900126457214,0.6406804323196411,0.029956627637147903,0.38536909222602844,0.5671404004096985,0.03777633234858513,0.41528213024139404,0.5363435745239258,0.03684340417385101,0.441252201795578,0.5227704048156738,0.03514140099287033,0.3806699812412262,0.6546812653541565,0.009200855158269405,0.42229485511779785,0.5817744135856628,0.015836328268051147,0.4488115608692169,0.5511763095855713,0.016784360632300377,0.47101783752441406,0.533274233341217,0.015758661553263664,0.41371142864227295,0.6812667846679688,-0.010157561860978603,0.45014363527297974,0.6219961643218994,-0.0011188634671270847,0.4742528200149536,0.5924367904663086,0.0068363347090780735,0.493551641702652,0.5710018873214722,0.01165655255317688
0.3247040808200836,0.8203868269920349,1.877190527466155e-07,0.29328131675720215,0.7611519694328308,0.019627923145890236,0.2974681258201599,0.7115767598152161,0.025585299357771873,0.3099478483200073,0.6689296960830688,0.027248570695519447,0.31584155559539795,0.6344815492630005,0.02709810435771942,0.35902339220046997,0.6229470372200012,0.010455922223627567,0.3919672667980194,0.5390170216560364,0.006678159348666668,0.41631191968917847,0.4966306686401367,0.00490637356415391,0.4371916651725769,0.47113627195358276,0.00482545280829072,0.39570140838623047,0.6345638632774353,-0.005381933879107237,0.4464948773384094,0.5452042818069458,-0.0054662469774484634,0.4806792140007019,0.5103564262390137,-0.005036078859120607,0.5062999725341797,0.4964752197265625,-0.004395227413624525,0.42887550592422485,0.6625238656997681,-0.020453842356801033,0.4782588481903076,0.5691368579864502,-0.021948598325252533,0.5111907720565796,0.5301796793937683,-0.0233182143419981,0.5376670360565186,0.5064617395401001,-0.024712281301617622,0.4577709138393402,0.7016721367835999,-0.03378394991159439,0.500050961971283,0.6249820590019226,-0.037494197487831116,0.5272084474563599,0.5897696018218994,-0.036677226424217224,0.5486231446266174,0.5626075267791748,-0.035085033625364304
0.33261218667030334,0.8489161133766174,1.0269032912901821e-07,0.2944015860557556,0.7802578210830688,0.015052595175802708,0.2957283556461334,0.7165203094482422,0.01864909566938877,0.3094358444213867,0.667784571647644,0.01859748363494873,0.31843432784080505,0.6316373944282532,0.017034471035003662,0.36379286646842957,0.6278908252716064,0.007128145545721054,0.3954697847366333,0.5386072993278503,0.0019953465089201927,0.4183708727359772,0.49405404925346375,-7.962020026752725e-05,0.437401682138443,0.46652472019195557,-0.0003828622284345329,0.40103307366371155,0.6410552263259888,-0.007498999126255512,0.4475836157798767,0.5461767911911011,-0.010632924735546112,0.4796573519706726,0.5122522711753845,-0.011167246848344803,0.5047377943992615,0.5017826557159424,-0.010132146067917347,0.4339359402656555,0.673114538192749,-0.02171221375465393,0.47976168990135193,0.5729031562805176,-0.02719844877719879,0.5093711614608765,0.5317643880844116,-0.0299440398812294,0.5333730578422546,0.5107282996177673,-0.030526692047715187,0.4624622166156769,0.7176451086997986,-0.034409016370773315,0.5044230222702026,0.6355506777763367,-0.0396285280585289,0.5320972204208374,0.5970200896263123,-0.0392247773706913,0.5546115040779114,0.5705164670944214,-0.03713793307542801
0.336392343044281,0.8797402381896973,8.297233478060662e-08,0.30090096592903137,0.7981849908828735,0.012715947814285755,0.30648693442344666,0.7233783006668091,0.017446238547563553,0.3190804719924927,0.6691456437110901,0.017816390842199326,0.3270677328109741,0.6278504133224487,0.017273282632231712,0.3663058280944824,0.6510519981384277,0.014987112954258919,0.4006724953651428,0.5544959306716919,0.00685574347153306,0.42913660407066345,0.5112712383270264,0.0003298743104096502,0.45296257734298706,0.4902787208557129,-0.0024283381644636393,0.4056248664855957,0.667605996131897,0.0009485406335443258,0.44625869393348694,0.5704571604728699,-0.002875524340197444,0.47726061940193176,0.529626190662384,-0.008610372431576252,0.5032210350036621,0.5120146870613098,-0.011972126550972462,0.4411636292934418,0.699516773223877,-0.01360831968486309,0.48149237036705017,0.6015157699584961,-0.016917111352086067,0.5091971158981323,0.5579469203948975,-0.020280078053474426,0.5316066145896912,0.5356907844543457,-0.022241441532969475,0.4719293415546417,0.742785632610321,-0.027556274086236954,0.5071920156478882,0.6646376252174377,-0.02925294078886509,0.5316569805145264,0.6236577033996582,-0.027148358523845673,0.5517268776893616,0.5970613360404968,-0.024396546185016632
0.3312058448791504,0.897314190864563,6.782251915637971e-08,0.3058840334415436,0.8082935214042664,0.014258249662816525,0.3172273337841034,0.7263931035995483,0.019916972145438194,0.33584243059158325,0.6711438894271851,0.022213812917470932,0.34312814474105835,0.6272151470184326,0.02355393022298813,0.3780015707015991,0.6647894382476807,0.011392363347113132,0.4193521738052368,0.5826044082641602,0.004184642340987921,0.44522619247436523,0.5379828214645386,-0.0017801827052608132,0.46323516964912415,0.5099679231643677,-0.004870076198130846,0.4143156111240387,0.689422070980072,-0.002911972114816308,0.4627145528793335,0.6045697331428528,-0.0052140806801617146,0.49147287011146545,0.5576422810554504,-0.008657215163111687,0.513038694858551,0.5242704749107361,-0.011130111292004585,0.44474607706069946,0.7310001254081726,-0.016907043755054474,0.4908362627029419,0.6493337750434875,-0.019559791311621666,0.5202886462211609,0.6063202619552612,-0.01981193944811821,0.5428454875946045,0.573486864566803,-0.02040042355656624,0.46733152866363525,0.7864751219749451,-0.02988189086318016,0.5039076805114746,0.7219694256782532,-0.032615888863801956,0.526515543460846,0.6843277215957642,-0.028738273307681084,0.5433266758918762,0.6560206413269043,-0.024692388251423836
0.36175572872161865,0.9098275303840637,1.3848236335434194e-07,0.3447915315628052,0.8069800734519958,0.01690613105893135,0.3608451187610626,0.7321136593818665,0.019242901355028152,0.38558340072631836,0.6720352172851562,0.017329800873994827,0.3986307978630066,0.6242287755012512,0.014111881144344807,0.43802183866500854,0.6977458596229553,0.0012075380655005574,0.5006406903266907,0.6338913440704346,-0.002727292478084564,0.5360769033432007,0.621038556098938,-0.0008666968788020313,0.5572068095207214,0.6266830563545227,0.002455123234540224,0.4742860794067383,0.7281754016876221,-0.014824130572378635,0.54962158203125,0.6529338955879211,-0.01715935952961445,0.5856201648712158,0.6406281590461731,-0.015324120409786701,0.6074643731117249,0.6436713933944702,-0.012274229899048805,0.5040850043296814,0.7729405164718628,-0.029174214228987694,0.580938458442688,0.6979759931564331,-0.031646933406591415,0.623555064201355,0.6743031144142151,-0.030163416638970375,0.6525803804397583,0.6623282432556152,-0.02890390157699585,0.524944543838501,0.8296217322349548,-0.041607566177845,0.588899552822113,0.7664278745651245,-0.0425381064414978,0.6263284087181091,0.7415316104888916,-0.03633979335427284,0.655510425567627,0.725166916847229,-0.03042355179786682
0.3696412444114685,0.9072498679161072,2.0779198450782133e-07,0.3557976484298706,0.8033894300460815,0.017892533913254738,0.3717994689941406,0.7300344109535217,0.02135298028588295,0.39830636978149414,0.6734501123428345,0.01982409507036209,0.41595637798309326,0.6280261874198914,0.017345698550343513,0.44771257042884827,0.695674479007721,0.012163727544248104,0.5094112753868103,0.6350280046463013,0.010228289291262627,0.5465874671936035,0.6221151351928711,0.011020422913134098,0.5726597309112549,0.6250497102737427,0.012960318475961685,0.48442697525024414,0.7244592905044556,-0.0040508536621928215,0.5578776001930237,0.6531962156295776,-0.0035358485765755177,0.5978414416313171,0.6359707117080688,-0.002961084246635437,0.6253167390823364,0.6376018524169922,-0.002020268002524972,0.5125132203102112,0.7686266899108887,-0.019386589527130127,0.5873610973358154,0.6959954500198364,-0.019471576437354088,0.6276400089263916,0.672615647315979,-0.018578579649329185,0.6565334796905518,0.6635921597480774,-0.01812707632780075,0.5319845676422119,0.824578046798706,-0.033271849155426025,0.5985839366912842,0.764187753200531,-0.03160723298788071,0.6380564570426941,0.73797607421875,-0.02543051540851593,0.6694265604019165,0.7209343314170837,-0.019979313015937805
0.36978423595428467,0.9061478972434998,1.7865717438780848e-07,0.35413265228271484,0.8052917718887329,0.011435954831540585,0.3697179853916168,0.7297823429107666,0.011834983713924885,0.39387261867523193,0.6725950241088867,0.007833730429410934,0.4090384244918823,0.6218791604042053,0.003684196388348937,0.44634246826171875,0.6826489567756653,0.015364485792815685,0.5018618702888489,0.6205007433891296,0.010348743759095669,0.5373355150222778,0.6073986291885376,0.006260663736611605,0.5608077645301819,0.6122260093688965,0.005090090446174145,0.4828447699546814,0.7123253345489502,0.0015952051617205143,0.5509766340255737,0.6467832922935486,0.00039626649231649935,0.5878180861473083,0.6321027278900146,-0.0022026377264410257,0.6127548217773438,0.6343244314193726,-0.0034603350795805454,0.5114366412162781,0.7556555867195129,-0.012745409272611141,0.5808054208755493,0.6891700029373169,-0.012526171281933784,0.6192802786827087,0.666360080242157,-0.012358590960502625,0.6470965147018433,0.6576605439186096,-0.012769665569067001,0.5322872996330261,0.8095259666442871,-0.02668284997344017,0.5922043323516846,0.7530649900436401,-0.023136183619499207,0.6267729997634888,0.7255868315696716,-0.016203083097934723,0.6545775532722473,0.7070045471191406,-0.010671906173229218
0.37856173515319824,0.8961477875709534,2.013820363799823e-07,0.35684382915496826,0.8038978576660156,0.02192908525466919,0.3683231472969055,0.733056902885437,0.02738114818930626,0.3887087404727936,0.6791402101516724,0.027549296617507935,0.39345285296440125,0.6317452192306519,0.02732590213418007,0.44294261932373047,0.6770549416542053,0.01724213920533657,0.5014327764511108,0.6098425388336182,0.019022678956389427,0.5338669419288635,0.5926292538642883,0.02519848197698593,0.5532530546188354,0.5928767323493958,0.03222634643316269,0.48247310519218445,0.7035803198814392,0.0014907659497112036,0.5525609254837036,0.625654399394989,0.003561154007911682,0.5881196856498718,0.6069319248199463,0.009611144661903381,0.609072744846344,0.608165442943573,0.016858845949172974,0.5129556059837341,0.7461555600166321,-0.012926981784403324,0.5810551643371582,0.6720504760742188,-0.009742744266986847,0.6134692430496216,0.6533218026161194,-0.0021725513506680727,0.6324169039726257,0.6481574773788452,0.00462764035910368,0.5336291790008545,0.8007029891014099,-0.025716200470924377,0.5944193005561829,0.7429958581924438,-0.018834812566637993,0.6264404058456421,0.7204053997993469,-0.0074954042211174965,0.6478251218795776,0.7070400714874268,0.0027592352125793695
0.3778606951236725,0.9005568027496338,7.216392106101921e-08,0.3580348491668701,0.8066709041595459,0.027851471677422523,0.37258031964302063,0.7372129559516907,0.03851963207125664,0.3957061171531677,0.6826943755149841,0.04319499060511589,0.40298664569854736,0.6356717348098755,0.04684235528111458,0.4431327283382416,0.6870231628417969,0.02312863990664482,0.49593597650527954,0.6153862476348877,0.027978738769888878,0.525559663772583,0.5965169668197632,0.03626439720392227,0.5450142621994019,0.5961021184921265,0.044127754867076874,0.4836834669113159,0.7123299241065979,0.005296799819916487,0.5512940287590027,0.6300050616264343,0.009643329307436943,0.5859940648078918,0.6095154285430908,0.017447398975491524,0.606857180595398,0.6114820837974548,0.0257386714220047,0.5151450037956238,0.7534629106521606,-0.010801524855196476,0.5860987305641174,0.6756563782691956,-0.008192110806703568,0.6194824576377869,0.6545255780220032,-0.0007031227578409016,0.6397411227226257,0.6474519968032837,0.006454530172049999,0.5359213948249817,0.8060590624809265,-0.024481916800141335,0.5990623235702515,0.7456772923469543,-0.019990678876638412,0.634054958820343,0.7207608222961426,-0.009753729216754436,0.6589809060096741,0.7057762742042542,0.00017940692487172782
0.3755010962486267,0.910896360874176,6.981604627753768e-08,0.3624553084373474,0.8136114478111267,0.025443822145462036,0.38460850715637207,0.743935763835907,0.034419018775224686,0.4100559949874878,0.6926392316818237,0.038006577640771866,0.42146310210227966,0.6459700465202332,0.04129540175199509,0.44205403327941895,0.6897165179252625,0.01582527905702591,0.4934280812740326,0.6122350096702576,0.014781680889427662,0.5282474756240845,0.5891436338424683,0.020830368623137474,0.5515086054801941,0.5881998538970947,0.028521142899990082,0.4823894500732422,0.7175143361091614,-0.0008646973292343318,0.5494658946990967,0.6352854371070862,-0.0016329229110851884,0.5840536952018738,0.6187576651573181,0.005600611679255962,0.6036872267723083,0.6247541308403015,0.01544951368123293,0.5148670077323914,0.7613733410835266,-0.015708111226558685,0.5840199589729309,0.6830905675888062,-0.015212124213576317,0.615265429019928,0.6621710062026978,-0.004416759591549635,0.6339536309242249,0.6555352210998535,0.006535488646477461,0.5355287194252014,0.817989706993103,-0.028512556105852127,0.592808723449707,0.7557132244110107,-0.024354906752705574,0.6237144470214844,0.7266061305999756,-0.012002400122582912,0.6450861692428589,0.7076786756515503,0.0007928451523184776
0.368008017539978,0.9380546808242798,6.742506997170494e-08,0.3522360622882843,0.8421469926834106,0.020230421796441078,0.37133216857910156,0.7708112001419067,0.023207977414131165,0.3968402147293091,0.7157732248306274,0.021602248772978783,0.4110637307167053,0.6615424752235413,0.02014063484966755,0.42954301834106445,0.7132251858711243,0.0005349941784515977,0.48184606432914734,0.6205310821533203,-0.007880808785557747,0.5165232419967651,0.6020052433013916,-0.005268428474664688,0.5386629104614258,0.6091240644454956,0.0013204668648540974,0.4692007303237915,0.7410479784011841,-0.016530374065041542,0.5362593531608582,0.6435823440551758,-0.025264227762818336,0.5735358595848083,0.6225351095199585,-0.021321093663573265,0.5948442220687866,0.6300111413002014,-0.013263707049190998,0.5021488070487976,0.7838170528411865,-0.031802352517843246,0.5723651051521301,0.6968597769737244,-0.036351870745420456,0.6079599857330322,0.6706261038780212,-0.028459636494517326,0.6304133534431458,0.6622946262359619,-0.01935656927525997,0.525407075881958,0.8401719331741333,-0.04527104273438454,0.5863697528839111,0.7685264945030212,-0.04367697983980179,0.6181225180625916,0.7357209920883179,-0.032508257776498795,0.6400166749954224,0.7151956558227539,-0.020661896094679832
0.35846465826034546,0.966622531414032,1.251823391612561e-07,0.34450072050094604,0.8700234889984131,0.016393432393670082,0.36616986989974976,0.7932853102684021,0.016865873709321022,0.39004161953926086,0.7374768853187561,0.012984521687030792,0.4056411385536194,0.685041069984436,0.009589486755430698,0.4217327833175659,0.7412846684455872,-0.005356891546398401,0.4715038537979126,0.6414684057235718,-0.02025584876537323,0.5085191130638123,0.6107176542282104,-0.022346630692481995,0.5326014161109924,0.6121281981468201,-0.017860205844044685,0.4580286741256714,0.770861029624939,-0.02203737013041973,0.526164174079895,0.6670645475387573,-0.036233287304639816,0.5679287314414978,0.6374415159225464,-0.033960819244384766,0.5920202732086182,0.6414076685905457,-0.025980189442634583,0.4891831874847412,0.8157765865325928,-0.03741035237908363,0.5603426098823547,0.7205029129981995,-0.045321304351091385,0.5972644090652466,0.6905899047851562,-0.03490520641207695,0.6185672283172607,0.682686984539032,-0.02290261536836624,0.5129676461219788,0.8740077018737793,-0.0516219362616539,0.5736264586448669,0.7987151741981506,-0.05262463167309761,0.6054291129112244,0.7641332745552063,-0.04016581177711487,0.624552309513092,0.7445424199104309,-0.026191413402557373
0.3556947410106659,1.0227469205856323,2.3545172211925092e-07,0.33860325813293457,0.933618426322937,0.007724027615040541,0.3619259297847748,0.84437096118927,0.0014245669590309262,0.39150792360305786,0.7803835272789001,-0.008431609719991684,0.4148065149784088,0.7234331369400024,-0.01836671307682991,0.4091063141822815,0.7964714169502258,-0.01614461839199066,0.4727807939052582,0.6987398862838745,-0.03512756898999214,0.5211268663406372,0.6594510078430176,-0.04381990805268288,0.5544845461845398,0.6486700177192688,-0.0453716404736042,0.43936973810195923,0.8263786435127258,-0.03045886568725109,0.5072099566459656,0.7207667827606201,-0.0437433198094368,0.556835949420929,0.6856198906898499,-0.046735167503356934,0.5921642184257507,0.6776304841041565,-0.046481091529130936,0.4689497649669647,0.8698928356170654,-0.043981872498989105,0.5373110175132751,0.7703351974487305,-0.05202769860625267,0.5802226662635803,0.7388829588890076,-0.04711030423641205,0.6102741956710815,0.7293825149536133,-0.04208036884665489,0.4961715042591095,0.9221471548080444,-0.056930940598249435,0.5534284710884094,0.8484848141670227,-0.05720072612166405,0.588637113571167,0.8178802728652954,-0.04730704054236412,0.6115211248397827,0.8033073544502258,-0.038052864372730255
0.5448199510574341,0.8224508762359619,1.9017127783627075e-07,0.5991215109825134,0.7046958804130554,0.009245588444173336,0.5868930220603943,0.5894268751144409,0.028977693989872932,0.5611225366592407,0.507792592048645,0.04277386516332626,0.5398046970367432,0.4679468870162964,0.05551959201693535,0.5385102033615112,0.5779404640197754,0.06402889639139175,0.5160202383995056,0.5108226537704468,0.0765005350112915,0.5129130482673645,0.4911632835865021,0.07455991953611374,0.5180294513702393,0.48885971307754517,0.07137265801429749,0.4903270900249481,0.6197874546051025,0.06001272425055504,0.4644387662410736,0.560918390750885,0.07260712236166,0.47254014015197754,0.5586916208267212,0.06113995239138603,0.48814430832862854,0.5689309239387512,0.05193280801177025,0.4507869482040405,0.6766376495361328,0.05367948114871979,0.43037718534469604,0.6207331418991089,0.058901723474264145,0.4424908459186554,0.6236670017242432,0.052984822541475296,0.4611149728298187,0.6406862735748291,0.04771856591105461,0.4255051910877228,0.7410661578178406,0.048055846244096756,0.4098893702030182,0.7032417058944702,0.05215803161263466,0.42329737544059753,0.7059007883071899,0.056716810911893845,0.44046255946159363,0.7223809957504272,0.060442209243774414
0.5851403474807739,0.9325339198112488,-1.6043640016505378e-07,0.6392184495925903,0.8535215258598328,-0.012528127990663052,0.6358667612075806,0.748849630355835,-0.01775449700653553,0.5975977182388306,0.6771240830421448,-0.023381948471069336,0.5541753768920898,0.6471593976020813,-0.02843458205461502,0.6013950705528259,0.6891157627105713,-0.008793883956968784,0.5735697746276855,0.6163356304168701,-0.031111106276512146,0.5737580060958862,0.6324461698532104,-0.046410996466875076,0.585864782333374,0.6634556651115417,-0.053944360464811325,0.5499560236930847,0.7178910970687866,-0.011017890647053719,0.5200502276420593,0.6505870819091797,-0.02751440554857254,0.5304171442985535,0.6759540438652039,-0.0364309661090374,0.548352062702179,0.7087709307670593,-0.04012000933289528,0.5055052042007446,0.7645416855812073,-0.01564553752541542,0.4792625308036804,0.7051730155944824,-0.03261591121554375,0.49598562717437744,0.7317338585853577,-0.02910166047513485,0.5144079327583313,0.7616092562675476,-0.02434644103050232,0.47102847695350647,0.8199666738510132,-0.020825188606977463,0.456836462020874,0.7796645760536194,-0.034663308411836624,0.47677987813949585,0.7980603575706482,-0.028626132756471634,0.49435240030288696,0.8187119364738464,-0.020804235711693764
0.5935510993003845,0.971750020980835,1.7297749366207427e-07,0.6518148183822632,0.8930827379226685,-0.01787860505282879,0.6563978791236877,0.7784941792488098,-0.03203503414988518,0.6159850358963013,0.6945945620536804,-0.04184907674789429,0.5639340877532959,0.663893461227417,-0.05245086923241615,0.6431439518928528,0.7653374671936035,-0.05378394573926926,0.6329230070114136,0.6432292461395264,-0.0777936652302742,0.6167945265769958,0.6035382747650146,-0.08763362467288971,0.6032490134239197,0.5948854088783264,-0.0908963605761528,0.5852644443511963,0.7905454039573669,-0.05190299451351166,0.561896800994873,0.6778456568717957,-0.06989918649196625,0.5635906457901001,0.6738430261611938,-0.06973491609096527,0.568219006061554,0.6939313411712646,-0.0682288408279419,0.5307784676551819,0.8217535018920898,-0.04892347380518913,0.5117442607879639,0.7274752855300903,-0.06235375255346298,0.5233199596405029,0.7432358860969543,-0.05035323649644852,0.5320812463760376,0.7760360240936279,-0.04095514491200447,0.4864998459815979,0.8533132672309875,-0.04637700691819191,0.4791111946105957,0.7813888788223267,-0.05358128994703293,0.49556127190589905,0.7976162433624268,-0.041469182819128036,0.5047913789749146,0.8276644945144653,-0.03083828091621399
0.6021454334259033,0.9904994368553162,2.6143510467591113e-07,0.6582065224647522,0.9113495945930481,-0.009638319723308086,0.6585886478424072,0.8024511933326721,-0.01811401918530464,0.623183012008667,0.7229828238487244,-0.025150632485747337,0.5818879008293152,0.688844621181488,-0.031383831053972244,0.6315432786941528,0.7968780994415283,-0.02636582963168621,0.6272917985916138,0.68299800157547,-0.04056696593761444,0.6284534931182861,0.6431368589401245,-0.04566174000501633,0.6292991042137146,0.6348797082901001,-0.04612647742033005,0.5747461318969727,0.8126468658447266,-0.025160569697618484,0.5714032649993896,0.6970432996749878,-0.03648430481553078,0.5858020186424255,0.6926614046096802,-0.03699292987585068,0.593237578868866,0.7117858529090881,-0.03549492731690407,0.5252208709716797,0.828898012638092,-0.023304792121052742,0.5332533717155457,0.7192966938018799,-0.03205403685569763,0.5520923137664795,0.7285033464431763,-0.02554379217326641,0.5586217045783997,0.7568449378013611,-0.01930067129433155,0.4878295958042145,0.8423935174942017,-0.02115292102098465,0.5019406676292419,0.7541536092758179,-0.023848863318562508,0.5232651829719543,0.7612714171409607,-0.014673395082354546,0.5301844477653503,0.7882530093193054,-0.006261322181671858
0.6143544912338257,0.9613990783691406,2.438909234570019e-07,0.6708102226257324,0.8821299076080322,-0.011481625027954578,0.6805306673049927,0.774979829788208,-0.018092293292284012,0.6623099446296692,0.6905173063278198,-0.023062026128172874,0.6348358392715454,0.6461782455444336,-0.02680799923837185,0.6352664232254028,0.7735279202461243,-0.022376999258995056,0.6270380616188049,0.672280490398407,-0.037969768047332764,0.630324125289917,0.6477659940719604,-0.046067964285612106,0.6353356242179871,0.6515425443649292,-0.04838406667113304,0.5806187987327576,0.7948086857795715,-0.02056949958205223,0.5753010511398315,0.6898835897445679,-0.034132156521081924,0.5891209840774536,0.6919291615486145,-0.03775818273425102,0.5958998799324036,0.7198591232299805,-0.037705425173044205,0.532040536403656,0.8144813776016235,-0.018856652081012726,0.5359412431716919,0.7150802612304688,-0.029309196397662163,0.5530728697776794,0.7267122268676758,-0.022940678521990776,0.558168351650238,0.7576643228530884,-0.01642516814172268,0.4957147240638733,0.829846203327179,-0.017305873334407806,0.5053736567497253,0.7462395429611206,-0.022630030289292336,0.5236552357673645,0.7590385675430298,-0.013235051184892654,0.5295020341873169,0.7900013327598572,-0.004128254950046539
0.6750553846359253,0.8485387563705444,4.06443234624021e-08,0.7562853693962097,0.727391242980957,-0.011775991879403591,0.7560799717903137,0.5860602855682373,-0.025869732722640038,0.6960742473602295,0.4987798035144806,-0.039316289126873016,0.6404155492782593,0.46442416310310364,-0.049868736416101456,0.716819167137146,0.5627033710479736,-0.042588625103235245,0.7188627123832703,0.38444817066192627,-0.07248944044113159,0.7273603081703186,0.40935003757476807,-0.0844423845410347,0.7254552841186523,0.46734365820884705,-0.08595529943704605,0.6427995562553406,0.5951448678970337,-0.046350251883268356,0.6482577919960022,0.42441943287849426,-0.06358976662158966,0.6693923473358154,0.44631606340408325,-0.06477537751197815,0.6752451062202454,0.49744439125061035,-0.0643293559551239,0.5810038447380066,0.6380364894866943,-0.050212059170007706,0.5960721373558044,0.47592681646347046,-0.059703826904296875,0.6240078210830688,0.5037293434143066,-0.046574290841817856,0.6274906396865845,0.5555057525634766,-0.03747542202472687,0.5357642769813538,0.6807517409324646,-0.05397755280137062,0.5597625970840454,0.5568795204162598,-0.055262066423892975,0.5905852317810059,0.5701689720153809,-0.03792347013950348,0.5960965156555176,0.6125099658966064,-0.024415312334895134
0.4527692198753357,0.9770327210426331,-1.7546590846961863e-09,0.4762301445007324,0.9785795211791992,0.0005346635589376092,0.5021530389785767,0.9736793041229248,-0.0032349652610719204,0.5223962068557739,0.9713866710662842,-0.010046294890344143,0.5419958829879761,0.975784420967102,-0.017224956303834915,0.5146916508674622,0.9178301095962524,0.005820011254400015,0.5379127860069275,0.8933754563331604,-0.002883310429751873,0.5532243251800537,0.9010208249092102,-0.011801891028881073,0.5591403245925903,0.9158658385276794,-0.017197201028466225,0.5103356838226318,0.9061214327812195,-0.000951440364588052,0.5339640378952026,0.8726838231086731,-0.00920788012444973,0.5498546957969666,0.8815734386444092,-0.018045229837298393,0.5536096692085266,0.9009037613868713,-0.023454593494534492,0.5029599666595459,0.899231493473053,-0.008849755860865116,0.5233967304229736,0.8658422231674194,-0.015761345624923706,0.5388359427452087,0.8747966289520264,-0.02084404043853283,0.5442845821380615,0.8926734924316406,-0.023496553301811218,0.49390819668769836,0.8974115252494812,-0.016974464058876038,0.509849488735199,0.8725622296333313,-0.021684225648641586,0.5231102108955383,0.8754398226737976,-0.02285541407763958,0.5293592810630798,0.8882201910018921,-0.023079533129930496
0.0036703459918498993,0.445329874753952,2.497134943268975e-08,0.013361822813749313,0.4053643047809601,-0.004022459965199232,0.029136285185813904,0.3655397891998291,-0.011293006129562855,0.033337391912937164,0.3373851180076599,-0.019115319475531578,0.024249721318483353,0.32555684447288513,-0.02632579579949379,0.04787183180451393,0.33272337913513184,-0.011768232099711895,0.0977042019367218,0.3396930992603302,-0.02673216350376606,0.10629615187644958,0.3587057292461395,-0.037006914615631104,0.10193586349487305,0.3707056939601898,-0.04275971278548241,0.0502801388502121,0.34926679730415344,-0.017185285687446594,0.09675197303295135,0.3605502247810364,-0.026063108816742897,0.10097174346446991,0.37731635570526123,-0.029486415907740593,0.09369225800037384,0.3857720196247101,-0.0325542651116848,0.051440589129924774,0.37357476353645325,-0.023415841162204742,0.09305555373430252,0.3843773901462555,-0.03114805929362774,0.09530309587717056,0.39843329787254333,-0.02893349528312683,0.08706579357385635,0.4046817719936371,-0.027282394468784332,0.05262601375579834,0.402271032333374,-0.030270583927631378,0.08491633832454681,0.40982770919799805,-0.034976162016391754,0.08686231821775436,0.421823650598526,-0.03144111484289169,0.07976768165826797,0.42842474579811096,-0.028113342821598053
0.023432068526744843,0.3888568580150604,1.1280380363132281e-07,0.03247329592704773,0.3440323770046234,-0.00038213960942812264,0.05170321837067604,0.30189049243927,-0.00922323763370514,0.06812205165624619,0.28012531995773315,-0.020059984177350998,0.07447153329849243,0.28137096762657166,-0.030201850458979607,0.0703745186328888,0.26429444551467896,-0.018159078434109688,0.11670581251382828,0.2422240972518921,-0.03371969610452652,0.14083167910575867,0.25960567593574524,-0.04358793795108795,0.14793379604816437,0.27576079964637756,-0.04913340136408806,0.07207329571247101,0.2872811555862427,-0.026987625285983086,0.12526379525661469,0.3015117943286896,-0.03887804225087166,0.13338354229927063,0.3231205940246582,-0.04073267802596092,0.12521988153457642,0.3290383219718933,-0.04258081689476967,0.07202813774347305,0.32088151574134827,-0.035962626338005066,0.11989395320415497,0.3431094288825989,-0.04384854435920715,0.12228788435459137,0.35781151056289673,-0.039184052497148514,0.11207921802997589,0.35846978425979614,-0.0365939736366272,0.07063030451536179,0.35889580845832825,-0.045447781682014465,0.1090504378080368,0.3763798475265503,-0.04766672104597092,0.10953407734632492,0.3875710666179657,-0.040575847029685974,0.09846509993076324,0.3889879286289215,-0.035474713891744614
0.06657074391841888,0.5160624980926514,-1.733923937763393e-07,0.05166022479534149,0.4769825041294098,-0.008590213023126125,0.04719282686710358,0.4311653971672058,-0.017771797254681587,0.0436992421746254,0.402754545211792,-0.029303964227437973,0.03294973820447922,0.3853755593299866,-0.04029624164104462,0.10789268463850021,0.37996625900268555,-0.0033554553519934416,0.1408800184726715,0.35016947984695435,-0.016034577041864395,0.14349065721035004,0.3678823709487915,-0.028018785640597343,0.1355266571044922,0.38843902945518494,-0.03521209955215454,0.13062620162963867,0.4035007059574127,-0.009094387292861938,0.16424787044525146,0.37873750925064087,-0.019440263509750366,0.16185784339904785,0.39930808544158936,-0.028608884662389755,0.14713557064533234,0.42111724615097046,-0.03401365503668785,0.14785854518413544,0.4310111105442047,-0.01700728014111519,0.18088996410369873,0.4114461839199066,-0.025233855471014977,0.17778132855892181,0.4273778796195984,-0.026884818449616432,0.16313716769218445,0.4453965723514557,-0.02705206535756588,0.15922604501247406,0.46213823556900024,-0.026223961263895035,0.18620118498802185,0.449037104845047,-0.03034305013716221,0.18367435038089752,0.4589102864265442,-0.02681620419025421,0.17181216180324554,0.47111833095550537,-0.023261478170752525
0.03319886326789856,0.5242461562156677,1.232874069501122e-08,0.04394014924764633,0.47731783986091614,-0.0013247879687696695,0.061662834137678146,0.43359002470970154,-0.0075203427113592625,0.0748390406370163,0.4110822379589081,-0.015816733241081238,0.07799722254276276,0.4199371635913849,-0.023794621229171753,0.09627596288919449,0.4048602283000946,-0.007290292531251907,0.1297437846660614,0.38210928440093994,-0.018113449215888977,0.14896419644355774,0.39396804571151733,-0.02739683911204338,0.1540972888469696,0.4091748595237732,-0.03346548229455948,0.10236873477697372,0.4362814724445343,-0.014659757725894451,0.13533785939216614,0.43486857414245605,-0.022266309708356857,0.1442544311285019,0.4464813470840454,-0.026359235867857933,0.13875308632850647,0.4554874897003174,-0.02988816425204277,0.10213745385408401,0.4741208255290985,-0.02271059900522232,0.12725131213665009,0.47764140367507935,-0.027579082176089287,0.13171273469924927,0.4846263825893402,-0.0263344906270504,0.1250184029340744,0.4890012741088867,-0.02608158066868782,0.09691186249256134,0.5142279267311096,-0.0315014123916626,0.11760598421096802,0.5175790190696716,-0.03215314820408821,0.11801121383905411,0.5178308486938477,-0.02728048525750637,0.10950632393360138,0.5180327892303467,-0.02396300807595253
0.026257768273353577,0.5277162194252014,-7.860540307547126e-08,0.04123173654079437,0.47565433382987976,-0.0006862101145088673,0.06769649684429169,0.43247270584106445,-0.00809005368500948,0.09463565051555634,0.4138774871826172,-0.017484836280345917,0.11355403065681458,0.4209575951099396,-0.024925103411078453,0.08737294375896454,0.4086947739124298,-0.01144714280962944,0.1367766559123993,0.39917975664138794,-0.026714252308011055,0.1406461000442505,0.4208489656448364,-0.037313882261514664,0.12788546085357666,0.429301381111145,-0.04278514161705971,0.0915198102593422,0.440798282623291,-0.019315192475914955,0.13619700074195862,0.44600456953048706,-0.029061155393719673,0.1322912573814392,0.4614327549934387,-0.03162693232297897,0.11455349624156952,0.4613143503665924,-0.03376834839582443,0.09361789375543594,0.4787716865539551,-0.0278214942663908,0.13160493969917297,0.484439492225647,-0.033650923520326614,0.1259157359600067,0.49411848187446594,-0.028154099360108376,0.10832235962152481,0.4927457273006439,-0.025027886033058167,0.09282851964235306,0.5177081823348999,-0.03684067726135254,0.12252280861139297,0.5208386778831482,-0.037829551845788956,0.11707399785518646,0.5260360240936279,-0.029903683811426163,0.1017603948712349,0.5248332619667053,-0.02410007454454899
0.10493683069944382,0.7681513428688049,-8.680910923430929e-08,0.09486459940671921,0.735689640045166,-0.022086728364229202,0.09608016908168793,0.6916636228561401,-0.039082229137420654,0.09994780272245407,0.6606493592262268,-0.05460387468338013,0.09689964354038239,0.6337072849273682,-0.06781332194805145,0.1392197161912918,0.6423487067222595,-0.028763536363840103,0.18510432541370392,0.617892324924469,-0.05239974707365036,0.1904621422290802,0.6518260836601257,-0.06766408681869507,0.1810949742794037,0.6792131662368774,-0.07478752732276917,0.15972737967967987,0.6654345393180847,-0.028376705944538116,0.2043047547340393,0.6489627361297607,-0.048410262912511826,0.20244736969470978,0.6834685802459717,-0.05618269369006157,0.18607033789157867,0.7048258185386658,-0.058764081448316574,0.17342130839824677,0.6923713088035583,-0.030927762389183044,0.21311834454536438,0.6803078651428223,-0.048381708562374115,0.207815483212471,0.7092322707176208,-0.04609643295407295,0.19105398654937744,0.7274389266967773,-0.041528813540935516,0.18116922676563263,0.7218011021614075,-0.035400304943323135,0.2102982997894287,0.7118396162986755,-0.047327976673841476,0.20601049065589905,0.7318127751350403,-0.043304651975631714,0.19163914024829865,0.745546817779541,-0.03786030039191246
0.13272707164287567,0.7774757742881775,-4.316408421800588e-07,0.14747560024261475,0.7718483805656433,-0.019225243479013443,0.1577380895614624,0.7382639050483704,-0.029203474521636963,0.164708212018013,0.6990156769752502,-0.0378132201731205,0.15527650713920593,0.6916664838790894,-0.04454262927174568,0.12033586204051971,0.6603035926818848,-0.016846150159835815,0.14601188898086548,0.6588978171348572,-0.031095072627067566,0.15349604189395905,0.6865167021751404,-0.04325193539261818,0.14874641597270966,0.7010284662246704,-0.051677949726581573,0.1160035952925682,0.6511010527610779,-0.015053505077958107,0.13958926498889923,0.6547985672950745,-0.024350851774215698,0.14602972567081451,0.6831059455871582,-0.029883170500397682,0.14162319898605347,0.7000271081924438,-0.034626979380846024,0.114439956843853,0.6511387825012207,-0.015342983417212963,0.1307099610567093,0.6502349972724915,-0.024241682142019272,0.13619902729988098,0.6740128397941589,-0.02304130420088768,0.13215968012809753,0.6905736327171326,-0.021925142034888268,0.11316899955272675,0.6576743125915527,-0.017744844779372215,0.12383276969194412,0.6485428810119629,-0.02075849659740925,0.126169815659523,0.6641859412193298,-0.0159194003790617,0.12297610938549042,0.6765398979187012,-0.011854433454573154
0.10052688419818878,0.7547491788864136,5.662543500761785e-08,0.1008722186088562,0.7439548969268799,-0.03987477719783783,0.11079363524913788,0.711338222026825,-0.06255334615707397,0.13523893058300018,0.6816571354866028,-0.07832005620002747,0.1565220057964325,0.6569749712944031,-0.08942336589097977,0.10175607353448868,0.6339902877807617,-0.05696084350347519,0.1598631590604782,0.5968558192253113,-0.081746406853199,0.17983320355415344,0.6256818175315857,-0.0928480327129364,0.17860589921474457,0.6549858450889587,-0.09637867659330368,0.1180458664894104,0.6284649968147278,-0.04347873106598854,0.17461450397968292,0.595594048500061,-0.06432705372571945,0.19118160009384155,0.6295145153999329,-0.06802347302436829,0.18542630970478058,0.6577860713005066,-0.06833327561616898,0.13699117302894592,0.6329686045646667,-0.03276333957910538,0.1874893307685852,0.6063324213027954,-0.05081301927566528,0.19717447459697723,0.6378744840621948,-0.04775835573673248,0.18922539055347443,0.6640586256980896,-0.04318918660283089,0.15413959324359894,0.6429376602172852,-0.024953017011284828,0.19300268590450287,0.6214961409568787,-0.03844810649752617,0.20091331005096436,0.6440149545669556,-0.03725704178214073,0.19439737498760223,0.6658929586410522,-0.03387029096484184
0.11323443800210953,0.7588194608688354,-3.6411407222658454e-08,0.14982672035694122,0.7535778284072876,-0.02265668660402298,0.1765289008617401,0.7194541096687317,-0.0336902029812336,0.18648168444633484,0.6833229660987854,-0.04161938279867172,0.18272262811660767,0.6544164419174194,-0.047685202211141586,0.1476442813873291,0.6519309282302856,-0.02505885250866413,0.1737717241048813,0.6226451992988586,-0.04793970659375191,0.17788681387901306,0.6456005573272705,-0.06234898045659065,0.1744239628314972,0.6657209992408752,-0.06929641216993332,0.12975867092609406,0.649154007434845,-0.022072454914450645,0.15866036713123322,0.6259539723396301,-0.041212115436792374,0.16346986591815948,0.6538683772087097,-0.0470929853618145,0.1604805737733841,0.6724328398704529,-0.048398617655038834,0.11462750285863876,0.6551350355148315,-0.022181548178195953,0.14384129643440247,0.6463413834571838,-0.0388621985912323,0.1448003500699997,0.6748527884483337,-0.03517385572195053,0.1380605250597,0.6913323402404785,-0.029935037717223167,0.10057199001312256,0.6698811650276184,-0.024348357692360878,0.12440653145313263,0.6635676622390747,-0.034486785531044006,0.12822310626506805,0.6873800158500671,-0.029774906113743782,0.1263190507888794,0.7016761898994446,-0.024119846522808075
0.08602531999349594,0.7247699499130249,3.911993360361521e-07,0.12712973356246948,0.7252479195594788,-0.019532624632120132,0.1675565242767334,0.6924441456794739,-0.026982219889760017,0.18639948964118958,0.6542423367500305,-0.030380599200725555,0.1925586611032486,0.6205428838729858,-0.032164789736270905,0.1293751448392868,0.656211256980896,-0.026197627186775208,0.15592092275619507,0.6094422936439514,-0.03865553438663483,0.17872090637683868,0.5887305736541748,-0.044535666704177856,0.19485056400299072,0.581256628036499,-0.04601644352078438,0.11126667261123657,0.6425760388374329,-0.019352838397026062,0.14007483422756195,0.5963118076324463,-0.02983100898563862,0.16411525011062622,0.5765209197998047,-0.03283482417464256,0.18139788508415222,0.5691432356834412,-0.03367709740996361,0.09908918291330338,0.6329715251922607,-0.013697854243218899,0.1285991668701172,0.5928223729133606,-0.022954875603318214,0.15151409804821014,0.5749069452285767,-0.023395078256726265,0.167521134018898,0.5671286582946777,-0.021872296929359436,0.0904511958360672,0.6266276836395264,-0.009506315924227238,0.11494148522615433,0.5887262225151062,-0.016829172149300575,0.1340678632259369,0.5699103474617004,-0.01726686581969261,0.1487802267074585,0.5621865391731262,-0.015592084266245365
0.10297384113073349,0.6639880537986755,-1.069937241027219e-07,0.11732764542102814,0.6497935056686401,-0.024567384272813797,0.1387038230895996,0.6087478995323181,-0.03856132552027702,0.16341546177864075,0.5732930302619934,-0.048816900700330734,0.1833002120256424,0.5451971888542175,-0.05446034297347069,0.1229313313961029,0.54818195104599,-0.03469211608171463,0.1803397536277771,0.5089104175567627,-0.05460260435938835,0.18968427181243896,0.5443922281265259,-0.06420792639255524,0.17989444732666016,0.5745819211006165,-0.06700737774372101,0.12991121411323547,0.5448586344718933,-0.02782106027007103,0.18611866235733032,0.5073942542076111,-0.043047014623880386,0.19540835916996002,0.5420078635215759,-0.045376844704151154,0.1839267462491989,0.5694870948791504,-0.04518745467066765,0.14181332290172577,0.5508700609207153,-0.023058634251356125,0.194203719496727,0.5157408714294434,-0.036003559827804565,0.2002829909324646,0.5458928942680359,-0.03057187795639038,0.1888767033815384,0.5699397921562195,-0.024931397289037704,0.1552247852087021,0.5612132549285889,-0.020126035436987877,0.1989547312259674,0.5320181250572205,-0.028114764019846916,0.20420393347740173,0.553491473197937,-0.0231141559779644,0.19488559663295746,0.5739150643348694,-0.017914101481437683
0.09238789230585098,0.698722779750824,3.388689719940885e-07,0.08582107722759247,0.6555092930793762,-0.012109733186662197,0.10558861494064331,0.6090003848075867,-0.02205670066177845,0.1401476114988327,0.5837041735649109,-0.02842877246439457,0.16516223549842834,0.5737223029136658,-0.03417753428220749,0.1046653538942337,0.6099386215209961,-0.03951079025864601,0.1324026882648468,0.563439130783081,-0.051628127694129944,0.15622957050800323,0.5338217616081238,-0.05627419427037239,0.1757483333349228,0.5146641731262207,-0.057559866458177567,0.1282331496477127,0.6313385963439941,-0.03787469491362572,0.15884871780872345,0.5805153250694275,-0.04730188101530075,0.1762194186449051,0.5461079478263855,-0.04850120097398758,0.1879199594259262,0.5248442888259888,-0.04891285300254822,0.15094533562660217,0.6515401601791382,-0.03496873378753662,0.18355584144592285,0.60465407371521,-0.04283934831619263,0.18788260221481323,0.5766831636428833,-0.04132623225450516,0.18590430915355682,0.5636129975318909,-0.03842960670590401,0.17159315943717957,0.6698756814002991,-0.032343700528144836,0.19832083582878113,0.6276054978370667,-0.03738321363925934,0.20101633667945862,0.6003621220588684,-0.03529771417379379,0.19985246658325195,0.5859577655792236,-0.03205130994319916
0.5111994743347168,0.8072646260261536,-7.589308665956196e-07,0.43208813667297363,0.7465832233428955,-0.09511475265026093,0.3938743472099304,0.6305606365203857,-0.14533910155296326,0.4031328558921814,0.5277671217918396,-0.17406056821346283,0.44463542103767395,0.48385676741600037,-0.19369718432426453,0.5550094246864319,0.6502255201339722,-0.15147152543067932,0.5081958770751953,0.4842624068260193,-0.19933490455150604,0.4534934163093567,0.49866536259651184,-0.212912917137146,0.44301146268844604,0.5454273223876953,-0.21843867003917694,0.5984159708023071,0.6267220377922058,-0.11840619146823883,0.5517098903656006,0.44864708185195923,-0.1681392788887024,0.48389551043510437,0.4553711712360382,-0.16706635057926178,0.46731963753700256,0.5082416534423828,-0.16113921999931335,0.6163015365600586,0.599324107170105,-0.08994390815496445,0.5628432631492615,0.43795260787010193,-0.13285663723945618,0.5024023056030273,0.4498852789402008,-0.12391769140958786,0.49457699060440063,0.5019842386245728,-0.11334141343832016,0.6169266700744629,0.5819458961486816,-0.06809878349304199,0.5637173652648926,0.4623074233531952,-0.10668854415416718,0.5213436484336853,0.46534645557403564,-0.11080921441316605,0.5164239406585693,0.5084356665611267,-0.10709665715694427
0.49229034781455994,0.8096828460693359,-9.559433067352074e-08,0.5461252331733704,0.7406464219093323,-0.021732263267040253,0.5534570217132568,0.6132504343986511,-0.044785723090171814,0.5198220610618591,0.5026038289070129,-0.06336219608783722,0.4859445095062256,0.44545403122901917,-0.0803154930472374,0.5740294456481934,0.6081412434577942,-0.0741371363401413,0.5660364627838135,0.4295799732208252,-0.10275380313396454,0.5372909903526306,0.3964367210865021,-0.11022209376096725,0.5247463583946228,0.4065769612789154,-0.11279074847698212,0.5201069712638855,0.6092312335968018,-0.07622335106134415,0.5006009340286255,0.44793450832366943,-0.1062711775302887,0.48471057415008545,0.4690587818622589,-0.1043488159775734,0.4922224283218384,0.5185645818710327,-0.10046255588531494,0.46584922075271606,0.6105816960334778,-0.07753702253103256,0.45650747418403625,0.4685397148132324,-0.10585714131593704,0.45535480976104736,0.49221375584602356,-0.09632227569818497,0.4697723388671875,0.534953773021698,-0.08590863645076752,0.41991010308265686,0.6062597036361694,-0.07872992753982544,0.4246240258216858,0.48980483412742615,-0.10259583592414856,0.43133652210235596,0.48281431198120117,-0.098920539021492,0.4417274296283722,0.49543511867523193,-0.09281886368989944
0.49189063906669617,0.7751438617706299,7.543260238662697e-08,0.561139702796936,0.6876991391181946,-0.03268185630440712,0.5875612497329712,0.5558663010597229,-0.058531422168016434,0.5595516562461853,0.4398820400238037,-0.0778411254286766,0.507157564163208,0.3916442096233368,-0.09520258754491806,0.5795168280601501,0.557489275932312,-0.07646173238754272,0.5644506812095642,0.3911779522895813,-0.11970824003219604,0.5270153880119324,0.3644654154777527,-0.13870473206043243,0.5023714303970337,0.38194888830184937,-0.14514140784740448,0.5188087224960327,0.571865975856781,-0.07309314608573914,0.4878692030906677,0.4081600308418274,-0.11813989281654358,0.47870928049087524,0.439520001411438,-0.1247590109705925,0.491707980632782,0.499202698469162,-0.1211586445569992,0.462717205286026,0.5821709632873535,-0.07092045247554779,0.4406370222568512,0.44072383642196655,-0.11083203554153442,0.4452162981033325,0.4687569737434387,-0.10304087400436401,0.4615734815597534,0.5171457529067993,-0.0882163718342781,0.4170343279838562,0.5846124887466431,-0.06938067078590393,0.40671780705451965,0.4742242395877838,-0.0956616997718811,0.4142757058143616,0.48978328704833984,-0.08861254900693893,0.4249063730239868,0.524712860584259,-0.0769723579287529
0.5070440173149109,0.7794777154922485,-4.6171999201760627e-07,0.483859658241272,0.7243402600288391,-0.05494443699717522,0.4547104835510254,0.6110211610794067,-0.09853838384151459,0.43185797333717346,0.5063115954399109,-0.13294966518878937,0.43668413162231445,0.44916844367980957,-0.16274403035640717,0.5679059624671936,0.6055338978767395,-0.10822063684463501,0.5548102259635925,0.4218922257423401,-0.15952596068382263,0.5086272954940796,0.40870362520217896,-0.18095573782920837,0.49196138978004456,0.4426335096359253,-0.19024676084518433,0.5669026374816895,0.6286335587501526,-0.09956752508878708,0.5221306085586548,0.4512763023376465,-0.15065979957580566,0.4845513105392456,0.47605541348457336,-0.1564933806657791,0.48882973194122314,0.528323233127594,-0.1549813449382782,0.5527334809303284,0.6442144513130188,-0.09443056583404541,0.49616414308547974,0.4970398545265198,-0.13823272287845612,0.47143733501434326,0.5279696583747864,-0.12865540385246277,0.4854922592639923,0.5736506581306458,-0.11634159088134766,0.535760223865509,0.652429461479187,-0.09224911034107208,0.4903567433357239,0.5291630029678345,-0.12934009730815887,0.47055578231811523,0.5520700812339783,-0.12486393749713898,0.47600388526916504,0.5945460796356201,-0.11451506614685059
0.48105573654174805,0.8011348247528076,-4.298152589399251e-08,0.5488317012786865,0.765904426574707,-0.06162232533097267,0.5765877366065979,0.6714942455291748,-0.09371297061443329,0.5650959610939026,0.5573422312736511,-0.11677897721529007,0.5471538305282593,0.4898427128791809,-0.13363517820835114,0.56455397605896,0.6131826043128967,-0.07628186792135239,0.5376300811767578,0.44219091534614563,-0.12421394139528275,0.5146265029907227,0.44924578070640564,-0.1425173133611679,0.5084076523780823,0.5044090747833252,-0.14444281160831451,0.5051923990249634,0.6044508218765259,-0.058058783411979675,0.476419597864151,0.4507431983947754,-0.10713037103414536,0.4609476625919342,0.49121081829071045,-0.1161881685256958,0.4712170362472534,0.5467075705528259,-0.10960812866687775,0.4563957452774048,0.5982749462127686,-0.04616410285234451,0.4361785650253296,0.4813457131385803,-0.09534488618373871,0.4349687099456787,0.5225744247436523,-0.09495054185390472,0.45283472537994385,0.5721287727355957,-0.08004599809646606,0.42025524377822876,0.5927479267120361,-0.037660863250494,0.4094662070274353,0.4976311922073364,-0.07382381707429886,0.41206812858581543,0.529440701007843,-0.07324616611003876,0.42387640476226807,0.576189398765564,-0.06179921329021454
0.4439356029033661,0.5822296738624573,-1.824306110620455e-07,0.4651848375797272,0.6060230135917664,-0.03534763678908348,0.4807368218898773,0.6116349101066589,-0.062202662229537964,0.49218568205833435,0.6132457256317139,-0.0822964459657669,0.5091795921325684,0.6135467886924744,-0.10107509791851044,0.4613560438156128,0.5276215672492981,-0.06649372726678848,0.46338868141174316,0.57902991771698,-0.09408304840326309,0.4622573256492615,0.6220008134841919,-0.11027712374925613,0.4634874761104584,0.6558461785316467,-0.11887764185667038,0.44846871495246887,0.5025705695152283,-0.057770539075136185,0.4569869041442871,0.5655920505523682,-0.07962173223495483,0.4663556218147278,0.6101728677749634,-0.08419578522443771,0.4738010764122009,0.639003574848175,-0.08698009699583054,0.4406735301017761,0.49649786949157715,-0.04985562711954117,0.4538884460926056,0.556647002696991,-0.06651915609836578,0.464557021856308,0.5940932631492615,-0.06203173100948334,0.4706767201423645,0.6201563477516174,-0.058441679924726486,0.4363621771335602,0.5026532411575317,-0.04493002966046333,0.45091232657432556,0.5490710735321045,-0.0583142414689064,0.4615599513053894,0.5788133144378662,-0.05610421299934387,0.469647616147995,0.5987783074378967,-0.052187029272317886
0.4479411542415619,0.5853418111801147,-7.77667352735989e-08,0.45866772532463074,0.6012839078903198,-0.013193531893193722,0.4684646427631378,0.5971452593803406,-0.02674129046499729,0.4767555892467499,0.589593768119812,-0.03870866075158119,0.4850314259529114,0.5816406607627869,-0.04975084587931633,0.4424129128456116,0.5434623956680298,-0.03065808117389679,0.45350489020347595,0.5802207589149475,-0.050462011247873306,0.45590460300445557,0.610550045967102,-0.0661744624376297,0.4564034342765808,0.6334611177444458,-0.07571082562208176,0.4473724663257599,0.5234523415565491,-0.030977990478277206,0.47379475831985474,0.5556085109710693,-0.04205289110541344,0.4886217713356018,0.5697393417358398,-0.04688241332769394,0.4965090751647949,0.5781297087669373,-0.05226726084947586,0.4566126763820648,0.5157294273376465,-0.03195713460445404,0.4879314601421356,0.5422539114952087,-0.039500389248132706,0.4954293370246887,0.5588122010231018,-0.03576047718524933,0.4944590628147125,0.5680904984474182,-0.03460684046149254,0.4675581455230713,0.5173982381820679,-0.03453896567225456,0.49656105041503906,0.5384633541107178,-0.03886916860938072,0.502453088760376,0.550523042678833,-0.03424755111336708,0.5019088983535767,0.5562223792076111,-0.03077593259513378
0.447042852640152,0.5760547518730164,-2.134313490387285e-07,0.4678240716457367,0.6038005352020264,-0.034294165670871735,0.4840758144855499,0.6135243773460388,-0.0613991916179657,0.49880528450012207,0.6190241575241089,-0.08203069865703583,0.518433690071106,0.621770441532135,-0.10156155377626419,0.4604552090167999,0.5362886190414429,-0.06656327843666077,0.46197742223739624,0.5848106145858765,-0.09473935514688492,0.45750802755355835,0.6263590455055237,-0.11227589100599289,0.4552929103374481,0.659736156463623,-0.12191644310951233,0.44759851694107056,0.5050283670425415,-0.058374688029289246,0.45781779289245605,0.5641593933105469,-0.07956668734550476,0.46438175439834595,0.6068816781044006,-0.0840311273932457,0.4691968262195587,0.6331532001495361,-0.0871330052614212,0.4398360550403595,0.4925720989704132,-0.050830841064453125,0.45270442962646484,0.547886073589325,-0.06578555703163147,0.4599223732948303,0.5841556191444397,-0.060216207057237625,0.46337980031967163,0.6072142720222473,-0.056533969938755035,0.43571433424949646,0.49326053261756897,-0.04636052995920181,0.44729527831077576,0.5347529649734497,-0.05721265822649002,0.45444992184638977,0.5639364123344421,-0.05297471955418587,0.46041062474250793,0.582592785358429,-0.048258259892463684
0.46483245491981506,0.5758329629898071,-3.0578218002119684e-07,0.4848543703556061,0.5910052061080933,-0.0253597479313612,0.4951523244380951,0.5962672829627991,-0.04575313627719879,0.4982580840587616,0.6045231819152832,-0.06229796260595322,0.505577564239502,0.6184206604957581,-0.0792287066578865,0.48740890622138977,0.5212021470069885,-0.045687347650527954,0.46433547139167786,0.5791577100753784,-0.06942322850227356,0.45257312059402466,0.6213036179542542,-0.08625879883766174,0.45166468620300293,0.6519586443901062,-0.09558812528848648,0.46596720814704895,0.5037310719490051,-0.04049314558506012,0.446022629737854,0.5655021071434021,-0.05731278285384178,0.4407694339752197,0.6107370853424072,-0.06302006542682648,0.44148123264312744,0.6407970190048218,-0.06677903234958649,0.44614338874816895,0.5009313225746155,-0.036097023636102676,0.4280453622341156,0.5591819286346436,-0.0496319904923439,0.4277281165122986,0.5999251008033752,-0.0480702705681324,0.4308364987373352,0.6270790696144104,-0.046048544347286224,0.4311239421367645,0.507266104221344,-0.03389894589781761,0.4153992235660553,0.5498218536376953,-0.042745187878608704,0.41332200169563293,0.579848051071167,-0.03952053189277649,0.4150533974170685,0.6006244421005249,-0.035244036465883255
0.4463496804237366,0.5390483736991882,6.049736356317226e-08,0.44626474380493164,0.5694913268089294,-0.016301317140460014,0.4507347643375397,0.5866108536720276,-0.03348623961210251,0.46391913294792175,0.5962417721748352,-0.0489129014313221,0.47961747646331787,0.6013904809951782,-0.06442328542470932,0.42466381192207336,0.5616129636764526,-0.039206504821777344,0.4524495303630829,0.5936535000801086,-0.06024463474750519,0.47102537751197815,0.6121140122413635,-0.07491706311702728,0.48507243394851685,0.628722071647644,-0.08364831656217575,0.4350524842739105,0.5322915315628052,-0.039078228175640106,0.47550418972969055,0.5603950023651123,-0.054313775151968,0.5030816197395325,0.5732837915420532,-0.05890490487217903,0.5206993818283081,0.5845494270324707,-0.06328123807907104,0.4497891962528229,0.5108093023300171,-0.03952840715646744,0.49396103620529175,0.5353130102157593,-0.05203533545136452,0.5127003788948059,0.5522725582122803,-0.05042380094528198,0.5220496654510498,0.5664069652557373,-0.04920193552970886,0.46689528226852417,0.4968147277832031,-0.04159845411777496,0.5024279356002808,0.518230676651001,-0.04869631677865982,0.5160233974456787,0.5335961580276489,-0.046236127614974976,0.523239254951477,0.5453708171844482,-0.0442565493285656
0.4520450234413147,0.5891937613487244,-2.0956096591362439e-07,0.47562286257743835,0.6048138737678528,-0.031140461564064026,0.4912926256656647,0.6053548455238342,-0.05468076094985008,0.5000032186508179,0.6078140735626221,-0.07333456724882126,0.5145403146743774,0.6170915365219116,-0.09111463278532028,0.47951388359069824,0.5162034630775452,-0.051816023886203766,0.4673049747943878,0.5742826461791992,-0.07926519215106964,0.46307629346847534,0.614729106426239,-0.09728802740573883,0.46529847383499146,0.6415809392929077,-0.10742048919200897,0.4595955014228821,0.49885979294776917,-0.04563537612557411,0.4500141441822052,0.5669360756874084,-0.06675705313682556,0.45356643199920654,0.6089004278182983,-0.07344061881303787,0.45853716135025024,0.6329837441444397,-0.07762723416090012,0.4419853091239929,0.4985155761241913,-0.04099743068218231,0.4344121515750885,0.5664152503013611,-0.05837995558977127,0.4412921667098999,0.6060816049575806,-0.056901030242443085,0.4463070333003998,0.630822479724884,-0.05457012355327606,0.4290052652359009,0.5088317394256592,-0.03931784629821777,0.4250829219818115,0.5594406127929688,-0.05117206275463104,0.4297625720500946,0.5906767845153809,-0.04964987933635712,0.4341023564338684,0.6114581823348999,-0.046260152012109756
0.44866108894348145,0.58061283826828,-1.829464224556432e-07,0.4593800902366638,0.6030492782592773,-0.0313970148563385,0.4704791009426117,0.6086710691452026,-0.05728038027882576,0.48426708579063416,0.6129409670829773,-0.07796087116003036,0.5035367012023926,0.6174839735031128,-0.09752056002616882,0.4489928185939789,0.53291255235672,-0.06052467226982117,0.45489588379859924,0.5815314650535583,-0.08903473615646362,0.4573468565940857,0.6215338706970215,-0.1059957891702652,0.46213093400001526,0.6530790328979492,-0.11491944640874863,0.4467419385910034,0.5045405030250549,-0.05454709380865097,0.4598637521266937,0.5646893978118896,-0.07845056056976318,0.4700077474117279,0.6077356934547424,-0.08428747951984406,0.47860950231552124,0.6356096863746643,-0.08741147816181183,0.4503811001777649,0.49322080612182617,-0.04958128184080124,0.4692825973033905,0.5497599840164185,-0.06952377408742905,0.48005157709121704,0.5874216556549072,-0.06724704802036285,0.487247496843338,0.6138948202133179,-0.06421136111021042,0.4573672115802765,0.4935915470123291,-0.04715818166732788,0.4787216782569885,0.5361679196357727,-0.06159750372171402,0.48896121978759766,0.5675030946731567,-0.059930626302957535,0.49760010838508606,0.588779628276825,-0.056323856115341187
0.4360140562057495,0.5628865361213684,-1.1973837388268294e-07,0.4394364655017853,0.5893624424934387,-0.02716284804046154,0.4500541388988495,0.5996357202529907,-0.05143507570028305,0.46818864345550537,0.6058601140975952,-0.07141750305891037,0.4901621341705322,0.6092516779899597,-0.09057829529047012,0.42741233110427856,0.5542289018630981,-0.061935920268297195,0.44961947202682495,0.5913838148117065,-0.09108322113752365,0.4563048779964447,0.6262791156768799,-0.10824115574359894,0.4615759253501892,0.6558034420013428,-0.1171858012676239,0.4342019259929657,0.5207299590110779,-0.05817509442567825,0.46833860874176025,0.5617184042930603,-0.0820448249578476,0.4873805642127991,0.5921492576599121,-0.08740776777267456,0.5002233982086182,0.6137086749076843,-0.09064650535583496,0.44715046882629395,0.4992865324020386,-0.05500110238790512,0.4881577789783478,0.5352387428283691,-0.07441902905702591,0.5038461089134216,0.5626306533813477,-0.07243482768535614,0.513150691986084,0.582269549369812,-0.0699499174952507,0.4625307321548462,0.48792415857315063,-0.053944434970617294,0.4990527331829071,0.5165809988975525,-0.06639410555362701,0.512107253074646,0.5408015847206116,-0.06395141035318375,0.5214677453041077,0.5570333003997803,-0.060970209538936615
0.46257665753364563,0.5429706573486328,-1.6321598650392843e-07,0.4591256380081177,0.5723809599876404,-0.02090546488761902,0.45961445569992065,0.5917608141899109,-0.04151908680796623,0.4730662405490875,0.6045807600021362,-0.059155452996492386,0.4882195293903351,0.6105024218559265,-0.07665669173002243,0.439822793006897,0.546821653842926,-0.04999256134033203,0.44675761461257935,0.5952751040458679,-0.07465169578790665,0.45208117365837097,0.6243333220481873,-0.09241288900375366,0.45842599868774414,0.6436331272125244,-0.10352575033903122,0.45123958587646484,0.5201430320739746,-0.04810592532157898,0.4672703146934509,0.5686302185058594,-0.06611254066228867,0.47921448945999146,0.5871889591217041,-0.0723252072930336,0.4881708323955536,0.5980437397956848,-0.078095942735672,0.46614882349967957,0.5045844316482544,-0.04647888243198395,0.48896339535713196,0.5490272045135498,-0.059451621025800705,0.49642252922058105,0.5665245652198792,-0.05775698274374008,0.4989495575428009,0.5755961537361145,-0.057577379047870636,0.4827013313770294,0.49798718094825745,-0.046928100287914276,0.503081202507019,0.535123348236084,-0.05532873049378395,0.5066350102424622,0.5505795478820801,-0.053400181233882904,0.5068302750587463,0.5565388202667236,-0.05192670226097107
