x1,x2,x3,x4,x5,x6,x7,x8,x9,x10,x11,x12,x13,x14,x15,x16,x17,x18,x19,x20,x21,y1,y2,y3,y4,y5,y6,y7,y8,y9,y10,y11,y12,y13,y14,y15,y16,y17,y18,y19,y20,y21,z1,z2,z3,z4,z5,z6,z7,z8,z9,z10,z11,z12,z13,z14,z15,z16,z17,z18,z19,z20,z21
0.9376699924468994,1.0148375034332275,3.761381890399207e-07,0.8553803563117981,0.998705267906189,-0.04828708991408348,0.780788004398346,0.9230639934539795,-0.07687213271856308,0.7453283667564392,0.8357006907463074,-0.10200601071119308,0.7160143852233887,0.7470742464065552,-0.12707017362117767,0.8001370429992676,0.7415285110473633,-0.043474018573760986,0.7726483941078186,0.6381810903549194,-0.07998545467853546,0.7457792162895203,0.5758479833602905,-0.11601312458515167,0.7193723320960999,0.5312246680259705,-0.14328503608703613,0.8622426986694336,0.7200030088424683,-0.04734286665916443,0.8478175401687622,0.5909373164176941,-0.09613428264856339,0.8230341672897339,0.5669463872909546,-0.13927720487117767,0.7995453476905823,0.5916239023208618,-0.16504108905792236,0.9270996451377869,0.7269827723503113,-0.0558990016579628,0.9232454895973206,0.5940834283828735,-0.10720301419496536,0.9035496115684509,0.5738994479179382,-0.14130303263664246,0.8852242231369019,0.6045401692390442,-0.15835967659950256,0.9922077655792236,0.7622586488723755,-0.06721563637256622,1.0115079879760742,0.6526111960411072,-0.11949766427278519,1.0267672538757324,0.6012209057807922,-0.14671069383621216,1.0401391983032227,0.5884603261947632,-0.15982796251773834
0.9305794835090637,0.9896689057350159,3.8017685710656224e-07,0.8381491899490356,0.9649010300636292,-0.045910753309726715,0.758857786655426,0.8818145990371704,-0.07261276245117188,0.7221952676773071,0.7913190722465515,-0.09641771763563156,0.6930460929870605,0.6947659850120544,-0.11726826429367065,0.7801390290260315,0.7002935409545898,-0.03138624131679535,0.754214346408844,0.5909205079078674,-0.07227476686239243,0.7282532453536987,0.5311547517776489,-0.10928243398666382,0.7031838893890381,0.5062923431396484,-0.1322760134935379,0.8473712205886841,0.6787506341934204,-0.031590353697538376,0.8243821263313293,0.5555179715156555,-0.07971349358558655,0.7966035008430481,0.5280359387397766,-0.11635822057723999,0.7737151384353638,0.5611715912818909,-0.1335410177707672,0.9183151125907898,0.6838191151618958,-0.038310326635837555,0.9084376692771912,0.5632786154747009,-0.07975862920284271,0.878444254398346,0.5479429364204407,-0.10260141640901566,0.8499863743782043,0.5805968046188354,-0.10945765674114227,0.9948459267616272,0.7111120223999023,-0.04887626692652702,1.002381443977356,0.6060892343521118,-0.0826445147395134,0.9818244576454163,0.5535892248153687,-0.10057961195707321,0.9545842409133911,0.5374941825866699,-0.10661482065916061
0.9178038239479065,0.9740171432495117,3.075805921071151e-07,0.8246320486068726,0.9453231692314148,-0.042965520173311234,0.7435427904129028,0.8487231731414795,-0.06797826290130615,0.7024595737457275,0.7537579536437988,-0.09185190498828888,0.677477240562439,0.6512786149978638,-0.11188256740570068,0.7638424038887024,0.6679856777191162,-0.017839008942246437,0.7356026768684387,0.5523320436477661,-0.06287190318107605,0.7084730863571167,0.497225284576416,-0.1040448471903801,0.6880024671554565,0.4914243519306183,-0.1271367371082306,0.8293963074684143,0.64427649974823,-0.018459957093000412,0.8021688461303711,0.5116232633590698,-0.06803249567747116,0.7740143537521362,0.494071900844574,-0.1062580943107605,0.7581676244735718,0.5447707176208496,-0.12281375378370285,0.8990291953086853,0.6469030380249023,-0.02667711302638054,0.8840999007225037,0.5149450898170471,-0.06870303303003311,0.8487953543663025,0.5111770629882812,-0.0914408266544342,0.8223541378974915,0.562615692615509,-0.09639977663755417,0.9751364588737488,0.6718249917030334,-0.03879334405064583,0.9775381088256836,0.552842915058136,-0.0706637054681778,0.9464503526687622,0.5098533034324646,-0.0867638885974884,0.9115698933601379,0.517076313495636,-0.09049092233181
0.8802737593650818,0.904028594493866,2.2319055403841048e-07,0.7851784825325012,0.8548303842544556,-0.04033826291561127,0.7019142508506775,0.7429773807525635,-0.060370225459337234,0.6511004567146301,0.6400322914123535,-0.08241458237171173,0.6215221285820007,0.5320541262626648,-0.09975862503051758,0.7160367369651794,0.5703817009925842,0.010355775244534016,0.6803762912750244,0.44714534282684326,-0.0324183888733387,0.6556587815284729,0.41583335399627686,-0.07549536973237991,0.6438628435134888,0.4362979233264923,-0.09967382997274399,0.7735005021095276,0.5454955697059631,0.00902589876204729,0.7327088713645935,0.40282660722732544,-0.0357082225382328,0.7122418880462646,0.40282219648361206,-0.07882707566022873,0.7093201875686646,0.46601760387420654,-0.10026909410953522,0.8397404551506042,0.5418962240219116,-0.0017831579316407442,0.811743438243866,0.39538466930389404,-0.040130507200956345,0.7851400375366211,0.4084572196006775,-0.06824752688407898,0.7749010324478149,0.4812396764755249,-0.07830523699522018,0.9178454279899597,0.5564953088760376,-0.0168849378824234,0.9040024280548096,0.4277854561805725,-0.046067167073488235,0.8697059154510498,0.4180801510810852,-0.062445007264614105,0.8424201011657715,0.46947771310806274,-0.06766200065612793
0.8690277934074402,0.8758524656295776,-2.124632487721101e-07,0.7681005001068115,0.829169511795044,-0.03793768212199211,0.6847055554389954,0.7207357883453369,-0.058450713753700256,0.6384814977645874,0.620390772819519,-0.08198335021734238,0.6048721671104431,0.5171209573745728,-0.09960760176181793,0.6985082626342773,0.5395960211753845,0.0068272789940238,0.6641305685043335,0.4031408727169037,-0.04330143705010414,0.644119143486023,0.3939884305000305,-0.08571507781744003,0.6371530294418335,0.4398176372051239,-0.10543589293956757,0.759207010269165,0.5177927017211914,0.0026049898006021976,0.7207205891609192,0.36342906951904297,-0.04870349168777466,0.7004747986793518,0.3939714729785919,-0.08486872166395187,0.6988823413848877,0.4778934121131897,-0.09730517119169235,0.8250646591186523,0.5162158608436584,-0.011968351900577545,0.7945195436477661,0.36698612570762634,-0.055885158479213715,0.765016496181488,0.3974718749523163,-0.07695478200912476,0.7567331194877625,0.4731929302215576,-0.07897888123989105,0.9014294147491455,0.5293221473693848,-0.030837468802928925,0.8811925649642944,0.3952063322067261,-0.05962079018354416,0.8486766815185547,0.400038480758667,-0.06976944953203201,0.8288381695747375,0.45773470401763916,-0.06916181743144989
0.8601963520050049,0.8602125644683838,-2.9837633519491646e-07,0.7576106786727905,0.8108135461807251,-0.037768781185150146,0.6760173439979553,0.7004085183143616,-0.05918487161397934,0.6287046670913696,0.5979642271995544,-0.08463826775550842,0.5935779213905334,0.4936915636062622,-0.10391288995742798,0.6912923455238342,0.5216040015220642,0.011225826106965542,0.6533452272415161,0.38659584522247314,-0.03858688473701477,0.632666826248169,0.38205915689468384,-0.07902427762746811,0.629508376121521,0.4271802008152008,-0.09756078571081161,0.7499201893806458,0.49814701080322266,0.0059677110984921455,0.7104949951171875,0.3368021249771118,-0.047862544655799866,0.6928847432136536,0.3809519112110138,-0.0839843600988388,0.6972191333770752,0.4679971933364868,-0.09475085884332657,0.8142465353012085,0.494702011346817,-0.00976551789790392,0.7853699922561646,0.33872097730636597,-0.054206203669309616,0.7589423656463623,0.3827609419822693,-0.07341693341732025,0.7555392980575562,0.46299847960472107,-0.0733017772436142,0.8891535401344299,0.5075411796569824,-0.03006632626056671,0.8712751865386963,0.37392449378967285,-0.057265203446149826,0.8373584151268005,0.3843446373939514,-0.06672746688127518,0.8171005249023438,0.4433932602405548,-0.06584656238555908
0.8156805634498596,0.7719895839691162,-4.969358542439295e-07,0.7187702059745789,0.7050944566726685,-0.036253295838832855,0.6408021450042725,0.6083158850669861,-0.05996033176779747,0.5924480557441711,0.5060492753982544,-0.09079763293266296,0.5750977396965027,0.39722907543182373,-0.11517472565174103,0.6457146406173706,0.4383277893066406,0.016883041709661484,0.6123032569885254,0.30712199211120605,-0.042048562318086624,0.6221452355384827,0.3544069826602936,-0.08325590938329697,0.6433498859405518,0.41329824924468994,-0.10013726353645325,0.7074170708656311,0.41533708572387695,0.011000130325555801,0.6776794195175171,0.27223023772239685,-0.04814997687935829,0.6795459389686584,0.37755465507507324,-0.0741184800863266,0.6899852752685547,0.4623107314109802,-0.07497682422399521,0.7728976607322693,0.40941354632377625,-0.006983102299273014,0.7509386539459229,0.2743200957775116,-0.06285474449396133,0.7403256297111511,0.3859543800354004,-0.06300108879804611,0.7438030242919922,0.47844600677490234,-0.04401209205389023,0.8439661860466003,0.4193647801876068,-0.02907824143767357,0.8238586187362671,0.30066317319869995,-0.05895144119858742,0.7997095584869385,0.3681986927986145,-0.05117111653089523,0.7897554636001587,0.44979920983314514,-0.03429410979151726
0.8090570569038391,0.7484363317489624,-6.905964369252615e-07,0.7152424454689026,0.6891902685165405,-0.034064680337905884,0.6355755925178528,0.5925448536872864,-0.055902838706970215,0.5911146402359009,0.4894856810569763,-0.08478456735610962,0.5820674300193787,0.3769494295120239,-0.10615076124668121,0.6398589015007019,0.4228885769844055,0.01684648171067238,0.6030306816101074,0.2923436164855957,-0.04088591784238815,0.6182700395584106,0.35599660873413086,-0.07895040512084961,0.6443026661872864,0.4243448078632355,-0.09349575638771057,0.6990656852722168,0.40193504095077515,0.010257957503199577,0.668589174747467,0.2627846300601959,-0.047946441918611526,0.6754734516143799,0.37194788455963135,-0.07041183114051819,0.6915996670722961,0.4546998143196106,-0.06783320754766464,0.7641313076019287,0.39779937267303467,-0.008217728696763515,0.7371724843978882,0.27069583535194397,-0.0632963478565216,0.7328346967697144,0.38753995299339294,-0.05905700474977493,0.7436289191246033,0.4763089120388031,-0.03656787797808647,0.8361269235610962,0.40793436765670776,-0.030621616169810295,0.8099895715713501,0.29962170124053955,-0.0594354011118412,0.7884964346885681,0.3676494359970093,-0.04924670234322548,0.7829256653785706,0.43864405155181885,-0.030274059623479843
0.7973279356956482,0.7321350574493408,-8.294706503875204e-07,0.7040517926216125,0.6739038228988647,-0.0319112092256546,0.6302651762962341,0.5750139951705933,-0.053126610815525055,0.5929515361785889,0.4678833782672882,-0.08071403950452805,0.5861362218856812,0.35794270038604736,-0.10115109384059906,0.6340206265449524,0.4074957072734833,0.01437610387802124,0.6021078824996948,0.28489816188812256,-0.044840674847364426,0.6190303564071655,0.3645184636116028,-0.08179878443479538,0.6435462236404419,0.43444791436195374,-0.09521486610174179,0.69398033618927,0.3894898593425751,0.007022777572274208,0.6670517921447754,0.2592998147010803,-0.05237340182065964,0.6762157678604126,0.38282012939453125,-0.07219944149255753,0.6921083927154541,0.45686793327331543,-0.06725233048200607,0.7582587599754333,0.38523924350738525,-0.011657102033495903,0.73486328125,0.2675471901893616,-0.06893865764141083,0.7324030995368958,0.3947907090187073,-0.05958472192287445,0.7417929768562317,0.4727307856082916,-0.03331227973103523,0.8280692100524902,0.39584487676620483,-0.03372039273381233,0.8001236915588379,0.2950906753540039,-0.06316909193992615,0.7861803770065308,0.37770023941993713,-0.0473482571542263,0.787143886089325,0.4425271451473236,-0.023832354694604874
0.790090799331665,0.7215500473976135,-9.045888305081462e-07,0.6986857056617737,0.6622506380081177,-0.03263714164495468,0.6279997825622559,0.5586608648300171,-0.052409619092941284,0.5951116681098938,0.44648897647857666,-0.07786539942026138,0.5890786647796631,0.3351913094520569,-0.09537552297115326,0.6341508626937866,0.3946811556816101,0.018092649057507515,0.6044453978538513,0.2836436629295349,-0.0424470454454422,0.6251378059387207,0.3757801651954651,-0.07821699231863022,0.6499424576759338,0.44419339299201965,-0.09013796597719193,0.6927779912948608,0.37806832790374756,0.011548824608325958,0.6644113659858704,0.2605031728744507,-0.04964367300271988,0.6766149997711182,0.39094164967536926,-0.06797674298286438,0.6938578486442566,0.45713943243026733,-0.06078888848423958,0.7557013034820557,0.37483322620391846,-0.0069747911766171455,0.7311481833457947,0.27321457862854004,-0.06853719055652618,0.7314881086349487,0.4039873778820038,-0.058089375495910645,0.7423941493034363,0.47159627079963684,-0.029375392943620682,0.8235409259796143,0.38643133640289307,-0.028609612956643105,0.7928523421287537,0.29623091220855713,-0.06028850004076958,0.7830162048339844,0.3847030997276306,-0.043206896632909775,0.7881472110748291,0.4449397325515747,-0.017595075070858
0.8001991510391235,0.6807315349578857,-9.270137866224104e-07,0.7083492875099182,0.6307691335678101,-0.03416170924901962,0.6431893706321716,0.5310463905334473,-0.0554165244102478,0.6333156824111938,0.41241803765296936,-0.08042475581169128,0.6290302276611328,0.3104415535926819,-0.0942177101969719,0.6408188939094543,0.3800247609615326,0.002802550559863448,0.6009450554847717,0.2802165150642395,-0.062202394008636475,0.6282652616500854,0.38610294461250305,-0.08792246133089066,0.6548824906349182,0.42938974499702454,-0.09170683473348618,0.7026730179786682,0.36458620429039,-0.0040409136563539505,0.6720930337905884,0.271928071975708,-0.06673863530158997,0.6916362643241882,0.4093654751777649,-0.06927619874477386,0.7067990899085999,0.4285239577293396,-0.05139138177037239,0.7668460607528687,0.3608970046043396,-0.023592833429574966,0.7394131422042847,0.3008769750595093,-0.08887741714715958,0.749443769454956,0.4347437024116516,-0.06397941708564758,0.7630648016929626,0.44973060488700867,-0.026574939489364624,0.8341642022132874,0.36699625849723816,-0.04658493399620056,0.7987337708473206,0.3087422549724579,-0.07602426409721375,0.7984451651573181,0.40455591678619385,-0.049301374703645706,0.812247097492218,0.43550562858581543,-0.017782287672162056
0.8015081882476807,0.6683368682861328,-8.903962793738174e-07,0.7179622054100037,0.622238039970398,-0.035856276750564575,0.6517662405967712,0.5227588415145874,-0.05799458175897598,0.6486145257949829,0.40220579504966736,-0.083786740899086,0.6671358346939087,0.30309343338012695,-0.09830303490161896,0.642884373664856,0.37244105339050293,0.004617621656507254,0.6063836812973022,0.27531710267066956,-0.061585236340761185,0.6284003853797913,0.37668442726135254,-0.08710630238056183,0.6534246206283569,0.4193026125431061,-0.09031989425420761,0.7054578065872192,0.3558732569217682,-0.0019020935287699103,0.6819683909416199,0.2703896164894104,-0.06513284891843796,0.696753978729248,0.40663942694664,-0.06622364372015,0.7088866233825684,0.41742992401123047,-0.04648778587579727,0.7713309526443481,0.35232600569725037,-0.022038768976926804,0.7513315677642822,0.29842472076416016,-0.08731035143136978,0.7551187872886658,0.4306274652481079,-0.062469232827425,0.7633969187736511,0.4380512237548828,-0.025044942274689674,0.8401761651039124,0.3593343496322632,-0.04602542892098427,0.8121782541275024,0.3089364171028137,-0.07505927234888077,0.808160126209259,0.40225544571876526,-0.049336422234773636,0.8165067434310913,0.42495638132095337,-0.0186054315418005
0.806678295135498,0.6528995037078857,-8.81725668477884e-07,0.726869523525238,0.6130694150924683,-0.03906645253300667,0.6629456281661987,0.5112624764442444,-0.06013789027929306,0.6661441922187805,0.39090532064437866,-0.08310960233211517,0.6873095035552979,0.2974679470062256,-0.09466459602117538,0.6459036469459534,0.36294662952423096,0.00013313908129930496,0.6184086799621582,0.26664048433303833,-0.06567072868347168,0.6437466740608215,0.37126582860946655,-0.09268511831760406,0.6642730832099915,0.414159893989563,-0.09776254743337631,0.7122955918312073,0.34518730640411377,-0.004747884813696146,0.6955589056015015,0.26440930366516113,-0.0678001344203949,0.7088382840156555,0.3963972330093384,-0.07178063690662384,0.7152419090270996,0.4073762595653534,-0.055121373385190964,0.7797179818153381,0.342731237411499,-0.02307991497218609,0.7683302164077759,0.2975601851940155,-0.08756966888904572,0.768979549407959,0.4271535277366638,-0.06558337062597275,0.7703810930252075,0.4330657124519348,-0.031218716874718666,0.8485465049743652,0.3508749008178711,-0.045488275587558746,0.827339768409729,0.30973270535469055,-0.07435311377048492,0.822881817817688,0.40266475081443787,-0.050001565366983414,0.8261462450027466,0.4215802550315857,-0.02100284770131111
0.8137935996055603,0.6410247087478638,-8.57227291817253e-07,0.7393941879272461,0.6098223924636841,-0.04180055111646652,0.675919234752655,0.513213574886322,-0.06593327969312668,0.6831091642379761,0.3983037769794464,-0.09070543199777603,0.7063652873039246,0.309085488319397,-0.10479970276355743,0.656744658946991,0.35547664761543274,-0.013059095479547977,0.6303770542144775,0.2620086073875427,-0.08100169152021408,0.6560790538787842,0.3601647615432739,-0.11099746078252792,0.6784947514533997,0.41298791766166687,-0.11827605962753296,0.7255040407180786,0.33758997917175293,-0.017839916050434113,0.7118523716926575,0.2638366222381592,-0.0821223258972168,0.7233786582946777,0.3929806351661682,-0.08867909014225006,0.7272786498069763,0.410904198884964,-0.07508864998817444,0.7944428324699402,0.3383198380470276,-0.03526100516319275,0.7876271605491638,0.3028079867362976,-0.09951860457658768,0.7850077748298645,0.4292011559009552,-0.07977266609668732,0.7823212742805481,0.4362023174762726,-0.04838056117296219,0.8638182282447815,0.3515566885471344,-0.05682804062962532,0.8474946022033691,0.31998124718666077,-0.0865304246544838,0.8404828310012817,0.412418395280838,-0.06336234509944916,0.8404365181922913,0.430319607257843,-0.03602978587150574
0.8373904228210449,0.5950048565864563,-6.899092568346532e-07,0.7441805005073547,0.5682850480079651,-0.05521300435066223,0.6713528633117676,0.5487419366836548,-0.1009610965847969,0.6545684933662415,0.5841256380081177,-0.14037443697452545,0.6975042819976807,0.6324448585510254,-0.17210014164447784,0.691258430480957,0.3180118501186371,-0.0851040929555893,0.6304383277893066,0.452591210603714,-0.13704420626163483,0.6568975448608398,0.5426762700080872,-0.15808415412902832,0.684860110282898,0.5342414379119873,-0.17006993293762207,0.7700364589691162,0.3167319893836975,-0.08602913469076157,0.7046998143196106,0.49112266302108765,-0.13029582798480988,0.7165636420249939,0.5660191774368286,-0.13121207058429718,0.731292724609375,0.5349448323249817,-0.1293403059244156,0.8427923321723938,0.36083605885505676,-0.09282108396291733,0.7788310050964355,0.5357353687286377,-0.13062582910060883,0.7778228521347046,0.5940130352973938,-0.11146141588687897,0.7888221740722656,0.5631492733955383,-0.09446115791797638,0.9025747776031494,0.4182802736759186,-0.10652106255292892,0.8497516512870789,0.5542044639587402,-0.12429467588663101,0.8402063250541687,0.5886651873588562,-0.11056452989578247,0.8474295139312744,0.5632332563400269,-0.09708103537559509
0.8233946561813354,0.5702956914901733,-6.061080739527824e-07,0.7454963326454163,0.5435135960578918,-0.04579530283808708,0.6822375059127808,0.5198123455047607,-0.08208150416612625,0.6668359637260437,0.5453855395317078,-0.11347122490406036,0.6964848637580872,0.5854144096374512,-0.13817568123340607,0.6844056248664856,0.310671865940094,-0.0649930015206337,0.6374740600585938,0.42155584692955017,-0.11071823537349701,0.6518058180809021,0.5063062906265259,-0.12895424664020538,0.6734069585800171,0.5183179378509521,-0.13871106505393982,0.7611098885536194,0.30400723218917847,-0.0687723159790039,0.7183822393417358,0.47099339962005615,-0.10953285545110703,0.7194669842720032,0.5542171597480774,-0.1132514551281929,0.7254775166511536,0.5400176644325256,-0.11166584491729736,0.834345817565918,0.34063777327537537,-0.07821322232484818,0.7900511622428894,0.518936038017273,-0.11252044141292572,0.7799509763717651,0.5809307098388672,-0.09827916324138641,0.7795632481575012,0.5510962009429932,-0.0850134789943695,0.8941938877105713,0.3945060670375824,-0.09350290149450302,0.8504338264465332,0.5394468307495117,-0.11323553323745728,0.8388749361038208,0.5841197371482849,-0.10291026532649994,0.841932475566864,0.5596290826797485,-0.09107711911201477
0.8161129355430603,0.5737372040748596,-7.244312314469425e-07,0.7481034994125366,0.5588712096214294,-0.050505030900239944,0.6923317909240723,0.496234655380249,-0.08361946791410446,0.6840389370918274,0.4498116374015808,-0.11142034083604813,0.6993489265441895,0.4099239706993103,-0.13264398276805878,0.6994579434394836,0.2680140733718872,-0.05519495904445648,0.6600334644317627,0.2995731234550476,-0.12015264481306076,0.6645293831825256,0.3853904604911804,-0.1591046303510666,0.6735639572143555,0.4300009310245514,-0.1789473295211792,0.7706543207168579,0.25365427136421204,-0.05808268114924431,0.7338954210281372,0.3298700451850891,-0.12322632223367691,0.7231405973434448,0.4457471966743469,-0.13817419111728668,0.7225885987281799,0.48135995864868164,-0.1353263556957245,0.8383289575576782,0.2842545211315155,-0.07017921656370163,0.8056918382644653,0.38944926857948303,-0.12339018285274506,0.7887599468231201,0.48700201511383057,-0.11163529008626938,0.7858036160469055,0.5002703070640564,-0.09323859214782715,0.8994663953781128,0.337518572807312,-0.08844731003046036,0.8727272748947144,0.43764156103134155,-0.12117820233106613,0.8550561666488647,0.507499635219574,-0.1133790984749794,0.8533011674880981,0.5073767900466919,-0.09873201698064804
0.8227943778038025,0.5223987698554993,-5.27215888723731e-07,0.7625537514686584,0.5006042718887329,-0.04386800527572632,0.7086469531059265,0.41092994809150696,-0.06495879590511322,0.7140296101570129,0.331434965133667,-0.08344662189483643,0.7523742914199829,0.2744618356227875,-0.0924760177731514,0.7210512757301331,0.22089019417762756,-0.012337452732026577,0.701325535774231,0.17589007318019867,-0.07121291756629944,0.7070280909538269,0.26111531257629395,-0.10514291375875473,0.7179853320121765,0.3145352005958557,-0.1195254996418953,0.7924253344535828,0.2042013257741928,-0.014124981127679348,0.7727212309837341,0.16970151662826538,-0.07301656901836395,0.7639805674552917,0.284408837556839,-0.08433134853839874,0.7661710977554321,0.32306650280952454,-0.07482239603996277,0.8577076196670532,0.2220504730939865,-0.02789359726011753,0.8412572741508484,0.23927772045135498,-0.08125617355108261,0.8215140104293823,0.3393014669418335,-0.06928584724664688,0.8190444707870483,0.35339227318763733,-0.045805588364601135,0.9203799962997437,0.26103439927101135,-0.04686629772186279,0.9044328927993774,0.2853425443172455,-0.07528433948755264,0.8793306350708008,0.3550264835357666,-0.06313402205705643,0.8706024289131165,0.3656596839427948,-0.04427634924650192
0.8234436511993408,0.5340630412101746,-7.389961069748097e-07,0.7657741904258728,0.5120954513549805,-0.053630929440259933,0.7058078646659851,0.465108186006546,-0.09181711822748184,0.6898448467254639,0.413346529006958,-0.12499243766069412,0.7259253263473511,0.3713834881782532,-0.14914248883724213,0.7189605236053467,0.22317272424697876,-0.051722392439842224,0.6865623593330383,0.20870554447174072,-0.11224135011434555,0.6942384243011475,0.30445683002471924,-0.14864325523376465,0.7087397575378418,0.36300286650657654,-0.16657693684101105,0.7949981093406677,0.20023152232170105,-0.04964816942811012,0.7678971886634827,0.240456223487854,-0.1022176593542099,0.762833297252655,0.3488069176673889,-0.11544355005025864,0.764320969581604,0.37802740931510925,-0.1145508885383606,0.8636708855628967,0.2243695706129074,-0.05664476379752159,0.8359710574150085,0.3089340329170227,-0.09798072278499603,0.8194196820259094,0.38940170407295227,-0.08814164251089096,0.8155999779701233,0.39312392473220825,-0.07395590096712112,0.9265204668045044,0.2707623839378357,-0.07029350101947784,0.8992923498153687,0.3486008048057556,-0.09121011197566986,0.8806084990501404,0.4048917293548584,-0.0822405144572258,0.874963641166687,0.4054511487483978,-0.06946936994791031
0.8222190141677856,0.5459736585617065,-6.455733227994642e-07,0.7657479643821716,0.522699236869812,-0.05686638131737709,0.7143514156341553,0.4703521132469177,-0.09388173371553421,0.7107438445091248,0.40603139996528625,-0.12353584170341492,0.7459979057312012,0.3415203094482422,-0.14290930330753326,0.7136855721473694,0.23937726020812988,-0.05156887322664261,0.6946268081665039,0.22399498522281647,-0.10785560309886932,0.7065272927284241,0.31317317485809326,-0.14081288874149323,0.7239533066749573,0.3671591579914093,-0.15822802484035492,0.7892200350761414,0.20826297998428345,-0.04608047008514404,0.7746363282203674,0.234672412276268,-0.09640329331159592,0.7707043290138245,0.3495812714099884,-0.10747292637825012,0.7717676162719727,0.37842920422554016,-0.10574711114168167,0.8575173020362854,0.22327792644500732,-0.049505122005939484,0.8399781584739685,0.2961379587650299,-0.09287199378013611,0.8212341666221619,0.3849489688873291,-0.08066241443157196,0.8157142400741577,0.39037275314331055,-0.06444606184959412,0.9215721487998962,0.2630602717399597,-0.05943130701780319,0.9011085629463196,0.3235131502151489,-0.08381113409996033,0.879582405090332,0.38676556944847107,-0.0733267292380333,0.8699593544006348,0.3923640847206116,-0.05890879034996033
0.825171947479248,0.5461321473121643,-5.761737611464923e-07,0.765320897102356,0.5269438028335571,-0.053149789571762085,0.7111533284187317,0.47122281789779663,-0.08755385875701904,0.7072882652282715,0.40104517340660095,-0.1153021901845932,0.7361600995063782,0.3306971788406372,-0.13280072808265686,0.7061015367507935,0.2469932734966278,-0.040249887853860855,0.6848428249359131,0.22571933269500732,-0.09842313826084137,0.700230598449707,0.3037381172180176,-0.13323932886123657,0.7224457263946533,0.35923850536346436,-0.15059281885623932,0.7817206978797913,0.21446655690670013,-0.03626469522714615,0.7675738334655762,0.2259826511144638,-0.08745773136615753,0.7654581069946289,0.3421354293823242,-0.09742522239685059,0.7685474157333374,0.3743741810321808,-0.09340305626392365,0.8488825559616089,0.2267909198999405,-0.04225742816925049,0.8341423869132996,0.29475221037864685,-0.08621744066476822,0.8173612952232361,0.38108041882514954,-0.07182525843381882,0.8156781792640686,0.3827357888221741,-0.05324526131153107,0.915442168712616,0.26379263401031494,-0.054662663489580154,0.8943687677383423,0.3228150010108948,-0.07714229077100754,0.8760932683944702,0.3859627842903137,-0.06431545317173004,0.8696096539497375,0.38721132278442383,-0.04852571338415146
0.79732346534729,0.5742546319961548,-6.712686513310473e-07,0.7372215986251831,0.5528626441955566,-0.05082303285598755,0.677099347114563,0.5041048526763916,-0.0844552293419838,0.6601225137710571,0.4407433271408081,-0.11303921788930893,0.6852787137031555,0.3793767988681793,-0.13142459094524384,0.6707817912101746,0.2745116353034973,-0.03863154724240303,0.6392073631286621,0.25955983996391296,-0.09523271024227142,0.6557759046554565,0.3521636426448822,-0.12795324623584747,0.6736900210380554,0.3971860408782959,-0.1442139446735382,0.7398878931999207,0.24154242873191833,-0.03589126467704773,0.7187376618385315,0.27397140860557556,-0.08510299026966095,0.7244333028793335,0.3867972493171692,-0.09533790498971939,0.727868914604187,0.4080595374107361,-0.09293141216039658,0.8056171536445618,0.2528302073478699,-0.042551249265670776,0.7862853407859802,0.32778239250183105,-0.08482953161001205,0.7784379720687866,0.41904813051223755,-0.07191074639558792,0.7771210670471191,0.4198552966117859,-0.054755475372076035,0.8703358173370361,0.2879345118999481,-0.055412132292985916,0.849044919013977,0.3514328896999359,-0.07673484086990356,0.8372979164123535,0.4144115149974823,-0.06568155437707901,0.8336290121078491,0.41339588165283203,-0.051041532307863235
0.7921927571296692,0.5805386304855347,-6.361490818562743e-07,0.7312019467353821,0.5604487061500549,-0.0538010448217392,0.6736329197883606,0.5147802233695984,-0.09022978693246841,0.6533213257789612,0.45980513095855713,-0.12151321768760681,0.6759863495826721,0.3984639644622803,-0.14323024451732635,0.6615887880325317,0.2792488634586334,-0.04396563023328781,0.6231924891471863,0.2734594941139221,-0.10186120122671127,0.6381757259368896,0.36048653721809387,-0.13599632680416107,0.6612082123756409,0.3979388177394867,-0.15375760197639465,0.7311291098594666,0.2490515410900116,-0.040846601128578186,0.7040081024169922,0.28727611899375916,-0.09277553111314774,0.708681046962738,0.3984912633895874,-0.10455823689699173,0.716000497341156,0.41532862186431885,-0.10296034812927246,0.7988324165344238,0.26472020149230957,-0.04707340896129608,0.7734111547470093,0.3338022828102112,-0.09164130687713623,0.7647724747657776,0.42494791746139526,-0.0781853199005127,0.7672705054283142,0.4246026873588562,-0.05994413420557976,0.8627669215202332,0.3016378879547119,-0.059600770473480225,0.8360145688056946,0.3564365804195404,-0.08104618638753891,0.8219205141067505,0.4185755252838135,-0.06798514723777771,0.8217094540596008,0.42135053873062134,-0.05167805776000023
0.7859916687011719,0.5830419659614563,-6.261435032683949e-07,0.72528076171875,0.5637006759643555,-0.05501249432563782,0.6699619889259338,0.5182291269302368,-0.09097755700349808,0.6499006748199463,0.46476292610168457,-0.12127630412578583,0.6681610941886902,0.40231356024742126,-0.1417495757341385,0.6544857025146484,0.28350815176963806,-0.044022731482982635,0.6176872253417969,0.2786383330821991,-0.10108394175767899,0.6332863569259644,0.3671843111515045,-0.13465426862239838,0.6559659242630005,0.4010305106639862,-0.15238255262374878,0.7240276336669922,0.2523271441459656,-0.039670009166002274,0.6973806023597717,0.2906743586063385,-0.09223718196153641,0.7030906081199646,0.40325307846069336,-0.10438379645347595,0.7108954191207886,0.41781213879585266,-0.10265614092350006,0.7915357351303101,0.2680054306983948,-0.04453832656145096,0.7676265835762024,0.34038272500038147,-0.09017551690340042,0.7588476538658142,0.43234607577323914,-0.07727815955877304,0.7609372138977051,0.4296945333480835,-0.05882774665951729,0.8550909757614136,0.30404478311538696,-0.055632464587688446,0.8296267986297607,0.36233171820640564,-0.07779727131128311,0.815445065498352,0.4252951741218567,-0.06503414362668991,0.815202534198761,0.42724937200546265,-0.04855011776089668
0.7836547493934631,0.5833791494369507,-5.885863743060327e-07,0.7235060930252075,0.5633401274681091,-0.05567209795117378,0.6674283742904663,0.5191631317138672,-0.09198718518018723,0.6467404365539551,0.46529483795166016,-0.1222868263721466,0.6640739440917969,0.40471190214157104,-0.14295227825641632,0.6496930122375488,0.28651925921440125,-0.0451541543006897,0.6143590211868286,0.2810295820236206,-0.1003003939986229,0.6314269304275513,0.36984390020370483,-0.13342685997486115,0.6546040177345276,0.4041300415992737,-0.1515582799911499,0.7196794748306274,0.25539809465408325,-0.04042584449052811,0.6929402947425842,0.2895587086677551,-0.09239983558654785,0.6997957825660706,0.401792049407959,-0.1054348573088646,0.7076162099838257,0.4186757206916809,-0.10456518083810806,0.7873971462249756,0.27062442898750305,-0.04458025470376015,0.7644286751747131,0.34011411666870117,-0.08999648690223694,0.7568275332450867,0.43116289377212524,-0.07842988520860672,0.7585100531578064,0.43043842911720276,-0.06100177392363548,0.8514107465744019,0.30501627922058105,-0.05486290901899338,0.8271262645721436,0.36079883575439453,-0.07701282948255539,0.8130016326904297,0.42339929938316345,-0.06480381637811661,0.8115218281745911,0.4270278513431549,-0.04892667755484581
0.7824321389198303,0.5840910077095032,-6.032432793290354e-07,0.7216283679008484,0.5647951364517212,-0.054995324462652206,0.6659159660339355,0.5193448066711426,-0.09078732132911682,0.6458808779716492,0.4661932587623596,-0.12079700082540512,0.6606072783470154,0.40365836024284363,-0.14101913571357727,0.6498300433158875,0.2882382571697235,-0.044166505336761475,0.6132822036743164,0.28276973962783813,-0.10000832378864288,0.6316635012626648,0.3716801404953003,-0.1327672153711319,0.654992401599884,0.4074143171310425,-0.15004616975784302,0.7190959453582764,0.25675493478775024,-0.03997822850942612,0.6911665797233582,0.29306119680404663,-0.09254232048988342,0.6992833614349365,0.405425488948822,-0.10505504906177521,0.7074256539344788,0.4216126799583435,-0.10337693989276886,0.7861034870147705,0.2714052200317383,-0.044912517070770264,0.7623574137687683,0.3431687653064728,-0.09121137112379074,0.7557433843612671,0.43443700671195984,-0.07934120297431946,0.7580920457839966,0.4324704706668854,-0.06129390001296997,0.8495509028434753,0.30585241317749023,-0.055876247584819794,0.8252252340316772,0.36187779903411865,-0.07871950417757034,0.8121470808982849,0.4251500368118286,-0.06620848178863525,0.8115267753601074,0.42827239632606506,-0.04976939409971237
0.7869907021522522,0.5885183811187744,-6.217768486749264e-07,0.7254728674888611,0.5731397867202759,-0.055593427270650864,0.6678853631019592,0.5285638570785522,-0.09200601279735565,0.649878740310669,0.47293171286582947,-0.1224449947476387,0.6686345338821411,0.4094700217247009,-0.14259073138237,0.6517465114593506,0.29483431577682495,-0.045193154364824295,0.6168799996376038,0.29100948572158813,-0.10225263237953186,0.635450541973114,0.37713515758514404,-0.13464964926242828,0.6577503085136414,0.41031941771507263,-0.15181036293506622,0.7201277017593384,0.2596099078655243,-0.04169929027557373,0.6959666013717651,0.2976725995540619,-0.0944516658782959,0.7047401070594788,0.4106294512748718,-0.10495132207870483,0.7105724811553955,0.4246094822883606,-0.10208389908075333,0.7872769236564636,0.2705889940261841,-0.04775688424706459,0.766322672367096,0.34771597385406494,-0.09448904544115067,0.7612739205360413,0.4396139085292816,-0.0813494399189949,0.7617335915565491,0.4351160228252411,-0.06301161646842957,0.8515328764915466,0.30356839299201965,-0.06016828119754791,0.8291143774986267,0.3675953149795532,-0.0844317376613617,0.8166130781173706,0.4329736530780792,-0.07267370820045471,0.8133630156517029,0.43391287326812744,-0.05693282186985016
0.7887954115867615,0.5844617486000061,-5.831309408677043e-07,0.7285068035125732,0.5698445439338684,-0.05823202431201935,0.6734926700592041,0.527499258518219,-0.0957980751991272,0.6539325714111328,0.4711965322494507,-0.12642157077789307,0.6659438014030457,0.40289732813835144,-0.14632409811019897,0.6487199068069458,0.2991846203804016,-0.04790438339114189,0.6193556189537048,0.28692469000816345,-0.10664769262075424,0.6363235712051392,0.36924251914024353,-0.13973109424114227,0.6587429046630859,0.41036301851272583,-0.15674814581871033,0.7195910811424255,0.26248958706855774,-0.042275819927453995,0.6979119777679443,0.2950175702571869,-0.09656821191310883,0.7067075967788696,0.4092116951942444,-0.1067611500620842,0.7114614248275757,0.4263685345649719,-0.1033717542886734,0.7873537540435791,0.27182692289352417,-0.04659057781100273,0.7689265608787537,0.3449612259864807,-0.0939117893576622,0.7629668116569519,0.4349110722541809,-0.0792965441942215,0.7619959712028503,0.4319162368774414,-0.06024399772286415,0.8528597950935364,0.30272597074508667,-0.05746956169605255,0.8315260410308838,0.3671710193157196,-0.08260105550289154,0.820388674736023,0.4312944710254669,-0.07055675983428955,0.8169519901275635,0.4311218857765198,-0.054745499044656754
0.7874894738197327,0.5830376744270325,-5.860026135451335e-07,0.7285494208335876,0.5673152208328247,-0.05801593139767647,0.6732950806617737,0.5238913297653198,-0.09683245420455933,0.6542499661445618,0.46981990337371826,-0.12978802621364594,0.6682375073432922,0.4048581123352051,-0.15241014957427979,0.6554513573646545,0.2909104824066162,-0.04714791104197502,0.6206284761428833,0.28664934635162354,-0.10686827450990677,0.639083981513977,0.3709155023097992,-0.14006340503692627,0.6624196767807007,0.40766215324401855,-0.156712606549263,0.7235198020935059,0.2579309344291687,-0.04270743578672409,0.6992364525794983,0.29685431718826294,-0.09792813658714294,0.7083191275596619,0.41043052077293396,-0.10785730928182602,0.7141047716140747,0.42271193861961365,-0.10372871905565262,0.7902406454086304,0.2698517441749573,-0.04844319075345993,0.7695432901382446,0.3446406126022339,-0.09679573774337769,0.7644726634025574,0.4360957741737366,-0.0825703963637352,0.7645289897918701,0.43121036887168884,-0.06291022151708603,0.8532991409301758,0.3025500178337097,-0.06084664538502693,0.8325415849685669,0.36562690138816833,-0.08575037121772766,0.8200043439865112,0.4299781322479248,-0.07387907058000565,0.8163071870803833,0.4301488399505615,-0.05778229236602783
0.782849907875061,0.5586240291595459,-5.828196663060226e-07,0.7252156138420105,0.5439661145210266,-0.04602314904332161,0.6662591099739075,0.4863688349723816,-0.07467202097177505,0.6487987637519836,0.4191535711288452,-0.10007140040397644,0.6609710454940796,0.35125020146369934,-0.11543957144021988,0.6534678936004639,0.2765800952911377,-0.02404301054775715,0.6171047687530518,0.24897104501724243,-0.08372946828603745,0.6325385570526123,0.32087311148643494,-0.11705430597066879,0.652816116809845,0.37095803022384644,-0.1306070238351822,0.7183843851089478,0.24359625577926636,-0.02342418022453785,0.6949313879013062,0.2544291019439697,-0.07686414569616318,0.7030106782913208,0.3632093071937561,-0.08578909188508987,0.7090790867805481,0.38565701246261597,-0.0786927193403244,0.7826159000396729,0.25022101402282715,-0.033932071179151535,0.7634490728378296,0.30256518721580505,-0.08250515908002853,0.7574774026870728,0.39542263746261597,-0.06900783628225327,0.7591250538825989,0.39839816093444824,-0.04788719862699509,0.8471010327339172,0.27788829803466797,-0.05006750673055649,0.8259504437446594,0.3261018991470337,-0.07592495530843735,0.8127414584159851,0.39138898253440857,-0.06465199589729309,0.8099170327186584,0.39493098855018616,-0.04792611300945282
0.7846451997756958,0.5525808930397034,-7.107464057298785e-07,0.725246250629425,0.5377334356307983,-0.04473975673317909,0.6633232831954956,0.4679129719734192,-0.07169259339570999,0.6497725248336792,0.38698750734329224,-0.0966285690665245,0.6615757346153259,0.3069194257259369,-0.11064458638429642,0.6533191204071045,0.2671002447605133,-0.016587374731898308,0.6156101226806641,0.22612330317497253,-0.08119847625494003,0.6332511901855469,0.3092952072620392,-0.1137014627456665,0.6578906178474426,0.35574156045913696,-0.12481572479009628,0.7164625525474548,0.241292804479599,-0.017579341307282448,0.6918656826019287,0.2287960648536682,-0.07638736814260483,0.6995643377304077,0.35021495819091797,-0.08237163722515106,0.7074724435806274,0.3668476641178131,-0.07046981900930405,0.7797214984893799,0.24669300019741058,-0.031157640740275383,0.7605865001678467,0.27754682302474976,-0.08813448995351791,0.7537731528282166,0.3875403106212616,-0.07047970592975616,0.7557910084724426,0.3901039659976959,-0.0430033802986145,0.8451124429702759,0.26976478099823,-0.050005216151475906,0.8211145401000977,0.2963380217552185,-0.07958955317735672,0.8065846562385559,0.3755013644695282,-0.06462635099887848,0.8041888475418091,0.38536354899406433,-0.04350559413433075
0.7859697341918945,0.5541457533836365,-7.944611297716619e-07,0.7204851508140564,0.5329347848892212,-0.04556920379400253,0.6610369682312012,0.4548935294151306,-0.0724509134888649,0.6537056565284729,0.3661252558231354,-0.09738975763320923,0.6693468689918518,0.2793477177619934,-0.11128347367048264,0.6587185263633728,0.2539130449295044,-0.01621573604643345,0.6208068132400513,0.21364331245422363,-0.08149554580450058,0.6371132731437683,0.30978715419769287,-0.1146802306175232,0.6622977256774902,0.3508579134941101,-0.1271108239889145,0.7219386100769043,0.2321189045906067,-0.017571838572621346,0.6952739357948303,0.21676167845726013,-0.07855620235204697,0.6992790102958679,0.3419097363948822,-0.08642137795686722,0.7097410559654236,0.35544320940971375,-0.07585105299949646,0.7840200662612915,0.24054574966430664,-0.03163432329893112,0.7607636451721191,0.271097332239151,-0.08971910178661346,0.7506906986236572,0.38379305601119995,-0.0727851614356041,0.7554474472999573,0.3815908432006836,-0.04579481482505798,0.8471999168395996,0.2659216821193695,-0.051087021827697754,0.8185777068138123,0.29088395833969116,-0.07933080941438675,0.803650975227356,0.37204357981681824,-0.06398814171552658,0.8060635924339294,0.37943950295448303,-0.04308168962597847
0.7832456827163696,0.5550664663314819,-7.408286819554633e-07,0.7177746891975403,0.5255144238471985,-0.041868943721055984,0.6600298881530762,0.4675908088684082,-0.07172378152608871,0.6458027362823486,0.40558916330337524,-0.10021331161260605,0.6691434383392334,0.3438563644886017,-0.12112832814455032,0.6585698127746582,0.2580501437187195,-0.029993606731295586,0.6269246339797974,0.222883939743042,-0.08747552335262299,0.6360876560211182,0.3095703721046448,-0.12564916908740997,0.6537396907806396,0.3683185279369354,-0.14491167664527893,0.725893497467041,0.23491370677947998,-0.0327652208507061,0.7021152973175049,0.23599880933761597,-0.08372139185667038,0.7007453441619873,0.3382734954357147,-0.099398672580719,0.7037824988365173,0.379617303609848,-0.09949363768100739,0.7914563417434692,0.24967840313911438,-0.04481618478894234,0.7681588530540466,0.2936713993549347,-0.0861925259232521,0.7573310136795044,0.37735262513160706,-0.07920478284358978,0.7553412914276123,0.39661121368408203,-0.0655578151345253,0.8544451594352722,0.28631410002708435,-0.06249304488301277,0.8321729898452759,0.33126163482666016,-0.08319170773029327,0.8133149147033691,0.3909221291542053,-0.07475011050701141,0.804960310459137,0.405070036649704,-0.062307119369506836
0.8250046372413635,0.5229049921035767,-3.474414711490681e-07,0.7535439729690552,0.5322099924087524,-0.06694339960813522,0.6913565397262573,0.5556864142417908,-0.1258072555065155,0.6903623342514038,0.6130414009094238,-0.1739443838596344,0.7272087931632996,0.6557838320732117,-0.2166852056980133,0.6855298280715942,0.3301461637020111,-0.125339537858963,0.6540567278862,0.49629145860671997,-0.18741539120674133,0.6793115735054016,0.5464437007904053,-0.22402194142341614,0.700226902961731,0.5085059404373169,-0.24979020655155182,0.7693829536437988,0.3283423185348511,-0.12199026346206665,0.7364648580551147,0.5230225324630737,-0.16858582198619843,0.7463743686676025,0.5605270266532898,-0.1750001758337021,0.750440776348114,0.5037768483161926,-0.18202000856399536,0.8470579981803894,0.3667623996734619,-0.1228003054857254,0.80906742811203,0.5597538948059082,-0.15678969025611877,0.7973909378051758,0.5876325964927673,-0.1314948946237564,0.7930616140365601,0.5395381450653076,-0.11577226966619492,0.9070092439651489,0.4220432639122009,-0.1320706456899643,0.865732729434967,0.570322573184967,-0.1592710167169571,0.8475481867790222,0.5914561152458191,-0.14754292368888855,0.8428654074668884,0.555921733379364,-0.13604052364826202
0.821215808391571,0.5097030997276306,-5.906101137043152e-07,0.7605571150779724,0.5022433996200562,-0.05253588408231735,0.7066595554351807,0.5053856372833252,-0.0964273139834404,0.7052093744277954,0.5441616773605347,-0.13366003334522247,0.7429037690162659,0.5566664934158325,-0.1655903160572052,0.7005723714828491,0.292352557182312,-0.0895463228225708,0.6875014305114746,0.3885546922683716,-0.1418747752904892,0.6999054551124573,0.4583236873149872,-0.17124834656715393,0.7112799882888794,0.49307820200920105,-0.18831539154052734,0.7812404632568359,0.2768514156341553,-0.0899905115365982,0.778294563293457,0.4497467875480652,-0.13664518296718597,0.7615193724632263,0.5282148122787476,-0.14876337349414825,0.7486811280250549,0.5397324562072754,-0.154479518532753,0.8570878505706787,0.30668675899505615,-0.09498529136180878,0.8495100140571594,0.4873088598251343,-0.13026130199432373,0.8268840909004211,0.5401986837387085,-0.11632129549980164,0.8131318092346191,0.5237177014350891,-0.1042899563908577,0.920570969581604,0.3551408052444458,-0.10663533210754395,0.9042792320251465,0.4920327961444855,-0.1323995143175125,0.8764879107475281,0.54347163438797,-0.12219224125146866,0.8610625267028809,0.5371827483177185,-0.10976267606019974
0.8128896355628967,0.5375199317932129,-7.012612286416697e-07,0.7601370811462402,0.5353099703788757,-0.0691603496670723,0.7133368253707886,0.5083474516868591,-0.11703655868768692,0.7296135425567627,0.4771111011505127,-0.15249811112880707,0.7664122581481934,0.4330245852470398,-0.17797036468982697,0.7035910487174988,0.2540966868400574,-0.09759201854467392,0.713687539100647,0.3189176321029663,-0.14951615035533905,0.7300657033920288,0.4138380289077759,-0.1755983829498291,0.736626923084259,0.46630218625068665,-0.19086141884326935,0.7810753583908081,0.22972452640533447,-0.08719145506620407,0.796217143535614,0.3559829294681549,-0.13555267453193665,0.7944568991661072,0.45696306228637695,-0.147501602768898,0.7882589101791382,0.47794508934020996,-0.15331746637821198,0.8513932228088379,0.2483322024345398,-0.08240552246570587,0.8700835108757019,0.3813658356666565,-0.12136778235435486,0.8541373014450073,0.4557848870754242,-0.10850179195404053,0.8388699889183044,0.4561343193054199,-0.09867548942565918,0.913253903388977,0.29140937328338623,-0.08499553799629211,0.9245637655258179,0.39067426323890686,-0.11521175503730774,0.9041235446929932,0.45579904317855835,-0.10840626806020737,0.8864697813987732,0.4634203612804413,-0.09865332394838333
0.8439360857009888,0.4564480483531952,-5.803711360385932e-07,0.7916913032531738,0.4716644585132599,-0.07111011445522308,0.7426481246948242,0.4752087891101837,-0.12173102796077728,0.762555718421936,0.5179246664047241,-0.16025829315185547,0.8200710415840149,0.5309666395187378,-0.18708762526512146,0.733264684677124,0.24788597226142883,-0.10892733186483383,0.7443675398826599,0.36488908529281616,-0.18023748695850372,0.7617006301879883,0.47619789838790894,-0.21998652815818787,0.7780241370201111,0.5434198975563049,-0.24129991233348846,0.8157106041908264,0.22874847054481506,-0.10103048384189606,0.8494696617126465,0.4093039333820343,-0.16437460482120514,0.8333348035812378,0.47872188687324524,-0.18015022575855255,0.8188167214393616,0.46802496910095215,-0.18701814115047455,0.8912907838821411,0.25458136200904846,-0.10050930082798004,0.9168721437454224,0.46806269884109497,-0.14666010439395905,0.8750196099281311,0.5233676433563232,-0.13233287632465363,0.8440151810646057,0.4984654188156128,-0.1197386085987091,0.9529711604118347,0.30177146196365356,-0.10901553183794022,0.963253378868103,0.46499210596084595,-0.14677372574806213,0.9279712438583374,0.5138716697692871,-0.14364437758922577,0.900891900062561,0.49752819538116455,-0.13548773527145386
0.8584346175193787,0.49962377548217773,-6.258158578020812e-07,0.8010265827178955,0.51850825548172,-0.0676109716296196,0.7463515996932983,0.5230147838592529,-0.11307025700807571,0.7604507803916931,0.5652155876159668,-0.14760559797286987,0.8066250681877136,0.5945078134536743,-0.1724308729171753,0.7362108826637268,0.3030761480331421,-0.09815150499343872,0.750425398349762,0.41701897978782654,-0.15886788070201874,0.7543139457702637,0.5028015375137329,-0.18857605755329132,0.7589014768600464,0.5271806716918945,-0.20445756614208221,0.8164162635803223,0.28045257925987244,-0.08854459971189499,0.8411808013916016,0.4677612781524658,-0.13728231191635132,0.8227499723434448,0.5338081121444702,-0.13673758506774902,0.8064632415771484,0.4965220093727112,-0.1322365552186966,0.8915983438491821,0.3010280728340149,-0.08674641698598862,0.9086123108863831,0.4969303607940674,-0.12520870566368103,0.8762742877006531,0.5409563779830933,-0.09953979402780533,0.852678656578064,0.5057113170623779,-0.0784909725189209,0.9529937505722046,0.3405635356903076,-0.09389179199934006,0.9558579325675964,0.49628007411956787,-0.13143248856067657,0.9315252304077148,0.5306706428527832,-0.12693651020526886,0.9147517085075378,0.505547046661377,-0.11558838933706284
0.8533514142036438,0.5170266032218933,-3.964850634474715e-07,0.8068921566009521,0.5178136229515076,-0.0660795047879219,0.7598094940185547,0.48711520433425903,-0.11083503067493439,0.7824808359146118,0.44278016686439514,-0.14441515505313873,0.8148908019065857,0.3924623727798462,-0.16732138395309448,0.7516756653785706,0.24902988970279694,-0.08456425368785858,0.7635601758956909,0.2586495280265808,-0.13714924454689026,0.7777185440063477,0.325596421957016,-0.16151084005832672,0.7877205610275269,0.3763940930366516,-0.17451007664203644,0.8230080604553223,0.2174593061208725,-0.07578282058238983,0.8595324158668518,0.2831558585166931,-0.1310776025056839,0.8653191924095154,0.37787213921546936,-0.14394134283065796,0.8616158962249756,0.39550337195396423,-0.14561668038368225,0.8890815377235413,0.2303265482187271,-0.07354117184877396,0.9266281723976135,0.3293662667274475,-0.11781329661607742,0.9120598435401917,0.41047757863998413,-0.10523820668458939,0.8940435647964478,0.4092264175415039,-0.09227035194635391,0.9487080574035645,0.2681957185268402,-0.07861307263374329,0.9769953489303589,0.3520583212375641,-0.11191055923700333,0.9581721425056458,0.41636213660240173,-0.1070149838924408,0.9349928498268127,0.4169168472290039,-0.09741584956645966
0.8466426134109497,0.510545551776886,-4.82025654946483e-07,0.7914979457855225,0.4975265860557556,-0.05040910467505455,0.7422940731048584,0.43279600143432617,-0.0821571871638298,0.7717448472976685,0.3657347857952118,-0.10709913820028305,0.8237499594688416,0.3236903250217438,-0.1226406991481781,0.7556016445159912,0.23683446645736694,-0.05061650276184082,0.7539700865745544,0.20355342328548431,-0.1078544333577156,0.7658093571662903,0.27216923236846924,-0.14130562543869019,0.7745622992515564,0.33615538477897644,-0.1583043485879898,0.827376663684845,0.2034287452697754,-0.047396011650562286,0.8420921564102173,0.23136010766029358,-0.10191448777914047,0.840787947177887,0.3296143412590027,-0.11709026247262955,0.8367497324943542,0.3554667830467224,-0.11776982992887497,0.8913413286209106,0.21659094095230103,-0.05251183360815048,0.9069279432296753,0.30009764432907104,-0.09583612531423569,0.884864866733551,0.37850165367126465,-0.08609835803508759,0.8670082092285156,0.3738463222980499,-0.07284018397331238,0.951931357383728,0.25266385078430176,-0.0639510452747345,0.958342969417572,0.32970473170280457,-0.09248775243759155,0.9349199533462524,0.3891643285751343,-0.08700739592313766,0.9143331050872803,0.3816234767436981,-0.07667405158281326
0.838150143623352,0.5183448791503906,-5.671516305483237e-07,0.7890474796295166,0.49355441331863403,-0.05103764683008194,0.7489892840385437,0.4221324920654297,-0.0801108330488205,0.7702635526657104,0.34616443514823914,-0.10297337174415588,0.8126859068870544,0.2866062521934509,-0.11573813110589981,0.7534671425819397,0.2153056263923645,-0.03412160649895668,0.7558706402778625,0.19068323075771332,-0.08595095574855804,0.7643426656723022,0.2718730568885803,-0.11546552926301956,0.7731425166130066,0.3236596882343292,-0.13023631274700165,0.8257152438163757,0.19128486514091492,-0.029350455850362778,0.8313500285148621,0.20008410513401031,-0.07771234214305878,0.8205899596214294,0.3073648512363434,-0.08802198618650436,0.8155972361564636,0.3293887674808502,-0.0843750461935997,0.8887481689453125,0.20559760928153992,-0.0340854749083519,0.894017219543457,0.26814186573028564,-0.07872828841209412,0.865839958190918,0.3568972051143646,-0.06784778833389282,0.8529882431030273,0.3582026958465576,-0.0508810393512249,0.9500006437301636,0.2455797791481018,-0.04491210728883743,0.9498364329338074,0.2973615527153015,-0.07228297740221024,0.9215454459190369,0.3628901243209839,-0.06463552266359329,0.9035776853561401,0.36434870958328247,-0.05159552022814751
0.8404158353805542,0.5465040802955627,-6.648539851994428e-07,0.7875324487686157,0.5259873867034912,-0.06145499646663666,0.7354711294174194,0.48106494545936584,-0.10316173732280731,0.7499142289161682,0.4351422190666199,-0.13613419234752655,0.8021306991577148,0.4022962152957916,-0.15870563685894012,0.7464358806610107,0.24617837369441986,-0.06734424829483032,0.738833487033844,0.2532713711261749,-0.12508699297904968,0.7495964169502258,0.34377521276474,-0.15725776553153992,0.7579435110092163,0.39751508831977844,-0.17432788014411926,0.8219671249389648,0.21604683995246887,-0.06000199541449547,0.8191714286804199,0.2800235152244568,-0.1093297079205513,0.813909649848938,0.38684579730033875,-0.11955799907445908,0.8127136826515198,0.4107360541820526,-0.12023787200450897,0.8887547850608826,0.23448607325553894,-0.06115071848034859,0.8880892395973206,0.3438275456428528,-0.10336901247501373,0.8647346496582031,0.4269813895225525,-0.0930878296494484,0.8516803979873657,0.4281701147556305,-0.0813419297337532,0.9498278498649597,0.2803609371185303,-0.06943109631538391,0.9435266852378845,0.37451475858688354,-0.09702537208795547,0.9157487154006958,0.4367902874946594,-0.09179918467998505,0.895948588848114,0.4360959231853485,-0.08281973749399185
0.8506878018379211,0.5451921820640564,-6.162094337014423e-07,0.799660325050354,0.5374768376350403,-0.06991278380155563,0.7425020933151245,0.5115374326705933,-0.11740224063396454,0.7390172481536865,0.47901609539985657,-0.1542109102010727,0.7826057076454163,0.4392097592353821,-0.17956748604774475,0.7410662174224854,0.26359209418296814,-0.08290864527225494,0.726610004901886,0.2923746705055237,-0.14248275756835938,0.7422025203704834,0.38544321060180664,-0.17276901006698608,0.7533695101737976,0.43036022782325745,-0.18861405551433563,0.8162149786949158,0.2330297976732254,-0.07227244228124619,0.8099836707115173,0.32167041301727295,-0.12385448068380356,0.8068212270736694,0.42712295055389404,-0.13301235437393188,0.8056236505508423,0.4417879581451416,-0.13398531079292297,0.8834099173545837,0.2515968978404999,-0.07007015496492386,0.8826593160629272,0.37418562173843384,-0.1148325651884079,0.861304759979248,0.45499855279922485,-0.102596715092659,0.8490133285522461,0.4497690498828888,-0.09020432084798813,0.9440812468528748,0.29696792364120483,-0.07544952630996704,0.9388706684112549,0.4028451442718506,-0.10609961301088333,0.9141132235527039,0.46246403455734253,-0.10098003596067429,0.895994246006012,0.456470787525177,-0.09190179407596588
0.8435214757919312,0.5486732721328735,-5.468438075695303e-07,0.7943455576896667,0.5419988632202148,-0.0666637197136879,0.7388732433319092,0.5186551213264465,-0.11270734667778015,0.7359934449195862,0.5117772817611694,-0.14846356213092804,0.778586208820343,0.4944761395454407,-0.17388392984867096,0.7370493412017822,0.2767460346221924,-0.08438792079687119,0.7164467573165894,0.3396855890750885,-0.1430002748966217,0.7321757078170776,0.42924100160598755,-0.17125530540943146,0.7455642223358154,0.45510584115982056,-0.18608850240707397,0.8134947419166565,0.25405025482177734,-0.07613393664360046,0.804879903793335,0.3662896156311035,-0.12680383026599884,0.7989012598991394,0.4591240882873535,-0.1321442574262619,0.7952819466590881,0.4486885070800781,-0.12974783778190613,0.8816765546798706,0.27856171131134033,-0.0757591649889946,0.8769120573997498,0.43213289976119995,-0.11641212552785873,0.8514410257339478,0.4967399537563324,-0.09885650873184204,0.8368651866912842,0.46512269973754883,-0.0830044150352478,0.9411060214042664,0.32703515887260437,-0.0832965224981308,0.9295067191123962,0.453477144241333,-0.10997140407562256,0.9044581651687622,0.5055755376815796,-0.10060028731822968,0.8889939785003662,0.4852658212184906,-0.08819349855184555
0.8306093811988831,0.5522306561470032,-5.048257207818097e-07,0.7796454429626465,0.5371578931808472,-0.05675194784998894,0.7288160920143127,0.4937286376953125,-0.09380467981100082,0.7309041023254395,0.4392562508583069,-0.12191055715084076,0.7707855701446533,0.39227110147476196,-0.14042878150939941,0.7239990234375,0.27187711000442505,-0.05908031761646271,0.7096643447875977,0.27213531732559204,-0.11230739951133728,0.7268587350845337,0.3522520661354065,-0.1419137418270111,0.7419607043266296,0.40056321024894714,-0.157104030251503,0.7998428344726562,0.23918713629245758,-0.05276072770357132,0.7941333651542664,0.284332811832428,-0.09971489757299423,0.792784571647644,0.3927743136882782,-0.10813234746456146,0.7915290594100952,0.4179902672767639,-0.10615677386522293,0.8672083616256714,0.25358298420906067,-0.05444294586777687,0.860399067401886,0.3426487147808075,-0.09473638236522675,0.8431204557418823,0.42477670311927795,-0.08274199813604355,0.833074688911438,0.425199955701828,-0.0686413049697876,0.9282343983650208,0.2924938499927521,-0.06244179606437683,0.9176216125488281,0.37208786606788635,-0.08718030154705048,0.8947454690933228,0.4332066774368286,-0.07863020151853561,0.8776026368141174,0.4344542622566223,-0.06665313243865967
0.8267632126808167,0.5516760349273682,-5.120521109347465e-07,0.7807555198669434,0.5307374000549316,-0.060258474200963974,0.7350744605064392,0.48566168546676636,-0.09890887141227722,0.7360635995864868,0.42453742027282715,-0.12844206392765045,0.7760536074638367,0.37293726205825806,-0.14723829925060272,0.727008581161499,0.25577130913734436,-0.058147139847278595,0.7193357944488525,0.25298061966896057,-0.10883957892656326,0.7323131561279297,0.33411210775375366,-0.13543906807899475,0.7485876083374023,0.38060736656188965,-0.15002323687076569,0.8044118881225586,0.2272384762763977,-0.04956018179655075,0.7971610426902771,0.26857495307922363,-0.09509193897247314,0.7928570508956909,0.38139963150024414,-0.10060669481754303,0.7941089868545532,0.39991217851638794,-0.09686323255300522,0.8712870478630066,0.24434295296669006,-0.04939129203557968,0.8629434704780579,0.3295060992240906,-0.08940695226192474,0.8416688442230225,0.4165419936180115,-0.07334474474191666,0.8330532908439636,0.4173886775970459,-0.056119855493307114,0.9314329624176025,0.2868027985095978,-0.05623849108815193,0.9192476868629456,0.36024585366249084,-0.0804968997836113,0.8959485292434692,0.420978844165802,-0.07068176567554474,0.882017970085144,0.42096617817878723,-0.05770675465464592
0.8402015566825867,0.5535330176353455,-5.411564529822499e-07,0.7892078161239624,0.5420545339584351,-0.0596332773566246,0.7350218296051025,0.4995696544647217,-0.1002018004655838,0.7402572631835938,0.4441966712474823,-0.13260623812675476,0.7844579219818115,0.40152955055236816,-0.15462066233158112,0.7302838563919067,0.27126139402389526,-0.060635216534137726,0.7189948558807373,0.2590429186820984,-0.11971848458051682,0.7355865240097046,0.34574267268180847,-0.1538664549589157,0.7487630248069763,0.3980518579483032,-0.17172938585281372,0.8025230169296265,0.2332874834537506,-0.05436794087290764,0.8035413026809692,0.27206194400787354,-0.10710439085960388,0.8031638860702515,0.38008370995521545,-0.11985132098197937,0.8033148050308228,0.4043338894844055,-0.11914579570293427,0.8682406544685364,0.2463485151529312,-0.05663418769836426,0.8734655976295471,0.34746041893959045,-0.10163913667201996,0.8533943295478821,0.4316019117832184,-0.09274742007255554,0.8409040570259094,0.42725449800491333,-0.07924629002809525,0.9310179352760315,0.28537458181381226,-0.0655660405755043,0.9295337200164795,0.3775891959667206,-0.0933738723397255,0.9056513905525208,0.43980178236961365,-0.08750657737255096,0.8862664699554443,0.434200644493103,-0.07675575464963913
0.8544054627418518,0.5559085011482239,-5.690595230589679e-07,0.8026294708251953,0.5557225346565247,-0.05979658663272858,0.7496897578239441,0.5247170329093933,-0.10208546370267868,0.7498248219490051,0.4748048782348633,-0.13508649170398712,0.7734381556510925,0.41529911756515503,-0.15679192543029785,0.7265733480453491,0.28692689538002014,-0.07528408616781235,0.7193365097045898,0.2851971685886383,-0.13354991376399994,0.7417457103729248,0.3636610209941864,-0.16452260315418243,0.7601401209831238,0.42039990425109863,-0.18055447936058044,0.7930827736854553,0.2428470253944397,-0.06996817886829376,0.8206539154052734,0.31504979729652405,-0.1233711764216423,0.8295198678970337,0.4106346070766449,-0.1365610659122467,0.8290490508079529,0.42916053533554077,-0.13957419991493225,0.8587761521339417,0.25017380714416504,-0.07186895608901978,0.891278088092804,0.3621363043785095,-0.11368890851736069,0.878071665763855,0.43690842390060425,-0.10136507451534271,0.8623793125152588,0.42983895540237427,-0.09024525433778763,0.9233284592628479,0.2845843434333801,-0.08109994232654572,0.9449747800827026,0.383994460105896,-0.11110416054725647,0.9273065328598022,0.446991503238678,-0.10580238699913025,0.9068756699562073,0.44171082973480225,-0.09686343371868134
0.8297006487846375,0.5472804307937622,-3.7026870813861024e-07,0.7765235900878906,0.5305235385894775,-0.04752427712082863,0.7264109253883362,0.46564289927482605,-0.07850099354982376,0.7431539297103882,0.3971882462501526,-0.10578639060258865,0.7823128700256348,0.3487435579299927,-0.1249469444155693,0.7196072340011597,0.2867954671382904,-0.03425770252943039,0.7154170274734497,0.22683283686637878,-0.09601478278636932,0.7347891330718994,0.30896562337875366,-0.1349361091852188,0.7498233914375305,0.37531641125679016,-0.1538390815258026,0.7878539562225342,0.26444604992866516,-0.0352577343583107,0.7948961853981018,0.2211846262216568,-0.09492139518260956,0.8037805557250977,0.32628461718559265,-0.11217378079891205,0.8028196096420288,0.36867302656173706,-0.11066927760839462,0.8522673845291138,0.2711883783340454,-0.046433787792921066,0.8664278984069824,0.2690863311290741,-0.09582344442605972,0.8577766418457031,0.36304333806037903,-0.08694103360176086,0.843363881111145,0.3838344216346741,-0.0700962245464325,0.9158622026443481,0.29529038071632385,-0.06310304999351501,0.9268677234649658,0.3078155815601349,-0.09106243401765823,0.9119846820831299,0.37479978799819946,-0.08172984421253204,0.8943198919296265,0.3862234950065613,-0.06772563606500626
0.8506601452827454,0.5469499230384827,-4.727450857444637e-07,0.7876341938972473,0.5301625728607178,-0.046705301851034164,0.7389497756958008,0.45904088020324707,-0.07606423646211624,0.7590692639350891,0.3772777318954468,-0.10238797217607498,0.7844536900520325,0.3133915960788727,-0.12029381096363068,0.7278317213058472,0.27852243185043335,-0.03113093040883541,0.7244623899459839,0.20682264864444733,-0.09452012181282043,0.7447656393051147,0.2799149751663208,-0.13467632234096527,0.7613248825073242,0.35124313831329346,-0.1527649462223053,0.7934278249740601,0.2566998600959778,-0.03114011324942112,0.8072623014450073,0.21640409529209137,-0.09115100651979446,0.8183231949806213,0.3246653079986572,-0.10885872691869736,0.8187158107757568,0.36876732110977173,-0.10723111778497696,0.8554735779762268,0.2608494460582733,-0.04164737090468407,0.8783698081970215,0.25855761766433716,-0.09326189756393433,0.8708203434944153,0.3540591597557068,-0.08480552583932877,0.8575671315193176,0.3768567740917206,-0.06736329197883606,0.9171066880226135,0.2836229205131531,-0.05750587210059166,0.9363086819648743,0.2875244915485382,-0.08724064379930496,0.9216518402099609,0.35791099071502686,-0.077367402613163,0.9025366306304932,0.37188395857810974,-0.06200309842824936
0.8645168542861938,0.5557276010513306,-5.978754415991716e-07,0.8080532550811768,0.5547791719436646,-0.057920731604099274,0.7569069862365723,0.5131291747093201,-0.10167786478996277,0.7738185524940491,0.44930145144462585,-0.13941919803619385,0.796518087387085,0.3875671327114105,-0.1681487113237381,0.7427560687065125,0.3065306842327118,-0.07175102084875107,0.7288442850112915,0.23413801193237305,-0.14408200979232788,0.7524298429489136,0.2987654507160187,-0.1897926777601242,0.7755193114280701,0.3667754828929901,-0.2133737951517105,0.8075332641601562,0.26816844940185547,-0.07065519690513611,0.8345128893852234,0.26882055401802063,-0.14046552777290344,0.8493240475654602,0.3793441653251648,-0.16015292704105377,0.8475077152252197,0.41968148946762085,-0.16197554767131805,0.8693910241127014,0.27036014199256897,-0.07855863124132156,0.9047132134437561,0.3187831938266754,-0.1323048621416092,0.8969054222106934,0.4094352126121521,-0.12102510780096054,0.8778486847877502,0.422492653131485,-0.10555288195610046,0.9298320412635803,0.29335036873817444,-0.09361045062541962,0.9608834385871887,0.3593384325504303,-0.12780940532684326,0.9442155957221985,0.4291501045227051,-0.12083211541175842,0.9168150424957275,0.43343979120254517,-0.10879554599523544
0.8595883846282959,0.49839556217193604,-7.258639129759104e-07,0.8068466782569885,0.49828362464904785,-0.06252463161945343,0.7520946860313416,0.4868292808532715,-0.10699944943189621,0.7683624029159546,0.5177366137504578,-0.14312142133712769,0.8163972496986389,0.5200492739677429,-0.1700337529182434,0.7493056654930115,0.2826222777366638,-0.09312305599451065,0.7469689846038818,0.3385368287563324,-0.15402185916900635,0.7568379640579224,0.4293997883796692,-0.18587808310985565,0.7687038779258728,0.4821775555610657,-0.20287376642227173,0.8265894055366516,0.25855082273483276,-0.0875605046749115,0.8578233122825623,0.4094289243221283,-0.14106428623199463,0.8475585579872131,0.49022775888442993,-0.15096613764762878,0.8354059457778931,0.4735133945941925,-0.15464754402637482,0.8983600735664368,0.27930495142936707,-0.08929464966058731,0.921676516532898,0.45985671877861023,-0.12722253799438477,0.8901886343955994,0.5205354690551758,-0.1124434545636177,0.8653258085250854,0.4932017922401428,-0.10117197036743164,0.9604350328445435,0.31898584961891174,-0.09948886930942535,0.9687137007713318,0.4586256742477417,-0.12809836864471436,0.939119815826416,0.5095796585083008,-0.12234422564506531,0.9157417416572571,0.49580118060112,-0.11413637548685074
0.8655182719230652,0.5450295805931091,-5.407627554632199e-07,0.8109005093574524,0.5430532693862915,-0.06215006113052368,0.7538992762565613,0.520813524723053,-0.10480430722236633,0.7666634917259216,0.5258114337921143,-0.13740184903144836,0.8114990592002869,0.5185503959655762,-0.15951189398765564,0.7485471963882446,0.3060865104198456,-0.08740835636854172,0.7434421181678772,0.3663562834262848,-0.14669327437877655,0.7583933472633362,0.44835394620895386,-0.17539851367473602,0.7714323997497559,0.4848732352256775,-0.19068917632102966,0.8233965039253235,0.27746063470840454,-0.08168912678956985,0.8385463953018188,0.4081374406814575,-0.13536575436592102,0.833219587802887,0.4886293411254883,-0.14271754026412964,0.8273717761039734,0.4742933213710785,-0.1424160748720169,0.8930864334106445,0.2973295748233795,-0.08335325866937637,0.906374454498291,0.4682105481624603,-0.12298187613487244,0.8771854043006897,0.5288589000701904,-0.1041017472743988,0.8544419407844543,0.49878787994384766,-0.08887771517038345,0.9557536244392395,0.34212741255760193,-0.0933249443769455,0.9578463435173035,0.4790091812610626,-0.12426569312810898,0.9299710988998413,0.5283026695251465,-0.11753775179386139,0.9079045057296753,0.5083224773406982,-0.1070486530661583
0.8606290817260742,0.5608541369438171,-4.823528456654458e-07,0.8134347796440125,0.562096357345581,-0.062166810035705566,0.7598944902420044,0.531964898109436,-0.10486552119255066,0.7567658424377441,0.4854247272014618,-0.13767266273498535,0.7814602851867676,0.4302733540534973,-0.1596299558877945,0.737975537776947,0.30673402547836304,-0.07585062086582184,0.7265787720680237,0.30730772018432617,-0.13762766122817993,0.7503224015235901,0.38834241032600403,-0.17107009887695312,0.771608829498291,0.4415091276168823,-0.1876184195280075,0.8096256852149963,0.26403290033340454,-0.0691337063908577,0.8319653868675232,0.3245566785335541,-0.12724119424819946,0.8392326235771179,0.42351362109184265,-0.1406376212835312,0.8388784527778625,0.44366171956062317,-0.14088501036167145,0.8779417276382446,0.2739293575286865,-0.07026463001966476,0.9008989334106445,0.38467881083488464,-0.1151951253414154,0.8844807147979736,0.46090131998062134,-0.1030314490199089,0.8678117394447327,0.4527169466018677,-0.08966989815235138,0.9420939087867737,0.3099142909049988,-0.078694187104702,0.9554544687271118,0.4142635464668274,-0.10929877310991287,0.934607744216919,0.4756343960762024,-0.10367099940776825,0.913322925567627,0.46810823678970337,-0.09339487552642822
0.8432108163833618,0.568623423576355,-4.103620483419945e-07,0.793767511844635,0.541067361831665,-0.04548560827970505,0.7557113766670227,0.4817294478416443,-0.07549098879098892,0.751087486743927,0.40823984146118164,-0.09923387318849564,0.7766093015670776,0.3417486548423767,-0.11303303390741348,0.7278474569320679,0.28105488419532776,-0.02953232266008854,0.7251218557357788,0.25347664952278137,-0.08018062263727188,0.7329189777374268,0.30351534485816956,-0.11052437126636505,0.7518303394317627,0.36055102944374084,-0.12630173563957214,0.8036322593688965,0.25312572717666626,-0.02585476078093052,0.7976894974708557,0.25539401173591614,-0.06925641745328903,0.7997822165489197,0.36791762709617615,-0.07227199524641037,0.8022149801254272,0.39802226424217224,-0.06525824218988419,0.8690454959869385,0.26303830742836,-0.03146710991859436,0.8642445206642151,0.3105738162994385,-0.06777980923652649,0.8462876081466675,0.3956727981567383,-0.043148286640644073,0.8420199155807495,0.4059402346611023,-0.019621992483735085,0.9349092841148376,0.2996549606323242,-0.04361646994948387,0.922951340675354,0.3366914391517639,-0.06452950090169907,0.9035159945487976,0.3969185948371887,-0.04762174189090729,0.8935929536819458,0.4026338756084442,-0.029452858492732048
0.8488282561302185,0.5750335454940796,-6.081199899199419e-07,0.7941823601722717,0.5517823100090027,-0.048483241349458694,0.7509596347808838,0.49293220043182373,-0.07806939631700516,0.7518584132194519,0.4235079288482666,-0.10147520154714584,0.7728496789932251,0.3564969301223755,-0.11455006897449493,0.7334726452827454,0.2835547924041748,-0.03313141688704491,0.7229992747306824,0.25288328528404236,-0.08790980279445648,0.735771656036377,0.3278014063835144,-0.12242341041564941,0.7547858357429504,0.3906046748161316,-0.1402846872806549,0.8080794811248779,0.2512624263763428,-0.029835110530257225,0.7997863292694092,0.2563609182834625,-0.07920556515455246,0.7996284365653992,0.3725880980491638,-0.08953597396612167,0.8019169569015503,0.40985262393951416,-0.08644159883260727,0.8722743988037109,0.2623600959777832,-0.036025889217853546,0.8649237751960754,0.31613659858703613,-0.07681484520435333,0.8484815359115601,0.40228283405303955,-0.061084967106580734,0.844428539276123,0.4117512106895447,-0.04267038777470589,0.9361012578010559,0.29829928278923035,-0.04859710857272148,0.923309862613678,0.35117465257644653,-0.070226289331913,0.9059656262397766,0.41171377897262573,-0.05761469155550003,0.8968783617019653,0.41417592763900757,-0.04255828633904457
0.8541780114173889,0.5825805068016052,-6.50088054499065e-07,0.7971100807189941,0.5644236207008362,-0.04649808630347252,0.7438936829566956,0.5095947980880737,-0.07836584001779556,0.752025842666626,0.4463808834552765,-0.10583367198705673,0.7883111238479614,0.393255352973938,-0.12485628575086594,0.744182288646698,0.2956923544406891,-0.04241625592112541,0.7276110053062439,0.2678883373737335,-0.09958305954933167,0.7442755103111267,0.3513769507408142,-0.13547120988368988,0.761005699634552,0.4126450717449188,-0.1535622477531433,0.8145856261253357,0.2628942131996155,-0.0422089621424675,0.8099647164344788,0.2765890657901764,-0.09332738816738129,0.8095734715461731,0.38021349906921387,-0.1083514615893364,0.8088465332984924,0.41395825147628784,-0.10830108076334,0.8796367645263672,0.27359604835510254,-0.050357092171907425,0.8754999041557312,0.3404025137424469,-0.0916987955570221,0.8583710789680481,0.42360222339630127,-0.08433721959590912,0.8480629920959473,0.43016064167022705,-0.07146589457988739,0.9418617486953735,0.3075754642486572,-0.06439932435750961,0.9353699684143066,0.3740578293800354,-0.08730679750442505,0.9143663644790649,0.4345610737800598,-0.08017650246620178,0.9000014066696167,0.4360902011394501,-0.06870848685503006
0.8569836616516113,0.5929715633392334,-6.439453272832907e-07,0.8036949038505554,0.5762315988540649,-0.05604530870914459,0.7495940923690796,0.5316125750541687,-0.09301935136318207,0.7478237152099609,0.4771074056625366,-0.12336986511945724,0.7908667325973511,0.433173269033432,-0.14449231326580048,0.7444810271263123,0.3024514317512512,-0.052007321268320084,0.7282909154891968,0.28943687677383423,-0.10778726637363434,0.7428836226463318,0.3764617145061493,-0.14215457439422607,0.757817268371582,0.42660999298095703,-0.16077831387519836,0.818656861782074,0.2678230404853821,-0.046695731580257416,0.8110836148262024,0.30716195702552795,-0.09641458839178085,0.8080460429191589,0.41688239574432373,-0.1087523028254509,0.8058254718780518,0.4432712197303772,-0.1084178239107132,0.886148989200592,0.2819172441959381,-0.05013088509440422,0.8777100443840027,0.368744820356369,-0.09281710535287857,0.8593267798423767,0.45488500595092773,-0.0851253867149353,0.8486471176147461,0.4577973783016205,-0.07231541723012924,0.948327362537384,0.3202490508556366,-0.05997384339570999,0.9374395608901978,0.40168580412864685,-0.08440113812685013,0.9132288694381714,0.4635304808616638,-0.07834775000810623,0.8955074548721313,0.4647199213504791,-0.06777074187994003
0.8507258892059326,0.6113013029098511,-5.748755143031303e-07,0.8001329898834229,0.5895628929138184,-0.055893417447805405,0.7520153522491455,0.5492887496948242,-0.09264449775218964,0.7438664436340332,0.49421122670173645,-0.1211426705121994,0.7861204743385315,0.4498157203197479,-0.13944900035858154,0.7374307513237,0.3208252489566803,-0.0534050352871418,0.7261301279067993,0.31826820969581604,-0.10168653726577759,0.7419058680534363,0.39785799384117126,-0.1291762888431549,0.7627224326133728,0.4431835114955902,-0.14526769518852234,0.8147834539413452,0.28954970836639404,-0.04589236155152321,0.8064048886299133,0.32781529426574707,-0.08773121237754822,0.8042166233062744,0.4370056390762329,-0.09297993034124374,0.8053829669952393,0.4575658142566681,-0.09009934216737747,0.8828098177909851,0.30328303575515747,-0.04619057476520538,0.874362587928772,0.3800913393497467,-0.07968641817569733,0.8570643663406372,0.460239976644516,-0.06299799680709839,0.850912868976593,0.46024054288864136,-0.04705656319856644,0.9466302394866943,0.3432108163833618,-0.053506698459386826,0.9331612586975098,0.40953171253204346,-0.07104109972715378,0.9120436906814575,0.4661025404930115,-0.05933830142021179,0.8999449014663696,0.4664304256439209,-0.04636824503540993
0.8490967750549316,0.6131150722503662,-5.583518714047386e-07,0.7975553870201111,0.5927878022193909,-0.05484255030751228,0.75284743309021,0.549484133720398,-0.08908601850271225,0.7423807382583618,0.4913867712020874,-0.11491059511899948,0.7787581086158752,0.4456413686275482,-0.1310575306415558,0.7350220084190369,0.3249257504940033,-0.04928995296359062,0.7232752442359924,0.3221273720264435,-0.09663557261228561,0.7356860041618347,0.40110915899276733,-0.12695923447608948,0.7549755573272705,0.4420849680900574,-0.1463843137025833,0.8141294121742249,0.2937602400779724,-0.041392143815755844,0.8017925024032593,0.3307851552963257,-0.08180020749568939,0.8003049492835999,0.43940508365631104,-0.08924658596515656,0.8007590770721436,0.4612494707107544,-0.08925177901983261,0.8816799521446228,0.3084280788898468,-0.041259851306676865,0.86883544921875,0.38168126344680786,-0.07431429624557495,0.8533313870429993,0.46239954233169556,-0.058646589517593384,0.8491297364234924,0.4655408263206482,-0.04396480321884155,0.944525420665741,0.34871113300323486,-0.04795568808913231,0.9272075891494751,0.4112744927406311,-0.06597760319709778,0.9093062877655029,0.46604710817337036,-0.05506965517997742,0.9001995325088501,0.46715298295021057,-0.04311918467283249
0.8492431044578552,0.6212471127510071,-5.57213581942051e-07,0.7968477606773376,0.601311445236206,-0.051985714584589005,0.7527495622634888,0.5581360459327698,-0.08537666499614716,0.7406551241874695,0.501076877117157,-0.11080578714609146,0.7703234553337097,0.45204535126686096,-0.12690387666225433,0.7317160367965698,0.33319753408432007,-0.047301486134529114,0.7196040153503418,0.327491819858551,-0.09221705049276352,0.7301297187805176,0.403276264667511,-0.12035605311393738,0.7478629350662231,0.4474209249019623,-0.13822819292545319,0.8096041083335876,0.3021863102912903,-0.04005108028650284,0.7979594469070435,0.3353421092033386,-0.07835130393505096,0.7963970899581909,0.44425246119499207,-0.08503610640764236,0.796086311340332,0.4677727222442627,-0.08485107123851776,0.876255452632904,0.31583327054977417,-0.03999664634466171,0.8645439147949219,0.38677793741226196,-0.07087261229753494,0.8481689691543579,0.46589717268943787,-0.054474908858537674,0.8429951071739197,0.4706566035747528,-0.03998750075697899,0.9391565322875977,0.35572537779808044,-0.04648932069540024,0.9228003621101379,0.4137595295906067,-0.06323658674955368,0.9040940999984741,0.46933627128601074,-0.05139211192727089,0.8936445116996765,0.47184473276138306,-0.039180997759103775
0.8436227440834045,0.6375753879547119,-5.504992941496312e-07,0.7919694185256958,0.614504337310791,-0.05331305041909218,0.7487068176269531,0.5742573738098145,-0.08733905851840973,0.7299579977989197,0.5211435556411743,-0.11297489702701569,0.7577148079872131,0.4701884686946869,-0.12917517125606537,0.7234838008880615,0.3522297143936157,-0.047341395169496536,0.7104240655899048,0.3453669846057892,-0.09119538962841034,0.7206966280937195,0.41998130083084106,-0.11988922208547592,0.7405416965484619,0.46445775032043457,-0.1386011838912964,0.7999882698059082,0.3213631510734558,-0.03819699585437775,0.7852057218551636,0.34854668378829956,-0.07538159936666489,0.7859830856323242,0.4584147036075592,-0.08304918557405472,0.7863011956214905,0.4831722378730774,-0.08401840925216675,0.8647425174713135,0.33437687158584595,-0.03592632710933685,0.8512622117996216,0.39542481303215027,-0.06506819278001785,0.8371336460113525,0.4750211834907532,-0.04777217656373978,0.8344405889511108,0.4847670793533325,-0.03291526436805725,0.9267792105674744,0.37443336844444275,-0.04032234847545624,0.9090380072593689,0.42547178268432617,-0.0549522265791893,0.8928932547569275,0.47819486260414124,-0.04190180450677872,0.8855429887771606,0.4832566976547241,-0.029164079576730728
0.8401286602020264,0.6353803277015686,-5.4232805268839e-07,0.7896303534507751,0.6150919198989868,-0.05479114502668381,0.7472982406616211,0.5746046304702759,-0.08980263024568558,0.7299826741218567,0.5207470655441284,-0.11589166522026062,0.7569829821586609,0.4656182527542114,-0.13261926174163818,0.7216807007789612,0.35510027408599854,-0.051613062620162964,0.7107614874839783,0.34922152757644653,-0.09432017058134079,0.7222716808319092,0.4230942130088806,-0.12107749283313751,0.741219162940979,0.46538490056991577,-0.1391269862651825,0.80049067735672,0.3223196268081665,-0.04188278689980507,0.7833569049835205,0.3520585894584656,-0.08105088770389557,0.7829855680465698,0.46308714151382446,-0.08865123987197876,0.7823136448860168,0.4858782887458801,-0.08950899541378021,0.8655290603637695,0.33522137999534607,-0.03878678381443024,0.851076602935791,0.40330901741981506,-0.07030928134918213,0.836401104927063,0.48095813393592834,-0.053898800164461136,0.8335749506950378,0.4854170083999634,-0.03975118324160576,0.9274355173110962,0.37326645851135254,-0.04211650416254997,0.9092410206794739,0.4328038692474365,-0.05841546133160591,0.8933115601539612,0.4859175682067871,-0.04642528295516968,0.8853339552879333,0.48686495423316956,-0.034781068563461304
0.8399761319160461,0.6364586353302002,-5.080246978650393e-07,0.7904057502746582,0.6167320609092712,-0.056177183985710144,0.7471868991851807,0.5780009031295776,-0.09260603040456772,0.7267558574676514,0.5256189703941345,-0.12032663822174072,0.7513399124145508,0.47060805559158325,-0.1387365609407425,0.7230150699615479,0.35575318336486816,-0.052972421050071716,0.7067214250564575,0.3495381474494934,-0.09792487323284149,0.7167182564735413,0.42289239168167114,-0.12534624338150024,0.7370747327804565,0.46503373980522156,-0.1428239345550537,0.7997390627861023,0.3252856731414795,-0.043126560747623444,0.7824523448944092,0.3525122106075287,-0.0831579640507698,0.7824302911758423,0.4629288911819458,-0.09081676602363586,0.7837337851524353,0.48495715856552124,-0.0909760519862175,0.8647046685218811,0.34001946449279785,-0.040311094373464584,0.8494545221328735,0.4056892395019531,-0.07298026978969574,0.8346653580665588,0.484361857175827,-0.05765200033783913,0.8324490785598755,0.4897439479827881,-0.04337916895747185,0.9263520240783691,0.37961000204086304,-0.04396548494696617,0.907336950302124,0.4338795840740204,-0.061138711869716644,0.8910554051399231,0.4860365092754364,-0.05001121759414673,0.883742094039917,0.48841583728790283,-0.03834821656346321
0.838100790977478,0.6475562453269958,-5.025563609706296e-07,0.7839584350585938,0.6250110864639282,-0.049163855612277985,0.7414047122001648,0.5838847160339355,-0.08315601944923401,0.719902515411377,0.5295698642730713,-0.11022398620843887,0.7362437844276428,0.4696463644504547,-0.1279640793800354,0.716564416885376,0.36494559049606323,-0.043052900582551956,0.6950738430023193,0.3550308644771576,-0.09145865589380264,0.7062821388244629,0.42260316014289856,-0.12198788672685623,0.7288109660148621,0.46816959977149963,-0.1400330513715744,0.7902101874351501,0.33572909235954285,-0.036746349185705185,0.7701058983802795,0.3558526933193207,-0.07679902762174606,0.7730086445808411,0.46366775035858154,-0.08302859216928482,0.7748799920082092,0.4856865406036377,-0.08149289339780807,0.853405237197876,0.34851399064064026,-0.038038209080696106,0.8356798887252808,0.4067143201828003,-0.06927654147148132,0.8238345980644226,0.4844321310520172,-0.049757108092308044,0.8243328928947449,0.4904320538043976,-0.03244569152593613,0.9151756763458252,0.3864092230796814,-0.04577292501926422,0.8930773138999939,0.43263912200927734,-0.06104070320725441,0.8800029158592224,0.48487675189971924,-0.04642328992486,0.8774507641792297,0.48780012130737305,-0.032048698514699936
0.8366016149520874,0.6474447250366211,-4.848550361202797e-07,0.783022403717041,0.6238499283790588,-0.050168246030807495,0.7386103272438049,0.5824573636054993,-0.0840577483177185,0.7177801132202148,0.5243576765060425,-0.11101256310939789,0.7332843542098999,0.4616188108921051,-0.12846428155899048,0.7095608115196228,0.36778050661087036,-0.04018368944525719,0.6946887373924255,0.3579385280609131,-0.0867338478565216,0.7059422135353088,0.42093974351882935,-0.1151348128914833,0.728583812713623,0.46493950486183167,-0.13184481859207153,0.7834105491638184,0.3377417325973511,-0.03397024795413017,0.7662786841392517,0.3561108708381653,-0.0738111212849617,0.7691121697425842,0.46392038464546204,-0.07913605123758316,0.7712323069572449,0.48803597688674927,-0.07604706287384033,0.8479407429695129,0.3480900526046753,-0.03574853017926216,0.8321356773376465,0.4078008234500885,-0.06818580627441406,0.8199067711830139,0.4876875877380371,-0.04855025187134743,0.8192528486251831,0.49470558762550354,-0.030248282477259636,0.910952627658844,0.3832859992980957,-0.04401904344558716,0.889467179775238,0.4336914122104645,-0.059530094265937805,0.8761466145515442,0.4891907572746277,-0.04433763027191162,0.8724427819252014,0.4934594929218292,-0.02915037050843239
0.8264371156692505,0.6618281602859497,-5.242193310550647e-07,0.7713199257850647,0.6336718797683716,-0.047316521406173706,0.724273681640625,0.5844074487686157,-0.07883170992136002,0.7042657732963562,0.5207690000534058,-0.10533971339464188,0.7126391530036926,0.45290839672088623,-0.1217789500951767,0.7012501358985901,0.37777015566825867,-0.03143298998475075,0.6748671531677246,0.3641820549964905,-0.08359493315219879,0.6898086667060852,0.43003687262535095,-0.11180492490530014,0.7148239016532898,0.46919864416122437,-0.12519049644470215,0.7685502171516418,0.35026055574417114,-0.02791690081357956,0.7454128861427307,0.36292707920074463,-0.07298462092876434,0.7522494196891785,0.47219642996788025,-0.07594174146652222,0.7572779655456543,0.487856924533844,-0.06802172213792801,0.8314726948738098,0.3597889840602875,-0.033912625163793564,0.8107070922851562,0.409845232963562,-0.07291240245103836,0.8027281165122986,0.4978143572807312,-0.05100436508655548,0.805692732334137,0.5010049939155579,-0.027796944603323936,0.8946518301963806,0.3937299847602844,-0.046109408140182495,0.8685023784637451,0.43571245670318604,-0.06506030261516571,0.8558951020240784,0.49590498208999634,-0.04866638779640198,0.856399416923523,0.49892690777778625,-0.030450355261564255
0.8251926898956299,0.6636841893196106,-5.709928814212617e-07,0.77149897813797,0.6381391882896423,-0.04723350331187248,0.7225147485733032,0.5853308439254761,-0.07737194001674652,0.7020854353904724,0.5223586559295654,-0.10301651805639267,0.7099053263664246,0.45339763164520264,-0.11877527832984924,0.7020084261894226,0.37633243203163147,-0.027182094752788544,0.6728044748306274,0.35800284147262573,-0.08266565203666687,0.6855751872062683,0.430749773979187,-0.11405020952224731,0.7101905345916748,0.4676179885864258,-0.1291850060224533,0.7696404457092285,0.3517794609069824,-0.024481918662786484,0.7425451874732971,0.3561393618583679,-0.07498134672641754,0.746618926525116,0.47014498710632324,-0.08106358349323273,0.7540345191955566,0.48711755871772766,-0.07353886216878891,0.8320976495742798,0.3634648323059082,-0.03202243894338608,0.8076435327529907,0.41043803095817566,-0.07706509530544281,0.7977759838104248,0.5037462115287781,-0.058122895658016205,0.8021237254142761,0.5042346119880676,-0.03460104763507843,0.8932596445083618,0.39605051279067993,-0.045407820492982864,0.864935576915741,0.4351288378238678,-0.0670219287276268,0.8515673279762268,0.4996281862258911,-0.051471080631017685,0.8540529012680054,0.5023878812789917,-0.03295033052563667
0.8269144892692566,0.6690658926963806,-6.066443347663153e-07,0.7713755965232849,0.6438560485839844,-0.04672139137983322,0.7196764945983887,0.5883123874664307,-0.07599561661481857,0.70145183801651,0.5232784748077393,-0.1012713611125946,0.7080401182174683,0.4506998360157013,-0.11656323820352554,0.7015776634216309,0.37994253635406494,-0.02561170607805252,0.6691727042198181,0.35959234833717346,-0.08260524272918701,0.6825826168060303,0.4373261332511902,-0.1150149554014206,0.7073309421539307,0.47341597080230713,-0.1305181086063385,0.7678776383399963,0.35407426953315735,-0.024197133257985115,0.740409255027771,0.35934579372406006,-0.07781046628952026,0.7445136904716492,0.47245991230010986,-0.08697908371686935,0.7533080577850342,0.4895838499069214,-0.08085647970438004,0.8306028842926025,0.3650329113006592,-0.033143047243356705,0.8058522939682007,0.41352707147598267,-0.08087624609470367,0.795984148979187,0.5077004432678223,-0.06516226381063461,0.7995291352272034,0.506022036075592,-0.0430191308259964,0.8908302783966064,0.3959467113018036,-0.047750283032655716,0.862968385219574,0.43727684020996094,-0.07055987417697906,0.8496831059455872,0.5020503997802734,-0.05674750357866287,0.8518953919410706,0.5027381777763367,-0.03913255035877228
0.8292498588562012,0.6734535694122314,-6.535602778967586e-07,0.7717416882514954,0.6494365930557251,-0.0467781163752079,0.7173366546630859,0.5921032428741455,-0.07598505169153214,0.7008090019226074,0.5259274840354919,-0.10172578692436218,0.7078132629394531,0.4521920084953308,-0.11716797202825546,0.704395592212677,0.382717490196228,-0.025115899741649628,0.668408989906311,0.36005979776382446,-0.08324968069791794,0.6845113635063171,0.44543641805648804,-0.11501509696245193,0.7091135382652283,0.47943761944770813,-0.12945963442325592,0.7691165804862976,0.3581472337245941,-0.024285482242703438,0.7383473515510559,0.3600977659225464,-0.079970583319664,0.7432398200035095,0.47563493251800537,-0.0891963317990303,0.7534928917884827,0.4918757975101471,-0.08234930038452148,0.8308470249176025,0.3686971366405487,-0.03414527699351311,0.8027021884918213,0.41514769196510315,-0.08464718610048294,0.7934340238571167,0.5136175751686096,-0.06982258707284927,0.7982423901557922,0.512144923210144,-0.04712948948144913,0.8907498121261597,0.3980618119239807,-0.04945891350507736,0.8589120507240295,0.43707436323165894,-0.07327937334775925,0.8453798294067383,0.5042108297348022,-0.059769406914711,0.8491291403770447,0.5060223937034607,-0.041898198425769806
0.8368402719497681,0.6838209629058838,-7.249062150549435e-07,0.7775527238845825,0.6578303575515747,-0.04160713404417038,0.7214511036872864,0.5953236818313599,-0.06901845335960388,0.7067340016365051,0.5265270471572876,-0.09524853527545929,0.7114452719688416,0.45029589533805847,-0.11129076033830643,0.716353714466095,0.3913855254650116,-0.01689082197844982,0.6739510893821716,0.3642740547657013,-0.0780496820807457,0.6881004571914673,0.44889992475509644,-0.1096702292561531,0.7139202952384949,0.4862276017665863,-0.12173952907323837,0.7776596546173096,0.3721238970756531,-0.019622372463345528,0.744821310043335,0.3666485846042633,-0.0758681371808052,0.7491311430931091,0.4823710322380066,-0.08249694854021072,0.7610194087028503,0.49334222078323364,-0.07281701266765594,0.8377141356468201,0.3817547559738159,-0.034009501338005066,0.8076075315475464,0.41819101572036743,-0.08749451488256454,0.7981940507888794,0.5207090377807617,-0.07099232077598572,0.8046056032180786,0.5186961889266968,-0.04588136821985245,0.8971553444862366,0.4092986583709717,-0.05356419086456299,0.8641263842582703,0.43610256910324097,-0.07936812937259674,0.8474569320678711,0.5100717544555664,-0.06450749188661575,0.8499837517738342,0.518346905708313,-0.04486110806465149
0.8405451774597168,0.6909171938896179,-7.059555287014518e-07,0.7798945307731628,0.6629230976104736,-0.04121294617652893,0.7227839827537537,0.6006467342376709,-0.06892209500074387,0.7070938348770142,0.5287815928459167,-0.09559577703475952,0.7105130553245544,0.4501376748085022,-0.11182007193565369,0.7183547019958496,0.3947146236896515,-0.016817431896924973,0.674630880355835,0.368740439414978,-0.0779387429356575,0.6918454170227051,0.4562777876853943,-0.10799763351678848,0.7196515202522278,0.4887714684009552,-0.1191580593585968,0.7799769639968872,0.37748584151268005,-0.019856957718729973,0.7436333894729614,0.3667019307613373,-0.07742135971784592,0.7499136924743652,0.4873104393482208,-0.08227427303791046,0.7647141218185425,0.49678197503089905,-0.07060929387807846,0.8404206037521362,0.38749200105667114,-0.03456863388419151,0.8075777888298035,0.4197612702846527,-0.0890212431550026,0.799839437007904,0.5259432792663574,-0.07001445442438126,0.8101007342338562,0.5221598744392395,-0.042529355734586716,0.9004126191139221,0.41532182693481445,-0.054322320967912674,0.8636286854743958,0.4393821358680725,-0.08007243275642395,0.8506201505661011,0.511391282081604,-0.06401000171899796,0.8596009016036987,0.5145854949951172,-0.043233051896095276
0.8457135558128357,0.706584632396698,-7.623410169799172e-07,0.7845609188079834,0.6759240627288818,-0.03736434131860733,0.7306456565856934,0.6105365753173828,-0.06310681253671646,0.7153540253639221,0.5407106876373291,-0.08917342871427536,0.7158278226852417,0.46372315287590027,-0.10595527291297913,0.7299671173095703,0.4134751260280609,-0.013391909189522266,0.6830287575721741,0.38067707419395447,-0.07413212209939957,0.695152997970581,0.4594478905200958,-0.10513097047805786,0.7219767570495605,0.4988424777984619,-0.11600054800510406,0.7890610694885254,0.39582666754722595,-0.017604520544409752,0.750973105430603,0.3874841332435608,-0.07218271493911743,0.7548407316207886,0.500837504863739,-0.07829467207193375,0.7690272927284241,0.513327956199646,-0.06855463236570358,0.8483246564865112,0.40529996156692505,-0.033243026584386826,0.8118440508842468,0.4351552724838257,-0.085747130215168,0.8028616905212402,0.5377079844474792,-0.06940232962369919,0.8127607107162476,0.5394658446311951,-0.04444022476673126,0.9072274565696716,0.43257027864456177,-0.053566623479127884,0.8678601384162903,0.45428481698036194,-0.07782765477895737,0.8505480289459229,0.5276407599449158,-0.06247175484895706,0.8559271097183228,0.538478672504425,-0.04263405501842499
0.8477076888084412,0.7102079391479492,-7.147288556552667e-07,0.7853222489356995,0.680547297000885,-0.03777464106678963,0.7282549738883972,0.6190088391304016,-0.06527132540941238,0.7110584378242493,0.5480644702911377,-0.09306760132312775,0.7127198576927185,0.47115007042884827,-0.11088388413190842,0.7302287220954895,0.418820858001709,-0.015802420675754547,0.6790047287940979,0.38159918785095215,-0.07693404704332352,0.6902686953544617,0.46094968914985657,-0.10492915660142899,0.7181548476219177,0.4999188482761383,-0.11345947533845901,0.7897864580154419,0.40267154574394226,-0.02040480263531208,0.7478561997413635,0.3899306058883667,-0.07801847159862518,0.7526690363883972,0.5091118812561035,-0.08152101933956146,0.7697612047195435,0.5189308524131775,-0.06846992671489716,0.8487599492073059,0.4125705063343048,-0.03647253289818764,0.8093490600585938,0.43996381759643555,-0.09131347388029099,0.8025656342506409,0.5464920401573181,-0.07153454422950745,0.8161037564277649,0.5450505018234253,-0.043181322515010834,0.9071738123893738,0.4401375651359558,-0.05723508447408676,0.8652928471565247,0.4612531363964081,-0.08267032355070114,0.8505223989486694,0.5352946519851685,-0.06585677713155746,0.8600401878356934,0.5423429608345032,-0.04445001855492592
0.8480730056762695,0.718325674533844,-7.516313189626089e-07,0.7861980199813843,0.6862625479698181,-0.03733177110552788,0.7310024499893188,0.6228916645050049,-0.06410734355449677,0.7132943272590637,0.5516415238380432,-0.09132205694913864,0.7152908444404602,0.47454315423965454,-0.10875110328197479,0.7305890321731567,0.4211289882659912,-0.014448661357164383,0.6797493696212769,0.38525915145874023,-0.0752282664179802,0.6912729144096375,0.4655826985836029,-0.10391096025705338,0.7188056707382202,0.504791259765625,-0.11302684992551804,0.7907844185829163,0.40347999334335327,-0.019025657325983047,0.7491745948791504,0.3943079710006714,-0.0749986544251442,0.7542598843574524,0.5124552249908447,-0.07901524007320404,0.7699919939041138,0.5231314301490784,-0.06691709160804749,0.8504604697227478,0.41352373361587524,-0.03500710427761078,0.8102336525917053,0.4481751024723053,-0.08873935043811798,0.8036336898803711,0.5540509223937988,-0.07018529623746872,0.8164346218109131,0.5527846217155457,-0.042978059500455856,0.9088505506515503,0.4418124258518219,-0.05566996708512306,0.8653419017791748,0.4674704968929291,-0.0801149308681488,0.8508169651031494,0.5414775609970093,-0.06374824792146683,0.8603907227516174,0.5489432215690613,-0.042877890169620514
0.8539738059043884,0.7310634851455688,-7.856374395487364e-07,0.7911316156387329,0.6961047053337097,-0.035674531012773514,0.7368417382240295,0.6316759586334229,-0.06155909225344658,0.7204166650772095,0.5615042448043823,-0.08861066401004791,0.7212367057800293,0.48557180166244507,-0.10640361905097961,0.7404529452323914,0.43044644594192505,-0.01248571090400219,0.6888264417648315,0.39659827947616577,-0.07251355797052383,0.6981371641159058,0.4761831760406494,-0.10156869143247604,0.7245364189147949,0.5158721804618835,-0.11099666357040405,0.7990529537200928,0.4132576584815979,-0.0177097637206316,0.7567200064659119,0.4081363081932068,-0.07142550498247147,0.7603444457054138,0.5232105255126953,-0.07577642798423767,0.7761021256446838,0.5330047607421875,-0.06478452682495117,0.8583326935768127,0.4237300753593445,-0.03421087563037872,0.8173452019691467,0.45805808901786804,-0.08670032024383545,0.8101494908332825,0.562204897403717,-0.06930338591337204,0.8235602974891663,0.5626237392425537,-0.04354182258248329,0.916576623916626,0.4528551399707794,-0.05534256994724274,0.8738923072814941,0.48017099499702454,-0.07997296750545502,0.8577214479446411,0.5541438460350037,-0.06466374546289444,0.8662084341049194,0.5639969706535339,-0.04468051716685295
0.8577877283096313,0.7331160306930542,-7.310266028071055e-07,0.7941339612007141,0.6994089484214783,-0.03825182840228081,0.737736701965332,0.6367526650428772,-0.066825732588768,0.719499945640564,0.5674352049827576,-0.09600639343261719,0.7209054231643677,0.4902511537075043,-0.11477202922105789,0.7409305572509766,0.4233913719654083,-0.013953287154436111,0.6854202151298523,0.39613771438598633,-0.075703926384449,0.6970146298408508,0.4787823259830475,-0.10343076288700104,0.7259462475776672,0.5164382457733154,-0.11162655800580978,0.8012745976448059,0.40852537751197815,-0.018908150494098663,0.75462806224823,0.4053216576576233,-0.0766981765627861,0.7603464126586914,0.528953492641449,-0.07873702794313431,0.7789530158042908,0.5366135239601135,-0.0642939880490303,0.8613486886024475,0.4210500121116638,-0.03567831590771675,0.8176373243331909,0.4583447575569153,-0.09081698209047318,0.8125203847885132,0.56670743227005,-0.06949015706777573,0.8284865021705627,0.562849760055542,-0.0398360900580883,0.9198678731918335,0.4530012011528015,-0.057424597442150116,0.8754341006278992,0.48168158531188965,-0.08290868252515793,0.8620056509971619,0.555401086807251,-0.0657043531537056,0.8738735318183899,0.5599212050437927,-0.04367868974804878
0.8614979386329651,0.7375486493110657,-7.65775155286974e-07,0.798056423664093,0.7039098739624023,-0.038345012813806534,0.7415300607681274,0.6397236585617065,-0.06568032503128052,0.7238840460777283,0.567192554473877,-0.09331562370061874,0.7244335412979126,0.4886723756790161,-0.11075133085250854,0.7413976788520813,0.4314967691898346,-0.013639353215694427,0.6903328895568848,0.39843830466270447,-0.0747818574309349,0.7031869292259216,0.4840873181819916,-0.10361340641975403,0.7317901253700256,0.5215448141098022,-0.11311164498329163,0.803022563457489,0.41498762369155884,-0.018161935731768608,0.7609689831733704,0.4065297842025757,-0.07397028803825378,0.766497790813446,0.5290147066116333,-0.07679738849401474,0.7828978300094604,0.538150429725647,-0.063944511115551,0.8642320036888123,0.42622655630111694,-0.034454621374607086,0.8244661092758179,0.45892736315727234,-0.08843918144702911,0.8177958130836487,0.5675973892211914,-0.06828289479017258,0.8309762477874756,0.5652767419815063,-0.040124181658029556,0.924354076385498,0.4562539756298065,-0.05562926083803177,0.8817071914672852,0.4817592203617096,-0.08093973249197006,0.8676266670227051,0.557231605052948,-0.06411193311214447,0.8777081370353699,0.5636957883834839,-0.042766448110342026
0.8642066717147827,0.7399902939796448,-7.607503675899352e-07,0.8000965714454651,0.7059825658798218,-0.03947196155786514,0.7427078485488892,0.6415777206420898,-0.06744195520877838,0.724804699420929,0.5696066617965698,-0.09549957513809204,0.7272282838821411,0.4930613338947296,-0.11306947469711304,0.7453007102012634,0.4284851551055908,-0.015299688093364239,0.6924318671226501,0.401819109916687,-0.07592321932315826,0.7058581113815308,0.48875296115875244,-0.10365630686283112,0.7354800701141357,0.5220685601234436,-0.11268240213394165,0.8074037432670593,0.4118856191635132,-0.019751766696572304,0.7634415030479431,0.4093072712421417,-0.0756455510854721,0.7685287594795227,0.5325030088424683,-0.07760404050350189,0.7858716249465942,0.5383408069610596,-0.06398457288742065,0.868949830532074,0.4246009588241577,-0.03598177060484886,0.8277549147605896,0.46574997901916504,-0.08998250961303711,0.8210225105285645,0.5733093619346619,-0.06938498467206955,0.8357702493667603,0.5672195553779602,-0.04081287235021591,0.9289425015449524,0.4560565650463104,-0.057308606803417206,0.8855569958686829,0.486814022064209,-0.08181210607290268,0.870267391204834,0.5611132979393005,-0.06471817195415497,0.8804798722267151,0.565989077091217,-0.04324322193861008
0.8689556121826172,0.7445715665817261,-7.625052376170061e-07,0.8066978454589844,0.709963858127594,-0.04082042723894119,0.7500645518302917,0.6458075642585754,-0.06956324726343155,0.7323776483535767,0.5752604007720947,-0.09806317836046219,0.7348380088806152,0.4962535500526428,-0.11597812175750732,0.7524406313896179,0.43131691217422485,-0.016779957339167595,0.7001484632492065,0.402579128742218,-0.07812033593654633,0.7124199867248535,0.4916706383228302,-0.10698539763689041,0.7414630651473999,0.5271280407905579,-0.11701912432909012,0.814878523349762,0.41492462158203125,-0.020740967243909836,0.7704343199729919,0.408385306596756,-0.07802721112966537,0.774203360080719,0.53372722864151,-0.08135323226451874,0.7917743921279907,0.5425622463226318,-0.06846721470355988,0.8763306140899658,0.4282688498497009,-0.03650007024407387,0.8350034952163696,0.4644794464111328,-0.09161419421434402,0.8270909190177917,0.5738837122917175,-0.0717025101184845,0.8419991135597229,0.5699287056922913,-0.0433737151324749,0.9367204904556274,0.4606427550315857,-0.05738376826047897,0.8942207098007202,0.4888826608657837,-0.08379659801721573,0.8781293034553528,0.5639183521270752,-0.06761518865823746,0.8879732489585876,0.5697674751281738,-0.046440090984106064
0.8688305020332336,0.7465204000473022,-7.337091574299848e-07,0.8062136769294739,0.7120950222015381,-0.04412350058555603,0.7493883371353149,0.6483001112937927,-0.07512681931257248,0.7310470342636108,0.57707679271698,-0.10512683540582657,0.7352780103683472,0.4986593425273895,-0.12395923584699631,0.752926230430603,0.42424827814102173,-0.02034098654985428,0.6981554627418518,0.40299972891807556,-0.08325421065092087,0.7139900326728821,0.4939712882041931,-0.11227096617221832,0.7438060641288757,0.5252205729484558,-0.12227343022823334,0.8163310289382935,0.4086873233318329,-0.023062102496623993,0.7689064741134644,0.4115273952484131,-0.08283864706754684,0.7753530144691467,0.5381950736045837,-0.08614877611398697,0.7930585145950317,0.5444271564483643,-0.07260753214359283,0.8782238960266113,0.42406463623046875,-0.03771539404988289,0.8348097205162048,0.46736204624176025,-0.09402801841497421,0.8280893564224243,0.5778669714927673,-0.07295455038547516,0.8426265716552734,0.5719289183616638,-0.0433594211935997,0.9384831190109253,0.45900359749794006,-0.057869914919137955,0.8944160342216492,0.49511343240737915,-0.0841679573059082,0.8800040483474731,0.5686829090118408,-0.0677575096487999,0.8908239603042603,0.5706883072853088,-0.046115364879369736
0.8709169626235962,0.7482666373252869,-7.688839787078905e-07,0.8087634444236755,0.7142932415008545,-0.04216863587498665,0.7515674829483032,0.6506994366645813,-0.0714903250336647,0.7332417368888855,0.5782305598258972,-0.09994901716709137,0.7383744120597839,0.49919942021369934,-0.11745308339595795,0.7545023560523987,0.4278106689453125,-0.018665097653865814,0.6994813680648804,0.405138224363327,-0.0797022208571434,0.7159712314605713,0.4970741868019104,-0.10830581933259964,0.7465580701828003,0.5298982262611389,-0.11841847747564316,0.8181862831115723,0.41020330786705017,-0.021404452621936798,0.7705993056297302,0.41379669308662415,-0.07823112607002258,0.7779161334037781,0.5394711494445801,-0.08125543594360352,0.7960633039474487,0.5471964478492737,-0.06835182756185532,0.8801469206809998,0.42506152391433716,-0.03570692241191864,0.8359401226043701,0.46957364678382874,-0.08997461944818497,0.8304455876350403,0.579054594039917,-0.06980213522911072,0.846183180809021,0.5742226243019104,-0.0414101742208004,0.9412074089050293,0.4596068263053894,-0.05527655407786369,0.8963345289230347,0.49634405970573425,-0.08110804855823517,0.8810279369354248,0.570650041103363,-0.06538265198469162,0.890988290309906,0.5753380060195923,-0.04439965635538101
0.8704012036323547,0.7499058246612549,-7.453268722201756e-07,0.8080200552940369,0.7141839861869812,-0.04308786988258362,0.7515369653701782,0.6496097445487976,-0.07324036955833435,0.7325255274772644,0.5792222023010254,-0.10259059816598892,0.7372027635574341,0.5013149380683899,-0.12109678983688354,0.7563434839248657,0.42681068181991577,-0.019423043355345726,0.70075523853302,0.40539368987083435,-0.08048881590366364,0.7160259485244751,0.4979879856109619,-0.10887673497200012,0.7459508776664734,0.529593825340271,-0.1190580278635025,0.8206279277801514,0.4107109606266022,-0.02202245034277439,0.7710957527160645,0.4130994975566864,-0.08012451231479645,0.7767605185508728,0.5405408143997192,-0.08324997872114182,0.7953517436981201,0.5476560592651367,-0.07014856487512589,0.8826196193695068,0.42679011821746826,-0.0362265482544899,0.8374444842338562,0.469096839427948,-0.09161173552274704,0.8304305076599121,0.5793206691741943,-0.0711112841963768,0.8464145660400391,0.5746285915374756,-0.04220341891050339,0.9427489638328552,0.46243396401405334,-0.05573159083724022,0.8974682688713074,0.4976924955844879,-0.08187557011842728,0.8811120390892029,0.5714892148971558,-0.06589312106370926,0.8912760615348816,0.5759024620056152,-0.044733043760061264
0.8718071579933167,0.7499101161956787,-7.360666245403991e-07,0.8098939657211304,0.7154581546783447,-0.04321097210049629,0.7525105476379395,0.6521528363227844,-0.0739319771528244,0.7341419458389282,0.5804377198219299,-0.10394998639822006,0.7380381226539612,0.5022982954978943,-0.12298876792192459,0.756254255771637,0.43053752183914185,-0.02071826346218586,0.7012447118759155,0.4033338129520416,-0.08290982246398926,0.7131941318511963,0.49201086163520813,-0.11079774051904678,0.7421547174453735,0.5287554860115051,-0.11999859660863876,0.8208072185516357,0.41341423988342285,-0.023390011861920357,0.7722460031509399,0.4130996763706207,-0.08227330446243286,0.7766558527946472,0.5414991974830627,-0.08425222337245941,0.795163631439209,0.5493044853210449,-0.06992977112531662,0.8833412528038025,0.42797335982322693,-0.03787417337298393,0.8383885622024536,0.4680454432964325,-0.09333325177431107,0.8307682275772095,0.5783295631408691,-0.07172320783138275,0.8463369011878967,0.5744006633758545,-0.04218630865216255,0.9440831542015076,0.46261921525001526,-0.05779982730746269,0.8994468450546265,0.497994601726532,-0.08466280996799469,0.8832838535308838,0.5710470080375671,-0.06889329105615616,0.8932493329048157,0.5745598077774048,-0.04779895767569542
0.8748965859413147,0.753067135810852,-7.591914936710964e-07,0.8113483786582947,0.7186888456344604,-0.04471566155552864,0.7531092762947083,0.6537668704986572,-0.07563895732164383,0.7341403961181641,0.5819432735443115,-0.1054396703839302,0.7388292551040649,0.5027196407318115,-0.12380217015743256,0.7583709359169006,0.426923930644989,-0.020339207723736763,0.7019141316413879,0.4046046733856201,-0.0835145115852356,0.7159630656242371,0.497154176235199,-0.11276617646217346,0.7455782890319824,0.529426634311676,-0.12311786413192749,0.8228872418403625,0.4095514416694641,-0.02288089133799076,0.773946225643158,0.41533827781677246,-0.08307541161775589,0.7788204550743103,0.5431298613548279,-0.08672730624675751,0.7969470024108887,0.5490785837173462,-0.07356801629066467,0.8850229978561401,0.42529577016830444,-0.03748137503862381,0.8391686081886292,0.47265854477882385,-0.09445885568857193,0.8319839835166931,0.5829120874404907,-0.07413055747747421,0.8473970293998718,0.5759840607643127,-0.04512803629040718,0.9452816247940063,0.46112582087516785,-0.05763600766658783,0.8994731307029724,0.5010829567909241,-0.08477402478456497,0.8836761116981506,0.5752502083778381,-0.06929106265306473,0.8937957286834717,0.5773378014564514,-0.04831404611468315
0.8739956617355347,0.7535864114761353,-7.524826060034684e-07,0.8109719753265381,0.7193564772605896,-0.04422173649072647,0.7533844709396362,0.6551295518875122,-0.07484690845012665,0.7348939776420593,0.5831314921379089,-0.10435640066862106,0.7376770973205566,0.5041726231575012,-0.1224747896194458,0.7562313079833984,0.4272953271865845,-0.020718855783343315,0.7013912796974182,0.4038633704185486,-0.08305438607931137,0.7166397571563721,0.4990958273410797,-0.11166766285896301,0.7470223903656006,0.5297350287437439,-0.12207586318254471,0.8213412761688232,0.41024863719940186,-0.023401841521263123,0.7722808122634888,0.41175761818885803,-0.08381614089012146,0.7773743271827698,0.5427056550979614,-0.08734136819839478,0.7962766289710999,0.5496427416801453,-0.0740882158279419,0.8838961124420166,0.42572885751724243,-0.03784693032503128,0.8384993672370911,0.4695189297199249,-0.09484869241714478,0.8312340974807739,0.5832250118255615,-0.07381689548492432,0.8475762605667114,0.5773912072181702,-0.04432035982608795,0.9446713328361511,0.461020290851593,-0.057752687484025955,0.8989944458007812,0.49807965755462646,-0.08510090410709381,0.884168803691864,0.5728165507316589,-0.0692351907491684,0.8961132764816284,0.5746335983276367,-0.04799539968371391
0.8750156760215759,0.7510401010513306,-7.383765137092269e-07,0.811886191368103,0.7174400091171265,-0.044993218034505844,0.7531979084014893,0.6548812985420227,-0.0767686516046524,0.7342482209205627,0.5825395584106445,-0.10753719508647919,0.7376258969306946,0.5027351975440979,-0.12691834568977356,0.7558749318122864,0.42807909846305847,-0.022066419944167137,0.6999121904373169,0.40150514245033264,-0.08580745756626129,0.7146977186203003,0.4934118092060089,-0.1143968477845192,0.7453038096427917,0.5270673036575317,-0.12402082979679108,0.8205410838127136,0.41152092814445496,-0.02468692697584629,0.7719042301177979,0.411632239818573,-0.08572500944137573,0.7778319716453552,0.5425918102264404,-0.08831846714019775,0.7968541979789734,0.5492461919784546,-0.0740472823381424,0.8834962248802185,0.4265994131565094,-0.03939615935087204,0.8387468457221985,0.468125581741333,-0.09757117927074432,0.832089364528656,0.5826098918914795,-0.07591632008552551,0.8482541441917419,0.5773710012435913,-0.04557950794696808,0.9450520277023315,0.4613242745399475,-0.059572793543338776,0.8994689583778381,0.49639785289764404,-0.08765681087970734,0.8846876621246338,0.5723006129264832,-0.07133140414953232,0.8962992429733276,0.5748366713523865,-0.049456819891929626
0.8729310631752014,0.7481623291969299,-7.213227490865393e-07,0.8092190027236938,0.7146242260932922,-0.04530559107661247,0.7509043216705322,0.6534314155578613,-0.07706543058156967,0.7302741408348083,0.5822291970252991,-0.10773295909166336,0.7322716116905212,0.5035648941993713,-0.12714095413684845,0.7512286901473999,0.4273627996444702,-0.02403813600540161,0.6945378184318542,0.40174612402915955,-0.08675140887498856,0.7088632583618164,0.48906049132347107,-0.11453600227832794,0.7394060492515564,0.5233414769172668,-0.12366604804992676,0.8167106509208679,0.4082375168800354,-0.02592526748776436,0.7676769495010376,0.41385599970817566,-0.08548539876937866,0.7741127610206604,0.5407943725585938,-0.0880722925066948,0.7932286262512207,0.5456564426422119,-0.07446715980768204,0.8804575800895691,0.42294764518737793,-0.03957027941942215,0.8355590105056763,0.4685038924217224,-0.095613993704319,0.8285726308822632,0.5782359838485718,-0.07413924485445023,0.844315230846405,0.5717191696166992,-0.04478157311677933,0.9414364695549011,0.4582257568836212,-0.058810751885175705,0.8972070217132568,0.4960032105445862,-0.08515756577253342,0.8813557624816895,0.5683961510658264,-0.0689874067902565,0.8920319080352783,0.5701589584350586,-0.04780760407447815
0.8574120998382568,0.7333472371101379,-7.506716883654008e-07,0.795245349407196,0.7004279494285583,-0.04153472185134888,0.7375354170799255,0.6304018497467041,-0.06732973456382751,0.719202995300293,0.5542427897453308,-0.09213954210281372,0.7263469696044922,0.4734349250793457,-0.10630399733781815,0.7292314767837524,0.4225519895553589,-0.013791374862194061,0.6841282248497009,0.38662880659103394,-0.07487490028142929,0.7005189061164856,0.47711843252182007,-0.1064537763595581,0.7271188497543335,0.5164084434509277,-0.1185094341635704,0.7939926981925964,0.39890098571777344,-0.01569202169775963,0.760459840297699,0.3942277431488037,-0.07145276665687561,0.7669368386268616,0.5141056776046753,-0.07818014919757843,0.7804338932037354,0.5272282958030701,-0.06911029666662216,0.8583900928497314,0.4082220196723938,-0.029318097978830338,0.8272628784179688,0.43436115980148315,-0.083590567111969,0.8194745779037476,0.5454207062721252,-0.06635163724422455,0.8289592266082764,0.549760103225708,-0.04071785509586334,0.9239306449890137,0.4361518919467926,-0.047956712543964386,0.8888226747512817,0.46147432923316956,-0.07583791762590408,0.8706953525543213,0.5393790602684021,-0.06177827715873718,0.8736907243728638,0.550123393535614,-0.04221252351999283
0.8545140624046326,0.7215808033943176,-7.713815648457967e-07,0.7889890074729919,0.6942892670631409,-0.038778431713581085,0.7314245700836182,0.6156300902366638,-0.060878872871398926,0.721802294254303,0.5290021300315857,-0.08229977637529373,0.7308608293533325,0.44799456000328064,-0.09288136661052704,0.7154251337051392,0.42586350440979004,-0.00888820644468069,0.678429901599884,0.3685351312160492,-0.0707191526889801,0.6982408165931702,0.46034348011016846,-0.10129613429307938,0.7231760025024414,0.5073560476303101,-0.11144231259822845,0.7814471125602722,0.40254753828048706,-0.0118814492598176,0.7584011554718018,0.3648523688316345,-0.06911226361989975,0.7658157348632812,0.4900578558444977,-0.07442057877779007,0.7748429775238037,0.5103409886360168,-0.062407009303569794,0.8468379974365234,0.40787070989608765,-0.026926539838314056,0.8270241022109985,0.4127386510372162,-0.08295872807502747,0.818603515625,0.5285671949386597,-0.06480976939201355,0.8219223618507385,0.53498375415802,-0.037082891911268234,0.9151225686073303,0.43001654744148254,-0.0464697889983654,0.8890630602836609,0.43775397539138794,-0.07470870763063431,0.8733611702919006,0.519543468952179,-0.058438174426555634,0.8726145029067993,0.5323841571807861,-0.036843497306108475
0.8543950915336609,0.7128511667251587,-7.608797432112624e-07,0.7861070036888123,0.6827273368835449,-0.04072803258895874,0.728206217288971,0.6006869673728943,-0.06497688591480255,0.7247958183288574,0.5060053467750549,-0.0889052003622055,0.7372953295707703,0.4230670928955078,-0.10222451388835907,0.7078595757484436,0.4138704538345337,-0.010154475457966328,0.6765357851982117,0.34909600019454956,-0.07366304844617844,0.6958773732185364,0.4456610679626465,-0.1046500876545906,0.7202757596969604,0.49428850412368774,-0.11459389328956604,0.7745682001113892,0.3933596909046173,-0.01357237622141838,0.7553377747535706,0.34495270252227783,-0.07208985090255737,0.7636684775352478,0.47434812784194946,-0.07755967229604721,0.7733340263366699,0.49446460604667664,-0.06479138135910034,0.8411376476287842,0.39792558550834656,-0.02936709113419056,0.8263964056968689,0.38819941878318787,-0.08769717812538147,0.8205084204673767,0.511642575263977,-0.06847935169935226,0.8244346380233765,0.521974503993988,-0.038980402052402496,0.9106128811836243,0.41861575841903687,-0.04971069097518921,0.8879621028900146,0.41242098808288574,-0.07879845798015594,0.8753135204315186,0.500469982624054,-0.060151368379592896,0.8753462433815002,0.5168019533157349,-0.036189280450344086
0.8594973683357239,0.6482692360877991,-6.735751298947434e-07,0.8009935021400452,0.6432115435600281,-0.0532681830227375,0.7397850155830383,0.6099010109901428,-0.09399756789207458,0.7368932366371155,0.5443649291992188,-0.12977208197116852,0.7527871131896973,0.46659305691719055,-0.15548352897167206,0.7041729092597961,0.389281690120697,-0.06084809452295303,0.6775467395782471,0.3294253945350647,-0.12718968093395233,0.7050892114639282,0.41686245799064636,-0.16631712019443512,0.7336490154266357,0.48790282011032104,-0.18562623858451843,0.7722129225730896,0.34321048855781555,-0.06098426133394241,0.7825399041175842,0.33751219511032104,-0.12371233850717545,0.8066746592521667,0.4537472724914551,-0.14048053324222565,0.8125689625740051,0.4990297555923462,-0.14102306962013245,0.839016854763031,0.33744364976882935,-0.06993809342384338,0.8639724850654602,0.38400736451148987,-0.1191074550151825,0.8672298192977905,0.4858139157295227,-0.1073824092745781,0.85536128282547,0.5068173408508301,-0.09216278791427612,0.9080561995506287,0.35391107201576233,-0.08566843718290329,0.9316355586051941,0.4274446666240692,-0.11626309156417847,0.9212442636489868,0.5092186331748962,-0.10990507155656815,0.8996443748474121,0.5233389735221863,-0.09910979121923447
0.8560349941253662,0.570997416973114,-5.794240678369533e-07,0.801123321056366,0.5647994875907898,-0.05310242250561714,0.7425789833068848,0.5652046799659729,-0.09590624272823334,0.7422264218330383,0.6221697330474854,-0.1332014799118042,0.7677456140518188,0.6681545972824097,-0.16420651972293854,0.7018407583236694,0.35230034589767456,-0.08234839141368866,0.6951976418495178,0.4445686936378479,-0.1362021565437317,0.7155115604400635,0.5316962003707886,-0.16308820247650146,0.7311870455741882,0.5700311660766602,-0.17790968716144562,0.7820197343826294,0.3230845630168915,-0.08428288996219635,0.7980954647064209,0.48281678557395935,-0.1317097693681717,0.8096678853034973,0.5640734434127808,-0.140787273645401,0.8109758496284485,0.5623130798339844,-0.14362521469593048,0.8619471788406372,0.33957594633102417,-0.09194348752498627,0.8798356652259827,0.5309358239173889,-0.12773431837558746,0.8702520728111267,0.598410964012146,-0.11572962999343872,0.854815661907196,0.5811150074005127,-0.10525684058666229,0.9337162971496582,0.3770616054534912,-0.10668948292732239,0.9381600618362427,0.5320364236831665,-0.12953342497348785,0.9191295504570007,0.5925000905990601,-0.12051577866077423,0.9001896381378174,0.5871866345405579,-0.11012353748083115
0.8660358786582947,0.5769587755203247,-3.6496271604846697e-07,0.7881327867507935,0.6052241325378418,-0.0558222196996212,0.7272434234619141,0.633086085319519,-0.10137864947319031,0.7324413061141968,0.6980950236320496,-0.13798978924751282,0.7541689872741699,0.7507530450820923,-0.169342502951622,0.7002872228622437,0.40268373489379883,-0.10462703555822372,0.6867842674255371,0.5749243497848511,-0.15386256575584412,0.715093195438385,0.6419889330863953,-0.18044494092464447,0.736647367477417,0.6338889598846436,-0.19646471738815308,0.7868598103523254,0.37610721588134766,-0.10319069772958755,0.7908722162246704,0.6026812791824341,-0.13433580100536346,0.8022555708885193,0.6325680017471313,-0.13405118882656097,0.8051652908325195,0.5827886462211609,-0.13457931578159332,0.8740705251693726,0.39689525961875916,-0.10491106659173965,0.8705388903617859,0.6224581599235535,-0.12846781313419342,0.8611669540405273,0.6419161558151245,-0.10343461483716965,0.8547574877738953,0.5961795449256897,-0.08574869483709335,0.9471128582954407,0.4395962357521057,-0.11431147158145905,0.9361143708229065,0.6073974370956421,-0.13936077058315277,0.9243823289871216,0.6241766810417175,-0.1264083832502365,0.9232864379882812,0.5893460512161255,-0.1097690686583519
0.8782899379730225,0.5778987407684326,-5.418646082944178e-07,0.8074030876159668,0.567111611366272,-0.048206981271505356,0.7334441542625427,0.55193692445755,-0.0808551162481308,0.7084763050079346,0.5451369285583496,-0.1082085520029068,0.7409033179283142,0.5085049867630005,-0.12720128893852234,0.7073496580123901,0.2990261912345886,-0.054485321044921875,0.6800636649131775,0.340726763010025,-0.10398908704519272,0.680639386177063,0.3947887420654297,-0.1339668184518814,0.6883503198623657,0.43003663420677185,-0.15036848187446594,0.7849322557449341,0.2546079158782959,-0.05374843627214432,0.7875025272369385,0.41360265016555786,-0.09292419254779816,0.7925906777381897,0.47879862785339355,-0.10087360441684723,0.7942840456962585,0.46922004222869873,-0.10175380855798721,0.8648952841758728,0.2693450450897217,-0.060425881296396255,0.8670690655708313,0.463506817817688,-0.0876673236489296,0.85166335105896,0.5211731195449829,-0.06940751522779465,0.8405486941337585,0.504184365272522,-0.0538712777197361,0.935058057308197,0.31349363923072815,-0.07534348219633102,0.9267984628677368,0.4676726460456848,-0.09835395216941833,0.9005893468856812,0.5318475961685181,-0.08908486366271973,0.882091760635376,0.5363137722015381,-0.07497362047433853
0.8415193557739258,0.5467929244041443,-3.905279015725682e-07,0.7919551134109497,0.548033595085144,-0.06282330304384232,0.725792646408081,0.5152758359909058,-0.10567505657672882,0.6970704793930054,0.46672677993774414,-0.14249812066555023,0.7145063877105713,0.4028697609901428,-0.16967158019542694,0.6906243562698364,0.30206066370010376,-0.058277979493141174,0.6645585298538208,0.2344348132610321,-0.12610313296318054,0.6844261288642883,0.32331135869026184,-0.1634858399629593,0.7034576535224915,0.38581031560897827,-0.17968912422657013,0.7649437189102173,0.2699276804924011,-0.055512573570013046,0.7616115808486938,0.22152955830097198,-0.12194764614105225,0.7739167213439941,0.343651682138443,-0.1352846324443817,0.7730518579483032,0.38566580414772034,-0.1291157305240631,0.8376462459564209,0.2724345028400421,-0.06389357894659042,0.8502016663551331,0.25639474391937256,-0.1232217401266098,0.8449572324752808,0.3661300539970398,-0.11066615581512451,0.8313996195793152,0.39164286851882935,-0.08863312005996704,0.9101824760437012,0.2944610118865967,-0.07814938575029373,0.9205936789512634,0.30280277132987976,-0.1142398938536644,0.9107543230056763,0.3811086118221283,-0.10314946621656418,0.8950929045677185,0.4007609188556671,-0.085465207695961
0.8310044407844543,0.5401995182037354,-6.125425215941505e-07,0.771014928817749,0.5250905752182007,-0.05011091008782387,0.7113722562789917,0.4453015923500061,-0.0776590034365654,0.7143648862838745,0.3543022871017456,-0.10154394060373306,0.7379639744758606,0.2776127755641937,-0.1156124696135521,0.6858738660812378,0.24840489029884338,-0.02422124519944191,0.6661185622215271,0.18913660943508148,-0.0856592059135437,0.6873722672462463,0.27613767981529236,-0.12153230607509613,0.7079125642776489,0.33593565225601196,-0.13788007199764252,0.7580410242080688,0.21854563057422638,-0.02442885935306549,0.7481765151023865,0.1786177009344101,-0.0831856057047844,0.7554550170898438,0.30104583501815796,-0.09567901492118835,0.7582327127456665,0.34029078483581543,-0.09001262485980988,0.82938551902771,0.2228977233171463,-0.03661534562706947,0.8273305296897888,0.22057771682739258,-0.09160655736923218,0.8157662153244019,0.331807941198349,-0.07964596897363663,0.8073998689651489,0.35541000962257385,-0.05858193710446358,0.9018076658248901,0.24838754534721375,-0.05431439355015755,0.8950653672218323,0.25404468178749084,-0.08760903775691986,0.8772634267807007,0.3341183662414551,-0.07669006288051605,0.8634704351425171,0.35461321473121643,-0.05964084342122078
0.8372651934623718,0.48754453659057617,-7.19677473171032e-07,0.7873473763465881,0.4858669340610504,-0.06427886337041855,0.7227137088775635,0.4857501983642578,-0.11030269414186478,0.7228764295578003,0.5460594892501831,-0.1480800211429596,0.7642431855201721,0.587171196937561,-0.17603160440921783,0.6917381286621094,0.25924766063690186,-0.09489000588655472,0.6861362457275391,0.3644712567329407,-0.15789853036403656,0.698660671710968,0.4757153391838074,-0.18758736550807953,0.711205005645752,0.5363701581954956,-0.20119382441043854,0.7761262059211731,0.23059801757335663,-0.08983016759157181,0.7988914847373962,0.4164683222770691,-0.14041845500469208,0.7950321435928345,0.480986624956131,-0.14448410272598267,0.7856432199478149,0.45233219861984253,-0.1430920660495758,0.857826828956604,0.25299912691116333,-0.09240833669900894,0.8712465763092041,0.47222134470939636,-0.12688782811164856,0.8428477644920349,0.525132417678833,-0.1048155277967453,0.8181449174880981,0.4881443977355957,-0.08765354752540588,0.9277187585830688,0.2970186769962311,-0.1043008416891098,0.9254866242408752,0.47487887740135193,-0.12983396649360657,0.8945685625076294,0.5213447213172913,-0.1199994832277298,0.8699116110801697,0.49656152725219727,-0.1075577661395073
0.8421382904052734,0.5189931392669678,-6.179532192618353e-07,0.7823923826217651,0.5375021696090698,-0.07348227500915527,0.7236789464950562,0.550529956817627,-0.1258947104215622,0.7241296768188477,0.5909191966056824,-0.16728049516677856,0.7525105476379395,0.6163573265075684,-0.19884510338306427,0.6957724690437317,0.3036837875843048,-0.11067280173301697,0.6886426210403442,0.42579561471939087,-0.1758546680212021,0.7082987427711487,0.5260378122329712,-0.20401623845100403,0.7230996489524841,0.5466756820678711,-0.2169637382030487,0.7786025404930115,0.27556154131889343,-0.1015981137752533,0.7924312353134155,0.4655446708202362,-0.15501894056797028,0.7850967645645142,0.5399326682090759,-0.15381234884262085,0.772700846195221,0.49612775444984436,-0.1465798318386078,0.8606171607971191,0.29541051387786865,-0.10023751854896545,0.870746374130249,0.4999082684516907,-0.1433684527873993,0.844348132610321,0.5517462491989136,-0.1124579980969429,0.8262363076210022,0.515294075012207,-0.0848420187830925,0.9299970865249634,0.3354616165161133,-0.10835543274879456,0.9249278903007507,0.49248653650283813,-0.1461050808429718,0.9005763530731201,0.5285923480987549,-0.1354943960905075,0.8865917921066284,0.5013164281845093,-0.11727407574653625
0.8419771194458008,0.5241380929946899,-4.5625969846696535e-07,0.7898151874542236,0.5355404019355774,-0.07311372458934784,0.7301785349845886,0.5477520227432251,-0.12788835167884827,0.7302760481834412,0.5914705991744995,-0.17269256711006165,0.7669581174850464,0.6042814254760742,-0.208544060587883,0.694334089756012,0.3102806508541107,-0.10911963880062103,0.6916508674621582,0.4297989308834076,-0.1730620563030243,0.7134120464324951,0.518246054649353,-0.20373748242855072,0.7217710018157959,0.5189990401268005,-0.22173640131950378,0.7770012021064758,0.282562792301178,-0.10177641361951828,0.7902253270149231,0.46238672733306885,-0.15981560945510864,0.788036584854126,0.5370081663131714,-0.16503824293613434,0.775505006313324,0.4888574779033661,-0.1631377637386322,0.8591942191123962,0.3014013469219208,-0.10156673938035965,0.8747390508651733,0.49481916427612305,-0.14562739431858063,0.849101185798645,0.5481265783309937,-0.11804398149251938,0.8263155221939087,0.5033212900161743,-0.09442494809627533,0.9288109540939331,0.34220120310783386,-0.11068452894687653,0.9287005662918091,0.4961807429790497,-0.1445944607257843,0.9025986790657043,0.5340977907180786,-0.13406217098236084,0.8855300545692444,0.5027649402618408,-0.11881211400032043
0.8354186415672302,0.5375065207481384,-4.5631151124325697e-07,0.7783510088920593,0.5207014083862305,-0.05904451385140419,0.7330064177513123,0.45501285791397095,-0.09501315653324127,0.7661530375480652,0.37374207377433777,-0.1235867440700531,0.8166101574897766,0.30937469005584717,-0.1409730464220047,0.7257071137428284,0.23992829024791718,-0.04670576751232147,0.7364445328712463,0.21316467225551605,-0.11421969532966614,0.7592169046401978,0.2882198095321655,-0.15401789546012878,0.7734701037406921,0.3478836417198181,-0.17311683297157288,0.8008447885513306,0.2031921148300171,-0.04295958951115608,0.8294311165809631,0.20553217828273773,-0.11097051203250885,0.8326953649520874,0.31834229826927185,-0.13155071437358856,0.8270492553710938,0.3531263768672943,-0.13078506290912628,0.868510901927948,0.21188651025295258,-0.04970092698931694,0.9007695317268372,0.2798405885696411,-0.10779525339603424,0.8780230283737183,0.37932565808296204,-0.09962431341409683,0.8511520028114319,0.382461816072464,-0.08120810240507126,0.930108368396759,0.24576827883720398,-0.06305308640003204,0.9545265436172485,0.30781930685043335,-0.098766028881073,0.9309326410293579,0.37952378392219543,-0.09145291149616241,0.9000520706176758,0.3813919425010681,-0.07632838189601898
0.8515956401824951,0.5351112484931946,-3.8438477645286184e-07,0.7927912473678589,0.5290123224258423,-0.06748060882091522,0.7454219460487366,0.46809664368629456,-0.1130046546459198,0.7774298191070557,0.3915975093841553,-0.14846843481063843,0.8179538249969482,0.32974517345428467,-0.17131416499614716,0.736846387386322,0.24584892392158508,-0.07708306610584259,0.7462884187698364,0.1934271603822708,-0.1484755575656891,0.7785444855690002,0.2745559513568878,-0.18720072507858276,0.798675000667572,0.3458329439163208,-0.2051984965801239,0.8037090301513672,0.20752295851707458,-0.06874611973762512,0.8607786297798157,0.21989449858665466,-0.13893577456474304,0.8741973042488098,0.333161860704422,-0.15811917185783386,0.8635672926902771,0.3589159846305847,-0.15874594449996948,0.8678305149078369,0.21430912613868713,-0.069619320333004,0.9271240830421448,0.27976858615875244,-0.12658733129501343,0.9138745069503784,0.3727159798145294,-0.11671163141727448,0.8860058784484863,0.3720161020755768,-0.10061366856098175,0.9286355376243591,0.24581237137317657,-0.07770760357379913,0.9732929468154907,0.3111336827278137,-0.11596239358186722,0.954298734664917,0.38150420784950256,-0.11114048957824707,0.9225666522979736,0.3787631094455719,-0.09898769855499268
0.8874257206916809,0.5235564112663269,-8.499027330799436e-07,0.8305768370628357,0.5568904280662537,-0.07744621485471725,0.7831068634986877,0.5615601539611816,-0.13118118047714233,0.8218128681182861,0.5967458486557007,-0.1721946746110916,0.8805069923400879,0.6257823705673218,-0.2029852569103241,0.773074746131897,0.32623106241226196,-0.11287933588027954,0.8117151856422424,0.43948695063591003,-0.16886550188064575,0.8146095275878906,0.5276070833206177,-0.19206613302230835,0.8039193153381348,0.5278695821762085,-0.20767374336719513,0.8495664596557617,0.2938663065433502,-0.10245873779058456,0.891435980796814,0.44632938504219055,-0.1535743772983551,0.8751764297485352,0.5381878614425659,-0.15371514856815338,0.8549354076385498,0.5040680170059204,-0.15205718576908112,0.9211292266845703,0.30547526478767395,-0.09902621060609818,0.9554848670959473,0.46383756399154663,-0.14238645136356354,0.9258525967597961,0.5427572727203369,-0.12364484369754791,0.8986776471138,0.5219178199768066,-0.10959425568580627,0.9806639552116394,0.3407485783100128,-0.10468003153800964,0.9986513257026672,0.47317880392074585,-0.14182442426681519,0.9695398211479187,0.5317943096160889,-0.14044257998466492,0.9417699575424194,0.5250800848007202,-0.1356188803911209
0.8835641741752625,0.5125232338905334,-2.724258933994861e-07,0.8264276385307312,0.5353973507881165,-0.07843555510044098,0.7870965003967285,0.5360696911811829,-0.131025031208992,0.8329620957374573,0.5592846870422363,-0.1689782738685608,0.887092649936676,0.5545600652694702,-0.19722728431224823,0.7760764360427856,0.31534355878829956,-0.11667228490114212,0.8056957721710205,0.3911074697971344,-0.1756679266691208,0.8283827900886536,0.46445998549461365,-0.20701287686824799,0.845183789730072,0.5097233057022095,-0.22553065419197083,0.8557586669921875,0.27458152174949646,-0.10177530348300934,0.9150359034538269,0.42039841413497925,-0.15307646989822388,0.9158636331558228,0.48421531915664673,-0.16530916094779968,0.9025799632072449,0.47415485978126526,-0.17411772906780243,0.9279767870903015,0.28255659341812134,-0.0933968797326088,0.9699023962020874,0.4619009494781494,-0.1320275217294693,0.9359590411186218,0.5269996523857117,-0.12029824405908585,0.8975619673728943,0.5157918334007263,-0.1137523278594017,0.987449586391449,0.3187619149684906,-0.0938185378909111,1.010912299156189,0.4604553282260895,-0.12847571074962616,0.981645941734314,0.5168498158454895,-0.12752917408943176,0.9498121738433838,0.5144405364990234,-0.1236380860209465
0.8734686374664307,0.5348141193389893,3.598248454750319e-08,0.8144221901893616,0.5403333902359009,-0.07122336328029633,0.7767787575721741,0.5217277407646179,-0.12197094410657883,0.8222854733467102,0.5067210793495178,-0.15892300009727478,0.8663819432258606,0.4694269895553589,-0.18942375481128693,0.7651013135910034,0.2857268452644348,-0.11162079125642776,0.7953325510025024,0.30980658531188965,-0.16696953773498535,0.8216525316238403,0.3697702884674072,-0.20014017820358276,0.8458448648452759,0.43114784359931946,-0.2194261997938156,0.840706467628479,0.24909527599811554,-0.09937936812639236,0.9100133776664734,0.29277825355529785,-0.1539561152458191,0.9414544701576233,0.3707371652126312,-0.17516766488552094,0.9523089528083801,0.4180678129196167,-0.18442030251026154,0.905770480632782,0.25963711738586426,-0.09057380259037018,0.9571477174758911,0.3661707937717438,-0.13425464928150177,0.9463223814964294,0.4632837176322937,-0.12828437983989716,0.9193403124809265,0.5017086267471313,-0.11999551206827164,0.9595558047294617,0.3015782833099365,-0.08812640607357025,0.9852180480957031,0.4006775915622711,-0.12348411977291107,0.9691364765167236,0.4730529189109802,-0.11911409348249435,0.9421606659889221,0.4966301918029785,-0.10986030846834183
0.8745092153549194,0.5584334135055542,-1.5915955486889288e-07,0.8222019672393799,0.5455288887023926,-0.051561422646045685,0.7797442078590393,0.47652381658554077,-0.0835803747177124,0.7890024781227112,0.39820316433906555,-0.10926394164562225,0.8235564827919006,0.3359004259109497,-0.12552984058856964,0.7516183853149414,0.2907700836658478,-0.03275938704609871,0.7550663352012634,0.23781384527683258,-0.09292330592870712,0.7745497822761536,0.26742780208587646,-0.13044920563697815,0.7888288497924805,0.3365306854248047,-0.14769528806209564,0.8234683871269226,0.2653771936893463,-0.0304338950663805,0.8327418565750122,0.22428573668003082,-0.09090421348810196,0.8452233076095581,0.3282126486301422,-0.10434018820524216,0.8449206948280334,0.38307833671569824,-0.09913665056228638,0.8870967030525208,0.2674896717071533,-0.03862624615430832,0.9053758382797241,0.26298004388809204,-0.09064427018165588,0.8969435691833496,0.352485716342926,-0.0717783272266388,0.8838874697685242,0.386826753616333,-0.04706978797912598,0.953542947769165,0.2956726849079132,-0.0531054325401783,0.9682238698005676,0.29330071806907654,-0.08550732582807541,0.9504964351654053,0.3648621141910553,-0.06889607012271881,0.9260069131851196,0.3914574384689331,-0.047962795943021774
0.889467179775238,0.5850186944007874,-5.750160312345542e-07,0.8383018374443054,0.5808964371681213,-0.05788891389966011,0.7933295965194702,0.5258756875991821,-0.09491685032844543,0.8017548322677612,0.4535827338695526,-0.12481361627578735,0.8076722621917725,0.38594678044319153,-0.1460406333208084,0.7682373523712158,0.31354543566703796,-0.06129174306988716,0.7601955533027649,0.25547298789024353,-0.12209299951791763,0.7885872721672058,0.3308830261230469,-0.1599218100309372,0.8102059364318848,0.4061994254589081,-0.17768166959285736,0.8306092619895935,0.2806810140609741,-0.05625009909272194,0.86509108543396,0.2746277451515198,-0.11528453230857849,0.8888117074966431,0.3881405293941498,-0.13349232077598572,0.8860669732093811,0.4471932649612427,-0.13471822440624237,0.8899706602096558,0.2828766107559204,-0.0598430372774601,0.9330340623855591,0.30391794443130493,-0.11096110194921494,0.9379889369010925,0.3990956246852875,-0.10339560359716415,0.9228183031082153,0.43780985474586487,-0.0886402502655983,0.9456794857978821,0.30915623903274536,-0.06936656683683395,0.9834613800048828,0.33426517248153687,-0.1036888062953949,0.9763354063034058,0.40957143902778625,-0.09663871675729752,0.9530166387557983,0.4391949772834778,-0.08305817097425461
0.891033411026001,0.4788857102394104,-6.57364182643505e-07,0.8400068879127502,0.4924066364765167,-0.060303688049316406,0.7935512065887451,0.5024081468582153,-0.11103705316781998,0.8134070634841919,0.5612223148345947,-0.15435512363910675,0.8538135886192322,0.6032655835151672,-0.1925235092639923,0.7765253186225891,0.30855491757392883,-0.10603053122758865,0.7912039756774902,0.4186640977859497,-0.16234439611434937,0.8078066110610962,0.5248682498931885,-0.19495506584644318,0.8188807368278503,0.5973501205444336,-0.2125944346189499,0.8519869446754456,0.28427496552467346,-0.10291142016649246,0.8969703912734985,0.44732826948165894,-0.15045388042926788,0.9066733717918396,0.5263615846633911,-0.1641087830066681,0.9035336971282959,0.5432916879653931,-0.17285534739494324,0.9214682579040527,0.2985420227050781,-0.10377674549818039,0.9602816104888916,0.47924548387527466,-0.14073073863983154,0.9459087252616882,0.5493751764297485,-0.13414426147937775,0.9226816296577454,0.5545733571052551,-0.12854433059692383,0.9819754958152771,0.3321743607521057,-0.11131533235311508,1.0018330812454224,0.4693484902381897,-0.13530024886131287,0.9807227849960327,0.5343707799911499,-0.1264110654592514,0.9531345367431641,0.5490033626556396,-0.11752044409513474
0.8974798917770386,0.5390201210975647,-5.746570650444482e-07,0.8469672799110413,0.5683377981185913,-0.06539688259363174,0.8039401173591614,0.5877772569656372,-0.11504319310188293,0.8207088112831116,0.63951575756073,-0.1546572893857956,0.8520929217338562,0.6755341291427612,-0.18848247826099396,0.7744397521018982,0.3783435523509979,-0.10492213070392609,0.7964572906494141,0.5004350543022156,-0.16874273121356964,0.8162530660629272,0.6032779812812805,-0.2081928253173828,0.8282877206802368,0.6553863286972046,-0.23018285632133484,0.849118173122406,0.3453384041786194,-0.09750048816204071,0.8905133008956909,0.5160284042358398,-0.1513366550207138,0.8925763964653015,0.5910470485687256,-0.16433681547641754,0.8812335133552551,0.5936827063560486,-0.17005881667137146,0.9216818809509277,0.35607093572616577,-0.09553056210279465,0.955615758895874,0.5433502793312073,-0.13512998819351196,0.9379921555519104,0.5987653732299805,-0.12302247434854507,0.914269208908081,0.5822970271110535,-0.11232385784387589,0.9830190539360046,0.38576868176460266,-0.10103220492601395,1.003393292427063,0.5337971448898315,-0.13155455887317657,0.9869120717048645,0.5830963850021362,-0.12569445371627808,0.9669735431671143,0.5744056701660156,-0.11571881175041199
0.9068358540534973,0.5710994005203247,-4.816459409084928e-07,0.8533715009689331,0.5967129468917847,-0.0726318433880806,0.8023543357849121,0.608343780040741,-0.12452885508537292,0.8156771659851074,0.6574211120605469,-0.16551020741462708,0.8527989387512207,0.6948734521865845,-0.19924524426460266,0.7865016460418701,0.4083777368068695,-0.11406077444553375,0.7897725105285645,0.5123903155326843,-0.17709867656230927,0.8005850911140442,0.5971779227256775,-0.20662124454975128,0.8090305924415588,0.611676037311554,-0.22241538763046265,0.8615079522132874,0.380744606256485,-0.10429167002439499,0.8904462456703186,0.5459166169166565,-0.15965965390205383,0.878012478351593,0.627047598361969,-0.16151441633701324,0.8636561036109924,0.5929852724075317,-0.1572478711605072,0.9345923066139221,0.39797261357307434,-0.10152696073055267,0.9577069282531738,0.5716086030006409,-0.14533370733261108,0.9257162809371948,0.6288220882415771,-0.12287965416908264,0.9026506543159485,0.5989084839820862,-0.10287950187921524,0.9930747747421265,0.433001309633255,-0.10725394636392593,1.0028455257415771,0.5724243521690369,-0.1444428563117981,0.979676365852356,0.61302649974823,-0.1384821981191635,0.9662449955940247,0.5948114395141602,-0.126720130443573
0.9035018682479858,0.5661753416061401,-4.4021160761076317e-07,0.8583365082740784,0.5928853154182434,-0.0656842514872551,0.8119745254516602,0.6090047359466553,-0.11340902000665665,0.8274140954017639,0.6501380205154419,-0.15147316455841064,0.8560742735862732,0.672473669052124,-0.1813196986913681,0.7720406651496887,0.3948545455932617,-0.09730100631713867,0.7957902550697327,0.470029354095459,-0.15821246802806854,0.8035004138946533,0.537956953048706,-0.18914049863815308,0.8095687031745911,0.5771350860595703,-0.2051163762807846,0.8446621894836426,0.35497406125068665,-0.08965765684843063,0.8920165300369263,0.5071552395820618,-0.13853420317173004,0.8832141160964966,0.5806338787078857,-0.14237821102142334,0.8717538714408875,0.5642464756965637,-0.14245830476284027,0.9174296855926514,0.3640739917755127,-0.09000376611948013,0.9583612680435181,0.546332597732544,-0.12725375592708588,0.9283502101898193,0.5986807942390442,-0.1104997992515564,0.9027854204177856,0.5729320049285889,-0.09786617755889893,0.9811445474624634,0.3978172838687897,-0.09888225048780441,0.998094916343689,0.542180061340332,-0.1314629167318344,0.9659221768379211,0.5833801627159119,-0.12985609471797943,0.9378608465194702,0.5699666142463684,-0.12402470409870148
0.8806091547012329,0.5829458236694336,-2.7858911266775976e-07,0.8324950337409973,0.5934954881668091,-0.07043729722499847,0.791603147983551,0.580772876739502,-0.1192258894443512,0.8207455277442932,0.5737878680229187,-0.1560991257429123,0.8582118153572083,0.5510344505310059,-0.1841919720172882,0.7661008834838867,0.3634946942329407,-0.10066783428192139,0.7910991907119751,0.38344162702560425,-0.1579279899597168,0.812954843044281,0.44562092423439026,-0.19154685735702515,0.8330405950546265,0.49198922514915466,-0.21112921833992004,0.8395284414291382,0.3214823007583618,-0.0887913927435875,0.9074621796607971,0.4383887052536011,-0.14336185157299042,0.9075943231582642,0.5128052234649658,-0.15971694886684418,0.8962466716766357,0.5173660516738892,-0.16877759993076324,0.9099028706550598,0.3303322196006775,-0.08331818133592606,0.9639366865158081,0.4785185158252716,-0.12129092216491699,0.9368850588798523,0.5445551872253418,-0.11092636734247208,0.9081403017044067,0.5382081270217896,-0.10396216809749603,0.9691295027732849,0.36438754200935364,-0.08613988757133484,1.0018188953399658,0.48334917426109314,-0.11605999618768692,0.973404049873352,0.5392869710922241,-0.11325695365667343,0.9439432621002197,0.5395379662513733,-0.10747801512479782
0.8708651065826416,0.5504778027534485,-2.6575575517995276e-08,0.8265585899353027,0.5645604729652405,-0.07466219365596771,0.7910757064819336,0.5564188957214355,-0.13015121221542358,0.8238608241081238,0.5377928614616394,-0.17241038382053375,0.8466825485229492,0.498502254486084,-0.20757675170898438,0.7685363292694092,0.34131765365600586,-0.11728709936141968,0.7828742861747742,0.31065547466278076,-0.18161538243293762,0.8089273571968079,0.3493124842643738,-0.2224181443452835,0.8304288387298584,0.4090856611728668,-0.24549247324466705,0.8369062542915344,0.2894356846809387,-0.10511787980794907,0.8976691365242004,0.339206337928772,-0.1743151694536209,0.9300174713134766,0.4355042576789856,-0.19928289949893951,0.9344996213912964,0.4968090355396271,-0.20773731172084808,0.901253342628479,0.2880203425884247,-0.09787590801715851,0.9572241902351379,0.3848496377468109,-0.14861322939395905,0.9604800343513489,0.46662694215774536,-0.14181140065193176,0.9388777017593384,0.5001230239868164,-0.1320187747478485,0.9565293192863464,0.3158036768436432,-0.09804781526327133,0.9998423457145691,0.40420669317245483,-0.13615679740905762,0.9911527633666992,0.46973979473114014,-0.1321650892496109,0.9626375436782837,0.4912042021751404,-0.12252137064933777
0.8786793351173401,0.5240293145179749,-3.297296871096478e-07,0.8320066332817078,0.546588659286499,-0.05950450524687767,0.7979864478111267,0.5529530644416809,-0.10847625881433487,0.8363887071609497,0.6012636423110962,-0.14934895932674408,0.8750724196434021,0.6416870355606079,-0.1850450485944748,0.7863198518753052,0.35225164890289307,-0.10250084847211838,0.8152751326560974,0.3851231634616852,-0.16310127079486847,0.8327540159225464,0.43801170587539673,-0.202010840177536,0.8494900465011597,0.4864738881587982,-0.2262142449617386,0.8589156270027161,0.3114985227584839,-0.09931980818510056,0.9120161533355713,0.46309834718704224,-0.15475736558437347,0.9157516956329346,0.5387147665023804,-0.16941678524017334,0.912846028804779,0.5523316860198975,-0.178899347782135,0.9276077747344971,0.32441800832748413,-0.10174235701560974,0.9669035077095032,0.5064945220947266,-0.1390974074602127,0.9391191005706787,0.5650181770324707,-0.12805034220218658,0.909540593624115,0.5589377880096436,-0.12239827960729599,0.9867727756500244,0.3610430359840393,-0.11217349767684937,1.0058919191360474,0.5048618316650391,-0.14224393665790558,0.9730117321014404,0.5557972192764282,-0.13930858671665192,0.9390171766281128,0.552140474319458,-0.13513757288455963
0.898617684841156,0.561333417892456,-4.669313398153463e-07,0.8510581851005554,0.5861293077468872,-0.06363696604967117,0.808132529258728,0.5916976928710938,-0.10979166626930237,0.8308858871459961,0.6303817629814148,-0.14686349034309387,0.8752140402793884,0.6769778728485107,-0.17825274169445038,0.8012405633926392,0.3790576457977295,-0.08847706764936447,0.8208343982696533,0.46849972009658813,-0.14391037821769714,0.8239240646362305,0.544750988483429,-0.17449817061424255,0.8167012929916382,0.5531928539276123,-0.19210705161094666,0.866489589214325,0.3450310230255127,-0.08160536736249924,0.9038320779800415,0.4831840395927429,-0.1323859691619873,0.8988198041915894,0.5660855174064636,-0.14384415745735168,0.8859922289848328,0.5568708777427673,-0.14810265600681305,0.9304267168045044,0.35238468647003174,-0.08101514726877213,0.9694687128067017,0.4995485544204712,-0.12811917066574097,0.9486007690429688,0.5767626762390137,-0.12275483459234238,0.9236602783203125,0.5705419778823853,-0.11378329247236252,0.9872930645942688,0.3826930820941925,-0.08666898310184479,1.0175906419754028,0.4936850070953369,-0.11701594293117523,0.9993906021118164,0.5576783418655396,-0.11254299432039261,0.9807746410369873,0.5630524158477783,-0.10416339337825775
0.894439697265625,0.5760769248008728,-2.4510748630746093e-07,0.8423330783843994,0.5917576551437378,-0.0706215426325798,0.8103194236755371,0.5932607054710388,-0.12185889482498169,0.8525187373161316,0.6085281372070312,-0.15989765524864197,0.891314685344696,0.6049226522445679,-0.18993398547172546,0.7849575281143188,0.3745192289352417,-0.1106913834810257,0.8244572281837463,0.42961716651916504,-0.1636292040348053,0.8430497646331787,0.49794846773147583,-0.19470494985580444,0.8497850298881531,0.537321150302887,-0.2163173407316208,0.8552435040473938,0.33022990822792053,-0.09981679171323776,0.9204909205436707,0.44834673404693604,-0.14607512950897217,0.9278299808502197,0.5209469199180603,-0.1600685566663742,0.915764570236206,0.5242739319801331,-0.17268675565719604,0.9228284358978271,0.33333098888397217,-0.09360187500715256,0.9737127423286438,0.48784494400024414,-0.1276630014181137,0.94849693775177,0.5631254315376282,-0.11621216684579849,0.9110934734344482,0.564721941947937,-0.11270812898874283,0.982075572013855,0.36645328998565674,-0.09539433568716049,1.0104985237121582,0.48809492588043213,-0.12514245510101318,0.9894055128097534,0.5504323840141296,-0.12180724740028381,0.9596619606018066,0.5542318820953369,-0.11857941001653671
0.8868551850318909,0.5819555521011353,1.0726661514581792e-07,0.8345634341239929,0.569358766078949,-0.04821561649441719,0.8085901737213135,0.5256404280662537,-0.08319339901208878,0.8536317944526672,0.49270281195640564,-0.11251518130302429,0.8954561948776245,0.46672290563583374,-0.1396823227405548,0.8149814009666443,0.3474785089492798,-0.0627172440290451,0.8349671959877014,0.3040071129798889,-0.11155081540346146,0.8681013584136963,0.3565714955329895,-0.1482013463973999,0.8944278359413147,0.41892820596694946,-0.16824328899383545,0.8757623434066772,0.3351796865463257,-0.06004966422915459,0.9146944284439087,0.3025197982788086,-0.1100626066327095,0.9433204531669617,0.3560672998428345,-0.13849525153636932,0.9562815427780151,0.41085073351860046,-0.15099065005779266,0.9241951704025269,0.3518061637878418,-0.061680108308792114,0.960800290107727,0.3419172167778015,-0.10744290053844452,0.9652711153030396,0.4183543920516968,-0.11380369961261749,0.9551636576652527,0.47812777757644653,-0.11012060195207596,0.9596363306045532,0.3883114755153656,-0.06665343046188354,0.9861723184585571,0.3957098424434662,-0.10174179822206497,0.9791157245635986,0.4608835279941559,-0.09991850703954697,0.9651854038238525,0.5089703798294067,-0.09109675884246826
0.9301256537437439,0.5908126831054688,-4.362146910352749e-07,0.8679580092430115,0.5924564599990845,-0.06029469892382622,0.8331085443496704,0.5586264729499817,-0.09915551543235779,0.8872143626213074,0.5353361964225769,-0.1278982162475586,0.9417548179626465,0.5260419249534607,-0.14766265451908112,0.8290526866912842,0.31847718358039856,-0.06833730638027191,0.8574457168579102,0.3619747757911682,-0.1219640001654625,0.8731091022491455,0.43884724378585815,-0.15475918352603912,0.8757322430610657,0.4610222280025482,-0.1753363311290741,0.8867709636688232,0.28926584124565125,-0.061520736664533615,0.922877311706543,0.35766342282295227,-0.10825789719820023,0.9262014627456665,0.44730857014656067,-0.12024813145399094,0.9182387590408325,0.45490264892578125,-0.12486083805561066,0.9423243999481201,0.30160120129585266,-0.062184449285268784,0.9796057939529419,0.3806156516075134,-0.10447921603918076,0.9675483107566833,0.466251403093338,-0.09618687629699707,0.9485366344451904,0.46953707933425903,-0.0868934616446495,0.9934598207473755,0.3438578248023987,-0.06938137114048004,1.0211104154586792,0.4149812161922455,-0.09930139034986496,1.0035288333892822,0.481874942779541,-0.09504274278879166,0.9850779175758362,0.4869072437286377,-0.08710762858390808
0.9267695546150208,0.5975231528282166,-2.5951337079277437e-07,0.8764757513999939,0.593491792678833,-0.056443385779857635,0.8413873314857483,0.527401864528656,-0.09068162739276886,0.8772101998329163,0.46224579215049744,-0.11810988932847977,0.9128066897392273,0.40723368525505066,-0.1381380558013916,0.8285295963287354,0.3494303226470947,-0.05328136309981346,0.8466614484786987,0.25964224338531494,-0.11118574440479279,0.8724004030227661,0.3262084424495697,-0.14818282425403595,0.8808144330978394,0.3934006094932556,-0.16472101211547852,0.8921308517456055,0.3290904760360718,-0.04618397727608681,0.9194236397743225,0.2676663398742676,-0.101374052464962,0.9419111013412476,0.37211936712265015,-0.11815592646598816,0.9378489255905151,0.43255728483200073,-0.11727266013622284,0.9480677247047424,0.33105894923210144,-0.04793572798371315,0.976736843585968,0.2880798578262329,-0.09214232116937637,0.9886502027511597,0.3781026303768158,-0.08094459027051926,0.9812577962875366,0.4247061014175415,-0.06296040862798691,0.9968574643135071,0.35388386249542236,-0.05538016930222511,1.0188031196594238,0.328213632106781,-0.08172211796045303,1.0218604803085327,0.39448246359825134,-0.06877720355987549,1.0148515701293945,0.427817702293396,-0.05124872550368309
0.922836184501648,0.6094614267349243,-4.717443573554192e-07,0.8723877668380737,0.5781139731407166,-0.05604686588048935,0.8495688438415527,0.483764111995697,-0.08462568372488022,0.8958523273468018,0.3951932191848755,-0.10775693506002426,0.9385393857955933,0.3317949175834656,-0.12034720182418823,0.825725793838501,0.31192630529403687,-0.028464041650295258,0.8492777943611145,0.23459552228450775,-0.08950471878051758,0.8682634234428406,0.32817453145980835,-0.1251838654279709,0.8716257214546204,0.3922208547592163,-0.14026065170764923,0.8876508474349976,0.3013451099395752,-0.02289970964193344,0.9246223568916321,0.23784895241260529,-0.07966718077659607,0.9258754253387451,0.35393378138542175,-0.09435511380434036,0.9081234931945801,0.39415013790130615,-0.09016688913106918,0.9428874254226685,0.31649428606033325,-0.028985463082790375,0.9773229956626892,0.2914997339248657,-0.07949597388505936,0.9636722803115845,0.3931809663772583,-0.07021906226873398,0.9390491247177124,0.4162912964820862,-0.05136502534151077,0.9930407404899597,0.3554181754589081,-0.0409308597445488,1.016601324081421,0.34535980224609375,-0.069910429418087,0.998160183429718,0.4172764718532562,-0.059941425919532776,0.9708923697471619,0.4377775490283966,-0.04387033358216286
0.9323257803916931,0.6137295365333557,-5.301474175212206e-07,0.8770799040794373,0.6005763411521912,-0.06406138092279434,0.8370488882064819,0.5231092572212219,-0.1005619540810585,0.8727592825889587,0.4305342435836792,-0.12933465838432312,0.9181955456733704,0.36812305450439453,-0.1472022384405136,0.8232318162918091,0.3251541256904602,-0.05566459894180298,0.848345935344696,0.24072441458702087,-0.11754836142063141,0.8669344186782837,0.34096479415893555,-0.15014632046222687,0.869976282119751,0.4054388403892517,-0.1643940657377243,0.8925474286079407,0.3123973309993744,-0.04887814074754715,0.9281654953956604,0.24043697118759155,-0.1091327965259552,0.9380157589912415,0.36897575855255127,-0.12120786309242249,0.9262735247612,0.41425469517707825,-0.11554283648729324,0.9531681537628174,0.324783056974411,-0.052406422793865204,0.9872137308120728,0.29089248180389404,-0.10618020594120026,0.9816697239875793,0.40430861711502075,-0.09127208590507507,0.9613422155380249,0.43260833621025085,-0.06851281225681305,1.0075719356536865,0.3573397696018219,-0.06185033917427063,1.0319193601608276,0.33852827548980713,-0.09107375890016556,1.022110104560852,0.4175832271575928,-0.07604975253343582,1.0026742219924927,0.44046491384506226,-0.05699356645345688
0.9477827548980713,0.6516133546829224,-5.606074751085544e-07,0.8820827007293701,0.6599453091621399,-0.07726313173770905,0.8324568867683411,0.6329400539398193,-0.13083899021148682,0.8686484098434448,0.6027687788009644,-0.17227664589881897,0.9136303067207336,0.5642807483673096,-0.20437626540660858,0.8226114511489868,0.37182971835136414,-0.10683061927556992,0.8428393006324768,0.4251111149787903,-0.16494010388851166,0.8708841800689697,0.5071828365325928,-0.1981232762336731,0.8926316499710083,0.5409576892852783,-0.21959957480430603,0.8960525393486023,0.33924514055252075,-0.09599976241588593,0.9532111883163452,0.45138055086135864,-0.14325907826423645,0.9685581922531128,0.5347506403923035,-0.157461017370224,0.9720402956008911,0.5373255014419556,-0.16780011355876923,0.9638790488243103,0.35549888014793396,-0.09162534028291702,1.0191154479980469,0.49267578125,-0.1292675882577896,1.0099005699157715,0.5754859447479248,-0.11894891411066055,0.991908848285675,0.5781326293945312,-0.112860307097435,1.0260815620422363,0.39659249782562256,-0.09614519029855728,1.0635361671447754,0.5057064890861511,-0.12360365688800812,1.0477980375289917,0.5736249685287476,-0.11815856397151947,1.025605320930481,0.5805331468582153,-0.11104108393192291
0.942680835723877,0.644439160823822,-4.596436156134587e-07,0.8876475691795349,0.6524845361709595,-0.05048847198486328,0.8368356823921204,0.6020136475563049,-0.08256102353334427,0.8522993326187134,0.5381818413734436,-0.10780380666255951,0.8720964193344116,0.47764626145362854,-0.12602587044239044,0.8123514652252197,0.37836477160453796,-0.04440395534038544,0.8205353021621704,0.32496851682662964,-0.09244745969772339,0.847953736782074,0.3967159390449524,-0.12774653732776642,0.8677563667297363,0.4705885350704193,-0.14527344703674316,0.8755075931549072,0.3515384793281555,-0.0395609512925148,0.8981121778488159,0.3370111584663391,-0.08502691984176636,0.9218116402626038,0.4466933310031891,-0.10286124795675278,0.9283062815666199,0.5201177597045898,-0.10470326244831085,0.9349989295005798,0.35836464166641235,-0.042107533663511276,0.9576700329780579,0.3507661819458008,-0.07775833457708359,0.9711329340934753,0.428466796875,-0.07103537768125534,0.9723538160324097,0.4767121970653534,-0.05877804011106491,0.9907052516937256,0.38803941011428833,-0.04984377697110176,1.002440333366394,0.39470356702804565,-0.07224974781274796,1.0024136304855347,0.458917498588562,-0.061523936688899994,0.996110737323761,0.49599969387054443,-0.04660065844655037
0.9339970946311951,0.628996729850769,-4.578611481065309e-07,0.8755080103874207,0.6239640116691589,-0.04057426378130913,0.8300503492355347,0.5179350972175598,-0.05670936405658722,0.8601014018058777,0.4144435226917267,-0.07113199681043625,0.8914058208465576,0.34918421506881714,-0.07677271962165833,0.8032205700874329,0.37938693165779114,-0.014613645151257515,0.8035105466842651,0.2704157829284668,-0.06893939524888992,0.8344167470932007,0.34736162424087524,-0.09716171771287918,0.848371148109436,0.4134185314178467,-0.10613805055618286,0.8660927414894104,0.3556106686592102,-0.014935769140720367,0.876372218132019,0.26520079374313354,-0.069404736161232,0.8960579037666321,0.3716840147972107,-0.08103901892900467,0.891530454158783,0.41928765177726746,-0.07309653609991074,0.9239586591720581,0.3551279902458191,-0.025771882385015488,0.9389657378196716,0.2986069917678833,-0.07567178457975388,0.9431230425834656,0.4030214250087738,-0.0625971257686615,0.930358350276947,0.4353179335594177,-0.03967016935348511,0.980684757232666,0.3733185827732086,-0.04083644226193428,0.99177485704422,0.3399762809276581,-0.06809262931346893,0.9890004396438599,0.415754497051239,-0.05310194939374924,0.9767166376113892,0.44235777854919434,-0.0331648588180542
0.9241394400596619,0.6392749547958374,-7.181708951975452e-07,0.8672073483467102,0.6090813279151917,-0.055642783641815186,0.8258446455001831,0.5196071863174438,-0.08369189500808716,0.8497136831283569,0.41977012157440186,-0.10780622810125351,0.8812369108200073,0.3388638496398926,-0.12057548761367798,0.7938613891601562,0.3250610828399658,-0.020486952736973763,0.807945966720581,0.25951921939849854,-0.08378458023071289,0.8261609077453613,0.35226625204086304,-0.11781783401966095,0.8343514204025269,0.4089723825454712,-0.1307702511548996,0.8610738515853882,0.30276644229888916,-0.016705738380551338,0.889563262462616,0.27469152212142944,-0.07620108127593994,0.8871963620185852,0.3980353772640228,-0.08807237446308136,0.8772066831588745,0.42243367433547974,-0.08074336498975754,0.9249273538589478,0.31166958808898926,-0.02597370184957981,0.9566045999526978,0.32339581847190857,-0.08224552869796753,0.9373451471328735,0.4345349073410034,-0.07108278572559357,0.9174119830131531,0.44088080525398254,-0.049073100090026855,0.9866158962249756,0.3420930504798889,-0.04153059422969818,1.006531834602356,0.3526867628097534,-0.07231400161981583,0.9885442852973938,0.43354055285453796,-0.06073302775621414,0.9667767286300659,0.4439566135406494,-0.04216444492340088
0.939382016658783,0.5774627923965454,-6.964073122617265e-07,0.8842726349830627,0.607048749923706,-0.06442418694496155,0.8353985548019409,0.6241345405578613,-0.1174558475613594,0.8678134083747864,0.6836782693862915,-0.1622614860534668,0.9244933724403381,0.7360211610794067,-0.20231947302818298,0.8042455911636353,0.41204142570495605,-0.10904857516288757,0.8432966470718384,0.5454456210136414,-0.159491628408432,0.8618177771568298,0.6261873245239258,-0.1850651651620865,0.8610296845436096,0.6415528655052185,-0.2026778757572174,0.8787549138069153,0.3741249740123749,-0.10619006305932999,0.9349087476730347,0.5341737270355225,-0.1490495502948761,0.9404127597808838,0.611975908279419,-0.1571372151374817,0.9284480214118958,0.6053452491760254,-0.16590926051139832,0.9520473480224609,0.37494608759880066,-0.10738427937030792,1.0058660507202148,0.5375895500183105,-0.14667299389839172,0.9968202114105225,0.6158692836761475,-0.14061206579208374,0.97189861536026,0.6111701130867004,-0.1375785768032074,1.0199228525161743,0.3966124951839447,-0.11549848318099976,1.0616352558135986,0.5232681632041931,-0.1402188539505005,1.048039436340332,0.5971683859825134,-0.13413618505001068,1.0222246646881104,0.6074264645576477,-0.12972645461559296
0.9385475516319275,0.6185480952262878,-3.7385507312137634e-07,0.8920097351074219,0.63603675365448,-0.07336460798978806,0.8462881445884705,0.6211776733398438,-0.12388274818658829,0.8645899295806885,0.597281813621521,-0.16156169772148132,0.8884737491607666,0.5640639066696167,-0.19118739664554596,0.8069464564323425,0.3928895592689514,-0.10798883438110352,0.8182238936424255,0.4216110110282898,-0.16418708860874176,0.844268262386322,0.49661383032798767,-0.19826287031173706,0.8697859048843384,0.5590111613273621,-0.21884700655937195,0.8715248107910156,0.34633326530456543,-0.09553166478872299,0.9365132451057434,0.4330434501171112,-0.14774341881275177,0.9526710510253906,0.5068542957305908,-0.16660764813423157,0.9495168924331665,0.53615403175354,-0.1789661943912506,0.9372439980506897,0.3500300347805023,-0.08841872215270996,0.9962955117225647,0.45053571462631226,-0.12505677342414856,0.9881735444068909,0.5193463563919067,-0.11635862290859222,0.9647411108016968,0.5412077903747559,-0.11245106160640717,0.9975717067718506,0.38035494089126587,-0.0893155038356781,1.0405144691467285,0.46280166506767273,-0.12026864290237427,1.0225574970245361,0.5239347815513611,-0.11777432262897491,0.9935972094535828,0.5448466539382935,-0.11280229687690735
0.9106885194778442,0.6233267188072205,-1.598485113163406e-07,0.8661472797393799,0.6279368996620178,-0.06167986989021301,0.8232241868972778,0.5565717220306396,-0.09647689014673233,0.8323520421981812,0.4839092493057251,-0.12162593007087708,0.8483937382698059,0.4300585985183716,-0.14020006358623505,0.8004490733146667,0.38865113258361816,-0.0669497549533844,0.7943457961082458,0.3171344995498657,-0.12021026760339737,0.8280590176582336,0.36506733298301697,-0.15209245681762695,0.8492854237556458,0.43401288986206055,-0.16589096188545227,0.8601263165473938,0.35894888639450073,-0.05803278461098671,0.8788402676582336,0.3051478862762451,-0.11820297688245773,0.9104906320571899,0.40624719858169556,-0.13520210981369019,0.9122830033302307,0.48300960659980774,-0.13254499435424805,0.9173855781555176,0.35730063915252686,-0.05680229514837265,0.9418231844902039,0.31834280490875244,-0.10773739963769913,0.9577146172523499,0.3944796919822693,-0.09978970140218735,0.9536595344543457,0.4477272629737854,-0.08253253251314163,0.9678483009338379,0.37566110491752625,-0.060601890087127686,0.9898586273193359,0.3487759232521057,-0.09385577589273453,0.9950054287910461,0.4061873257160187,-0.08267705142498016,0.9865272641181946,0.4447377622127533,-0.06530169397592545
0.9195237755775452,0.6014238595962524,-3.3728377957231714e-07,0.8648226857185364,0.5859498977661133,-0.03434354066848755,0.8208708167076111,0.4915620684623718,-0.05039801076054573,0.8368627429008484,0.3920907974243164,-0.06543276458978653,0.85898357629776,0.3215792179107666,-0.07279398292303085,0.7853807210922241,0.34897011518478394,-0.006881782319396734,0.7808407545089722,0.2578968405723572,-0.05705750361084938,0.8054215908050537,0.3041727840900421,-0.08485879004001617,0.8219425678253174,0.3687080144882202,-0.09394393861293793,0.8500158786773682,0.3255019783973694,-0.008798501454293728,0.8648722767829895,0.25698554515838623,-0.056012820452451706,0.8820924758911133,0.35489386320114136,-0.06349094212055206,0.876471757888794,0.39455172419548035,-0.054822955280542374,0.9100826382637024,0.32568442821502686,-0.0206430833786726,0.9292420148849487,0.28413981199264526,-0.06675553321838379,0.9302858114242554,0.3776201009750366,-0.05040125921368599,0.9168969392776489,0.4045443832874298,-0.02705978974699974,0.9695205688476562,0.3459824323654175,-0.036389853805303574,0.9843572378158569,0.3116995394229889,-0.06505240499973297,0.9789029359817505,0.3831522464752197,-0.04805231839418411,0.963119387626648,0.4081436097621918,-0.026666726917028427
0.9130057692527771,0.6110547780990601,-6.390490625562961e-07,0.8517574071884155,0.5760099291801453,-0.04718899354338646,0.8088185787200928,0.47972309589385986,-0.07232941687107086,0.8252081871032715,0.37159639596939087,-0.09608866274356842,0.8442840576171875,0.28903448581695557,-0.10864678025245667,0.777111291885376,0.30458199977874756,-0.008351285010576248,0.7748011350631714,0.23500753939151764,-0.07147888839244843,0.7886151075363159,0.31883132457733154,-0.10127700120210648,0.8023491501808167,0.37360459566116333,-0.10940121114253998,0.8462383151054382,0.2964479327201843,-0.008577150292694569,0.8555403351783752,0.24226054549217224,-0.06408139318227768,0.8555265069007874,0.3717304766178131,-0.06537028402090073,0.8510229587554932,0.386593222618103,-0.05016988143324852,0.9116986393928528,0.30998870730400085,-0.022681299597024918,0.9240794777870178,0.27151697874069214,-0.07895424216985703,0.9075214862823486,0.3897131681442261,-0.056018948554992676,0.8951787948608398,0.4040282368659973,-0.02547488734126091,0.9762546420097351,0.3427252769470215,-0.042368512600660324,0.9771572947502136,0.30501317977905273,-0.0741027295589447,0.9584143757820129,0.39316505193710327,-0.05448845401406288,0.9418734908103943,0.42036211490631104,-0.029655737802386284
0.9052408337593079,0.613917350769043,-6.63014986912458e-07,0.8395380973815918,0.5814568996429443,-0.038044169545173645,0.797829270362854,0.4968186318874359,-0.06209135428071022,0.816629946231842,0.40406563878059387,-0.0860833153128624,0.8395372629165649,0.3334011435508728,-0.10247233510017395,0.7800900340080261,0.33621975779533386,-0.02114095725119114,0.7718757390975952,0.2396664321422577,-0.07982121407985687,0.7886184453964233,0.32350289821624756,-0.11353927105665207,0.8016725182533264,0.39249157905578613,-0.1262395828962326,0.8473745584487915,0.3255539834499359,-0.025407155975699425,0.8537114858627319,0.2422979176044464,-0.08200246840715408,0.8572772741317749,0.35669055581092834,-0.09659138321876526,0.8544307351112366,0.4080207943916321,-0.09199441224336624,0.9104344248771667,0.3354003429412842,-0.03909715265035629,0.9209787845611572,0.2911609709262848,-0.09133174270391464,0.9088966250419617,0.39994296431541443,-0.08146761357784271,0.8954047560691833,0.4366728365421295,-0.060951314866542816,0.972294270992279,0.36136889457702637,-0.05650923401117325,0.977221667766571,0.3220731317996979,-0.08313208073377609,0.960265040397644,0.4015621542930603,-0.06763744354248047,0.9417835474014282,0.43452441692352295,-0.048010192811489105
0.9299516081809998,0.565831184387207,-8.186171385204943e-07,0.8662824034690857,0.5851266980171204,-0.06595555692911148,0.813896894454956,0.5882025957107544,-0.11543538421392441,0.8475404381752014,0.6417508125305176,-0.1559864729642868,0.9113147854804993,0.6815395355224609,-0.1909252107143402,0.8086560368537903,0.3761540651321411,-0.10948415100574493,0.8308997750282288,0.46875736117362976,-0.15851113200187683,0.8463940024375916,0.5506501197814941,-0.1795627772808075,0.8458484411239624,0.5635337233543396,-0.19370195269584656,0.8836814761161804,0.348927766084671,-0.10418354719877243,0.9276362061500549,0.49016138911247253,-0.14960943162441254,0.9256380796432495,0.580083966255188,-0.15413883328437805,0.9079728722572327,0.571730375289917,-0.1577674299478531,0.9543923139572144,0.36282026767730713,-0.10362743586301804,0.9894091486930847,0.5179139375686646,-0.14340665936470032,0.9704809784889221,0.5972652435302734,-0.13519862294197083,0.940513551235199,0.5854006409645081,-0.1300548017024994,1.0146458148956299,0.39565205574035645,-0.11006179451942444,1.0394766330718994,0.5247418284416199,-0.13764403760433197,1.0181152820587158,0.594182014465332,-0.1339588463306427,0.9887254238128662,0.5990431308746338,-0.13045631349086761
0.9122874140739441,0.594494640827179,-1.6002786651370116e-07,0.8615639209747314,0.609379768371582,-0.06707203388214111,0.8198838233947754,0.6060346961021423,-0.11874421685934067,0.8447412252426147,0.5932615995407104,-0.15922079980373383,0.8641828298568726,0.5586116909980774,-0.19238078594207764,0.7826412916183472,0.3923577070236206,-0.10559738427400589,0.8021492958068848,0.37091314792633057,-0.1626071333885193,0.8306601643562317,0.4079110026359558,-0.19785362482070923,0.8546364307403564,0.45496463775634766,-0.21915282309055328,0.8489066362380981,0.3383566439151764,-0.09802325069904327,0.9130695462226868,0.3997631072998047,-0.15675848722457886,0.9346948862075806,0.48092764616012573,-0.17739126086235046,0.9343407154083252,0.5201094746589661,-0.18660855293273926,0.9148173928260803,0.33420777320861816,-0.0952770933508873,0.9755618572235107,0.42972350120544434,-0.13521245121955872,0.9740786552429199,0.4989491105079651,-0.12666170299053192,0.9543567895889282,0.5164722204208374,-0.12013120204210281,0.9747662544250488,0.36051851511001587,-0.1005002036690712,1.0227792263031006,0.44945836067199707,-0.13323895633220673,1.0190315246582031,0.5081143379211426,-0.13032497465610504,0.9985946416854858,0.5207833647727966,-0.12370094656944275
0.8966209292411804,0.6275635957717896,-1.3424312328425003e-07,0.8487518429756165,0.6385515928268433,-0.06239590421319008,0.8016940951347351,0.5836652517318726,-0.10383901000022888,0.8214026093482971,0.5176560878753662,-0.13822488486766815,0.851843535900116,0.4671088755130768,-0.16421440243721008,0.7803196907043457,0.3937632143497467,-0.06440097093582153,0.7704435586929321,0.32629361748695374,-0.1376291960477829,0.8110023140907288,0.39086034893989563,-0.18437430262565613,0.8429070115089417,0.4623182713985443,-0.20615148544311523,0.841852605342865,0.35864222049713135,-0.06038792431354523,0.8740096688270569,0.3068835735321045,-0.13327132165431976,0.9061646461486816,0.40236222743988037,-0.15726739168167114,0.9059166312217712,0.45122280716896057,-0.1588960736989975,0.9003421664237976,0.3561061918735504,-0.06652442365884781,0.9435431361198425,0.34869682788848877,-0.12286245077848434,0.9516811966896057,0.4398120641708374,-0.11262904107570648,0.932454526424408,0.4698012173175812,-0.09418350458145142,0.954613447189331,0.3756892681121826,-0.0794881284236908,0.9926239848136902,0.38352614641189575,-0.11251756548881531,0.9907861351966858,0.4500214457511902,-0.1009274274110794,0.9673305749893188,0.4700530171394348,-0.08381886780261993
0.8953263759613037,0.6206490993499756,-3.677306779081846e-07,0.8384790420532227,0.6013056039810181,-0.036265287548303604,0.7896398305892944,0.5169356465339661,-0.057739078998565674,0.8053386807441711,0.4268958270549774,-0.07824576646089554,0.8341494798660278,0.3669174909591675,-0.09201166033744812,0.7753902673721313,0.3560209274291992,-0.016882728785276413,0.7679240107536316,0.276838481426239,-0.07217459380626678,0.7866946458816528,0.33210283517837524,-0.10660142451524734,0.8015542030334473,0.39615243673324585,-0.12123128771781921,0.8393229842185974,0.3383149206638336,-0.020508717745542526,0.854581356048584,0.2753674387931824,-0.07299715280532837,0.8640936017036438,0.3758801519870758,-0.08622469007968903,0.8601416349411011,0.42080947756767273,-0.08180239051580429,0.9007483124732971,0.3439258337020874,-0.0337148942053318,0.9223775863647461,0.31557899713516235,-0.08114533871412277,0.9152371287345886,0.40990760922431946,-0.07052168250083923,0.8990380764007568,0.4376058280467987,-0.051489558070898056,0.9612603783607483,0.3698149621486664,-0.05112472549080849,0.9803575873374939,0.34813228249549866,-0.07982232421636581,0.9654411673545837,0.4194928705692291,-0.06742814928293228,0.9416712522506714,0.4435526728630066,-0.0501076765358448
0.8978036046028137,0.5584477186203003,-5.270871383800113e-07,0.8491767644882202,0.5728092789649963,-0.06567484885454178,0.8034546375274658,0.5761058926582336,-0.11367478966712952,0.8347949981689453,0.6330044865608215,-0.15243428945541382,0.8859478831291199,0.6613767147064209,-0.18419894576072693,0.7939842343330383,0.3706037700176239,-0.10509654134511948,0.8047243356704712,0.41117435693740845,-0.16021758317947388,0.8186440467834473,0.46238675713539124,-0.18942905962467194,0.8386986255645752,0.4997614622116089,-0.20659102499485016,0.8715054988861084,0.3348681926727295,-0.09726938605308533,0.922607958316803,0.4912042021751404,-0.14919330179691315,0.9161352515220642,0.558348536491394,-0.1588374525308609,0.9059590697288513,0.5453250408172607,-0.16417056322097778,0.9421937465667725,0.35306960344314575,-0.09540233016014099,0.9674995541572571,0.544300377368927,-0.13082335889339447,0.9338600635528564,0.6017149686813354,-0.11929988116025925,0.9035513401031494,0.5848040580749512,-0.11243803799152374,0.9991294145584106,0.39143264293670654,-0.10198400169610977,1.0054259300231934,0.5464697480201721,-0.13257111608982086,0.9678739309310913,0.5916745662689209,-0.13260075449943542,0.9326385259628296,0.5824029445648193,-0.129815474152565
0.9074787497520447,0.5754662752151489,-4.987803663425439e-07,0.8649819493293762,0.6004232168197632,-0.06477057933807373,0.8246816396713257,0.6066850423812866,-0.11258937418460846,0.8477784395217896,0.6394666433334351,-0.1513034850358963,0.8798101544380188,0.6720995903015137,-0.1826927214860916,0.797974705696106,0.40693262219429016,-0.09868338704109192,0.8310380578041077,0.4610799551010132,-0.15597015619277954,0.8371402025222778,0.5402311086654663,-0.18293878436088562,0.8313897848129272,0.567467451095581,-0.19854940474033356,0.8597103953361511,0.36332231760025024,-0.0919305756688118,0.9141014218330383,0.48824530839920044,-0.14330556988716125,0.9100357890129089,0.5810546278953552,-0.1501644402742386,0.8927606344223022,0.5735373497009277,-0.15251949429512024,0.9206900596618652,0.3620934784412384,-0.09146495163440704,0.9697219729423523,0.504887580871582,-0.13721685111522675,0.9483314156532288,0.5892022252082825,-0.12644705176353455,0.9185803532600403,0.582892894744873,-0.11704877763986588,0.9757844805717468,0.3851107656955719,-0.09785305708646774,1.0090506076812744,0.5088653564453125,-0.13254189491271973,0.992773711681366,0.5770047903060913,-0.13070665299892426,0.9699940085411072,0.5783747434616089,-0.12550845742225647
0.8977053165435791,0.6005136966705322,7.70650743220358e-08,0.8427284955978394,0.5858258008956909,-0.05210934206843376,0.8053223490715027,0.5169203877449036,-0.07868438214063644,0.8396584987640381,0.4512893855571747,-0.09925322234630585,0.8871708512306213,0.3999743163585663,-0.1143927201628685,0.8113313317298889,0.37604883313179016,-0.036140453070402145,0.8160597085952759,0.3283793032169342,-0.08695928752422333,0.816377580165863,0.3095046281814575,-0.11788391321897507,0.8175076246261597,0.2971827983856201,-0.1343304067850113,0.864048182964325,0.3488050699234009,-0.030256593599915504,0.8899329900741577,0.3182394206523895,-0.0818411186337471,0.8913454413414001,0.3843359351158142,-0.0900038480758667,0.8835166096687317,0.39416033029556274,-0.08269072324037552,0.9162042737007141,0.3475283980369568,-0.03449697047472,0.9438751339912415,0.3474676311016083,-0.0846712589263916,0.9286962151527405,0.4233408272266388,-0.07428043335676193,0.9079198837280273,0.4291653633117676,-0.054251495748758316,0.9654203653335571,0.3649325370788574,-0.044331297278404236,0.982441782951355,0.37006044387817383,-0.07886307686567307,0.9637518525123596,0.42220795154571533,-0.0732879713177681,0.9413358569145203,0.42897137999534607,-0.05970878526568413
0.9049070477485657,0.5910599231719971,-5.978827744002047e-08,0.8484956622123718,0.5967100858688354,-0.04760080203413963,0.8019160032272339,0.5532707571983337,-0.08114868402481079,0.8254743814468384,0.507235050201416,-0.10955346375703812,0.858795702457428,0.4670976400375366,-0.13365359604358673,0.8047506213188171,0.355296790599823,-0.0533924326300621,0.8171544671058655,0.30741825699806213,-0.10397066175937653,0.8438535928726196,0.3627495765686035,-0.1408095508813858,0.8657761812210083,0.4247632324695587,-0.16032591462135315,0.8641882538795471,0.33628544211387634,-0.05101924017071724,0.9041712284088135,0.3150332272052765,-0.09882362186908722,0.9317667484283447,0.38019198179244995,-0.12211862206459045,0.9463393092155457,0.42891746759414673,-0.1299942284822464,0.9158772230148315,0.3477286100387573,-0.05457381159067154,0.9508180618286133,0.3562198281288147,-0.09738391637802124,0.9581199884414673,0.43516427278518677,-0.09581940621137619,0.9544103145599365,0.4811982810497284,-0.08626144379377365,0.9617681503295898,0.38030967116355896,-0.06247370317578316,0.98589026927948,0.39376503229141235,-0.09219147264957428,0.9841764569282532,0.45634493231773376,-0.08440901339054108,0.9765401482582092,0.4927320182323456,-0.07103090733289719
0.895614743232727,0.588986337184906,-5.676030312429248e-08,0.8392230868339539,0.5771957039833069,-0.06545685976743698,0.8139212131500244,0.5545049905776978,-0.11624489724636078,0.8679530024528503,0.5570817589759827,-0.1565762162208557,0.9212155342102051,0.5587375164031982,-0.192372664809227,0.8117257356643677,0.3322768807411194,-0.096169613301754,0.853725790977478,0.38312506675720215,-0.15000662207603455,0.8706945180892944,0.449802428483963,-0.19052399694919586,0.8815842270851135,0.49782228469848633,-0.21813200414180756,0.8808683753013611,0.31801900267601013,-0.08993592113256454,0.950588583946228,0.3691813051700592,-0.14510215818881989,0.976385235786438,0.43976861238479614,-0.17372021079063416,0.9852166771888733,0.47641122341156006,-0.18970023095607758,0.9402847290039062,0.3398389220237732,-0.08712996542453766,0.9982496500015259,0.4354136288166046,-0.12705834209918976,0.982669472694397,0.5199326276779175,-0.12590903043746948,0.9507706761360168,0.5547235012054443,-0.1223231852054596,0.9870694279670715,0.38518351316452026,-0.09102994948625565,1.0233745574951172,0.47653618454933167,-0.11932255327701569,1.0050395727157593,0.5395842790603638,-0.11488331854343414,0.9760109782218933,0.5589277744293213,-0.10794582962989807
0.9263144731521606,0.5942097306251526,-3.324564943341102e-07,0.8930639028549194,0.58214271068573,-0.05498258396983147,0.8789860010147095,0.5425007343292236,-0.08861476927995682,0.9313652515411377,0.5090809464454651,-0.11406325548887253,0.9768729209899902,0.48180121183395386,-0.13331575691699982,0.8660140633583069,0.35160505771636963,-0.054761920124292374,0.9119459390640259,0.32199203968048096,-0.0950988233089447,0.9282577633857727,0.3898272216320038,-0.12202180922031403,0.9260541200637817,0.4416796565055847,-0.13700756430625916,0.9229907393455505,0.3373357355594635,-0.04573551565408707,0.9690234661102295,0.32211989164352417,-0.0807342380285263,0.9763203263282776,0.4068392813205719,-0.09331141412258148,0.9615995287895203,0.45056673884391785,-0.09629946202039719,0.9713112711906433,0.353446364402771,-0.043023914098739624,1.0157312154769897,0.3472481667995453,-0.078284353017807,1.0132335424423218,0.4268816411495209,-0.07524660229682922,0.9920886754989624,0.4626314640045166,-0.06645353883504868,1.0105284452438354,0.39221757650375366,-0.04475490376353264,1.0433464050292969,0.3974839746952057,-0.07024908810853958,1.0352436304092407,0.4565815031528473,-0.0647653341293335,1.0129283666610718,0.4840092062950134,-0.05479827895760536
0.9219138026237488,0.5871001482009888,-2.0144524626175553e-07,0.9010372161865234,0.5726318955421448,-0.06505484133958817,0.8977577090263367,0.5296406149864197,-0.10018167644739151,0.9424208998680115,0.4824010729789734,-0.12388131022453308,0.9866208434104919,0.4413815438747406,-0.13819091022014618,0.868881106376648,0.3427425026893616,-0.059673942625522614,0.9094283580780029,0.31069380044937134,-0.09812591969966888,0.9268709421157837,0.3871881067752838,-0.1174934059381485,0.924104630947113,0.43685805797576904,-0.127040296792984,0.9184978008270264,0.3222372531890869,-0.042652200907468796,0.9577407836914062,0.29682236909866333,-0.08374976366758347,0.9663741588592529,0.39504748582839966,-0.09414417296648026,0.9547321796417236,0.4401996433734894,-0.09320525079965591,0.9607188701629639,0.33003392815589905,-0.03233695030212402,0.998630940914154,0.31167805194854736,-0.07256611436605453,0.9982132911682129,0.3988592326641083,-0.06558609008789062,0.9833715558052063,0.4363633692264557,-0.05206954479217529,0.9956222772598267,0.36119937896728516,-0.027019694447517395,1.0241718292236328,0.3545365333557129,-0.05565366521477699,1.0179449319839478,0.41331303119659424,-0.05101698637008667,1.001842975616455,0.4374789297580719,-0.040428485721349716
0.9368583559989929,0.6097933053970337,-3.418735161631048e-07,0.8919960856437683,0.5977417230606079,-0.042723990976810455,0.8695919513702393,0.5507846474647522,-0.0710836872458458,0.9165161848068237,0.5151811838150024,-0.09531808644533157,0.9661352634429932,0.4951208829879761,-0.11507652699947357,0.8820977807044983,0.35627037286758423,-0.03856060281395912,0.9083499312400818,0.325194776058197,-0.07684694975614548,0.9244937896728516,0.3889365494251251,-0.10521717369556427,0.93021160364151,0.44322922825813293,-0.12126153707504272,0.9321171045303345,0.3338756859302521,-0.03599145635962486,0.9674926996231079,0.32401445508003235,-0.07077822089195251,0.9747132658958435,0.40942010283470154,-0.08590280264616013,0.9719507098197937,0.4691981375217438,-0.0897667333483696,0.9761039018630981,0.3431779146194458,-0.03913479298353195,1.0114161968231201,0.346017062664032,-0.07341264188289642,1.0080204010009766,0.42798036336898804,-0.07314378023147583,0.9991958141326904,0.48210418224334717,-0.06556998193264008,1.0122240781784058,0.37839633226394653,-0.04639619588851929,1.0431838035583496,0.38979318737983704,-0.07247306406497955,1.0340086221694946,0.45317935943603516,-0.06921440362930298,1.0239031314849854,0.4941013753414154,-0.060022711753845215
0.9162440299987793,0.6114636659622192,-4.2841412550842506e-07,0.9012047648429871,0.5806326866149902,-0.05442187935113907,0.9134313464164734,0.50157231092453,-0.07338080555200577,0.9497178196907043,0.4343510866165161,-0.0833214670419693,0.9888466596603394,0.4006933569908142,-0.08478405326604843,0.95856773853302,0.3875781297683716,-0.03229032829403877,0.9804115295410156,0.35704919695854187,-0.06973431259393692,0.9663017392158508,0.4222228527069092,-0.09127085655927658,0.9556883573532104,0.4604654908180237,-0.10075301676988602,0.9642466306686401,0.36963871121406555,-0.01573936454951763,0.9843037724494934,0.3408990502357483,-0.05197910964488983,0.9674506187438965,0.4120790362358093,-0.06028395891189575,0.9603577852249146,0.44795313477516174,-0.0558362677693367,0.9633890390396118,0.3661304712295532,-0.0076020145788788795,0.969448447227478,0.36096638441085815,-0.04334382340312004,0.9566610455513,0.42411044239997864,-0.042060256004333496,0.9523559212684631,0.45220038294792175,-0.03045254945755005,0.9591783881187439,0.3768441081047058,-0.004217928275465965,0.9550418853759766,0.3808480501174927,-0.0255573783069849,0.9468318819999695,0.4268944263458252,-0.023195020854473114,0.9461226463317871,0.44748377799987793,-0.013653592206537724
0.9325176477432251,0.5688683986663818,-1.5105149486771552e-07,0.9140850901603699,0.5673456192016602,-0.07336030900478363,0.9226586222648621,0.5277090072631836,-0.10843430459499359,0.9798473119735718,0.4870282709598541,-0.12981154024600983,1.0291205644607544,0.4659786820411682,-0.141633078455925,0.8970432281494141,0.3598538935184479,-0.07829898595809937,0.9576305747032166,0.31783875823020935,-0.11565866321325302,0.9665662050247192,0.39132872223854065,-0.13214799761772156,0.9488317966461182,0.4365617632865906,-0.1388593465089798,0.9409305453300476,0.34055033326148987,-0.05178827419877052,0.9945995807647705,0.307228147983551,-0.0888276919722557,0.9950242638587952,0.39805296063423157,-0.09522096812725067,0.9699363708496094,0.43896859884262085,-0.09232943505048752,0.9811850786209106,0.33887913823127747,-0.03135345131158829,1.0247799158096313,0.3153533935546875,-0.06612978875637054,1.0205122232437134,0.3956391513347626,-0.05867556482553482,0.9973196387290955,0.42832568287849426,-0.045611198991537094,1.0102180242538452,0.34902530908584595,-0.016285043209791183,1.0417660474777222,0.32738611102104187,-0.04216412082314491,1.0400066375732422,0.38211697340011597,-0.03905770182609558,1.0242046117782593,0.4096248149871826,-0.030065875500440598
0.937821626663208,0.5622348189353943,-1.3544023147460393e-07,0.9160957932472229,0.5570521950721741,-0.06846684962511063,0.9146631956100464,0.5215193629264832,-0.10575895011425018,0.9621151685714722,0.4799717664718628,-0.13216789066791534,1.0048775672912598,0.44278383255004883,-0.1496843695640564,0.8885547518730164,0.3582391142845154,-0.06740475445985794,0.9317715764045715,0.3051657974720001,-0.11143247038125992,0.9466820955276489,0.36162155866622925,-0.13349376618862152,0.9388017058372498,0.4069485366344452,-0.14224497973918915,0.9314368367195129,0.34371793270111084,-0.04752100631594658,0.9774147868156433,0.30610620975494385,-0.09205013513565063,0.9796224236488342,0.38789451122283936,-0.10239231586456299,0.9565982818603516,0.4302784204483032,-0.1002306416630745,0.9679811596870422,0.3442746698856354,-0.03523813188076019,1.0062278509140015,0.31758254766464233,-0.07704733312129974,1.001558542251587,0.39172297716140747,-0.07162358611822128,0.978439450263977,0.42526736855506897,-0.057955704629421234,0.9966889023780823,0.3589450418949127,-0.02807866409420967,1.0236610174179077,0.333446204662323,-0.05527164414525032,1.0198299884796143,0.38565266132354736,-0.05043662339448929,1.0004122257232666,0.4137185215950012,-0.039559505879879
0.9260030388832092,0.6060967445373535,-4.6218212901294464e-07,0.8850728273391724,0.5836825966835022,-0.040759749710559845,0.8524900674819946,0.5508868098258972,-0.07525793462991714,0.832045316696167,0.5459508299827576,-0.10579542815685272,0.805212140083313,0.5560863018035889,-0.13606895506381989,0.8709933757781982,0.37448930740356445,-0.06260772794485092,0.8321520090103149,0.3931334316730499,-0.11610163748264313,0.8054091930389404,0.425237774848938,-0.15445110201835632,0.7850610017776489,0.4368131458759308,-0.17624717950820923,0.9289082884788513,0.3753703534603119,-0.06501314043998718,0.8905602693557739,0.43430259823799133,-0.107686348259449,0.8668270707130432,0.4991360902786255,-0.12310957163572311,0.8523833751678467,0.509858250617981,-0.12928995490074158,0.9761212468147278,0.41494259238243103,-0.07144176959991455,0.928554892539978,0.5020995140075684,-0.10287696123123169,0.9032050967216492,0.5647512078285217,-0.09293098002672195,0.8956677317619324,0.5658001899719238,-0.08281070739030838,1.0099258422851562,0.4711131453514099,-0.08304847776889801,0.9669600129127502,0.5419795513153076,-0.09999360889196396,0.9369885921478271,0.5828621983528137,-0.08699936419725418,0.9289504885673523,0.587952733039856,-0.07305960357189178
0.8912336230278015,0.6868489980697632,-1.0306241620128276e-06,0.8253361582756042,0.6753610372543335,-0.054981350898742676,0.7561899423599243,0.6339542269706726,-0.09206616878509521,0.7487084269523621,0.590110719203949,-0.12381798774003983,0.8012900948524475,0.5675089359283447,-0.1475045531988144,0.7590157389640808,0.4034053385257721,-0.05917181074619293,0.7385085821151733,0.4220108985900879,-0.11583863198757172,0.7635102868080139,0.5255023241043091,-0.14578846096992493,0.7771701812744141,0.5384241342544556,-0.1635962277650833,0.831455647945404,0.3776070177555084,-0.059702012687921524,0.8195327520370483,0.4310798645019531,-0.11496096849441528,0.827251672744751,0.541841983795166,-0.12199412286281586,0.8274344205856323,0.5446081161499023,-0.11865691095590591,0.9000317454338074,0.39425089955329895,-0.06909380853176117,0.8931272029876709,0.4861445426940918,-0.11434222012758255,0.8833637833595276,0.5748533010482788,-0.10281142592430115,0.8723981380462646,0.5652763247489929,-0.08818642795085907,0.9600228071212769,0.42877644300460815,-0.08534418046474457,0.9523228406906128,0.5240492224693298,-0.10670104622840881,0.9353464245796204,0.5906623601913452,-0.09885316342115402,0.9214804172515869,0.5892926454544067,-0.08948419988155365
0.8977508544921875,0.6479260921478271,-2.8960235454178473e-07,0.8491977453231812,0.6404019594192505,-0.05296458303928375,0.8090466260910034,0.6085693836212158,-0.09423232823610306,0.7986541986465454,0.5736011266708374,-0.12882471084594727,0.7782393097877502,0.5586047172546387,-0.1581244021654129,0.8116990327835083,0.4147721230983734,-0.07066589593887329,0.8263518214225769,0.42734211683273315,-0.12508602440357208,0.8271061778068542,0.44106757640838623,-0.1519225388765335,0.8221836686134338,0.44699299335479736,-0.1636844426393509,0.8688966035842896,0.3961629867553711,-0.06645120680332184,0.8817607760429382,0.48174962401390076,-0.10997624695301056,0.8611977696418762,0.5675699710845947,-0.1060531809926033,0.8514819741249084,0.5670639872550964,-0.09598878026008606,0.9215826392173767,0.4153679609298706,-0.06955588608980179,0.9307914972305298,0.5126481056213379,-0.10996175557374954,0.9053127765655518,0.5751599669456482,-0.08786097168922424,0.8930056095123291,0.5685010552406311,-0.06634509563446045,0.9675419330596924,0.4516032338142395,-0.07886110246181488,0.9688116312026978,0.5282860994338989,-0.10264693200588226,0.9469596147537231,0.5751343369483948,-0.08652164041996002,0.9364449977874756,0.5747073292732239,-0.06812024861574173
0.8557507991790771,0.6834031939506531,-4.981575898455048e-07,0.8056886196136475,0.6758573055267334,-0.0642484501004219,0.762607753276825,0.6363462805747986,-0.1034771278500557,0.7578014135360718,0.600644588470459,-0.13310649991035461,0.7754105925559998,0.5717400908470154,-0.15344710648059845,0.7719040513038635,0.40961864590644836,-0.0619547963142395,0.7522754073143005,0.438640832901001,-0.10927417874336243,0.757895290851593,0.5167190432548523,-0.12652020156383514,0.7634572982788086,0.5565900206565857,-0.13105881214141846,0.8408381342887878,0.38875216245651245,-0.05012589693069458,0.8385851383209229,0.4616999328136444,-0.08943713456392288,0.8335603475570679,0.5730267763137817,-0.08473116159439087,0.8272282481193542,0.5735861659049988,-0.07344754785299301,0.9009366035461426,0.40840083360671997,-0.047104984521865845,0.9011490941047668,0.5041773915290833,-0.08533243089914322,0.8821321725845337,0.5853925943374634,-0.06328599900007248,0.8722510933876038,0.5800225138664246,-0.041421499103307724,0.9538591504096985,0.45070040225982666,-0.0510958693921566,0.950482189655304,0.5240979194641113,-0.07389247417449951,0.9310367107391357,0.5782430768013,-0.06007419154047966,0.9187617301940918,0.5769861936569214,-0.0429600365459919
0.8331930041313171,0.7130601406097412,-4.660455203975289e-07,0.782271146774292,0.6924968957901001,-0.05676925927400589,0.7386458516120911,0.6564184427261353,-0.09703048318624496,0.7203912138938904,0.6006050705909729,-0.12945249676704407,0.7271746397018433,0.5551102161407471,-0.15195243060588837,0.7242124080657959,0.4215717315673828,-0.05557410418987274,0.7028219699859619,0.424246221780777,-0.10238154977560043,0.7124726176261902,0.49762770533561707,-0.12381090968847275,0.7268618941307068,0.5397666096687317,-0.13400371372699738,0.7931780815124512,0.39507073163986206,-0.04679349809885025,0.7739458084106445,0.43847018480300903,-0.08271846920251846,0.7759536504745483,0.5508947968482971,-0.08153784275054932,0.7769946455955505,0.5551565885543823,-0.07573379576206207,0.8550640940666199,0.4083999991416931,-0.0456281453371048,0.8400779366493225,0.48391610383987427,-0.07702222466468811,0.8287143111228943,0.5649248957633972,-0.05594717711210251,0.8272045254707336,0.5671613216400146,-0.03824196010828018,0.9147111773490906,0.44873881340026855,-0.051403846591711044,0.899278998374939,0.5079481601715088,-0.0678376629948616,0.8815775513648987,0.5635035634040833,-0.05450053885579109,0.8724204301834106,0.5666869878768921,-0.04108560085296631
0.8436732888221741,0.725916862487793,-4.892427227787266e-07,0.7922297716140747,0.7033920884132385,-0.05917787924408913,0.7446784973144531,0.6599792838096619,-0.09715482592582703,0.7213094830513,0.6064800024032593,-0.1276048719882965,0.7232857942581177,0.5617045760154724,-0.14894843101501465,0.7215171456336975,0.43195921182632446,-0.053423356264829636,0.6956321001052856,0.4287729263305664,-0.10189452767372131,0.707493007183075,0.510008692741394,-0.12849222123622894,0.7255262732505798,0.543387770652771,-0.14294739067554474,0.7929549813270569,0.40510785579681396,-0.043723803013563156,0.7703834176063538,0.4399222135543823,-0.08749611675739288,0.7718105912208557,0.5517264008522034,-0.09292000532150269,0.7757877111434937,0.5625416040420532,-0.08881118893623352,0.8585659861564636,0.42183583974838257,-0.04199787601828575,0.8401216864585876,0.483830988407135,-0.07924579083919525,0.8275923132896423,0.5702453851699829,-0.06351225823163986,0.8264508843421936,0.5746536254882812,-0.04625634849071503,0.9174461364746094,0.46086180210113525,-0.04695051163434982,0.900087296962738,0.5163320899009705,-0.06661313027143478,0.8827582597732544,0.5715970993041992,-0.0557665079832077,0.8773751258850098,0.5743213891983032,-0.0423349067568779
0.8659480214118958,0.7414700984954834,-6.338598836919118e-07,0.8110639452934265,0.7257983684539795,-0.05402976647019386,0.7564793229103088,0.6713167428970337,-0.08917824923992157,0.7450923323631287,0.6141443848609924,-0.11893963813781738,0.7414484024047852,0.5648728013038635,-0.13881108164787292,0.7508378028869629,0.4504057765007019,-0.04703589901328087,0.7242575883865356,0.4324103891849518,-0.10560675710439682,0.7415253520011902,0.5135927796363831,-0.13809221982955933,0.7585954070091248,0.5543122887611389,-0.15328747034072876,0.813531756401062,0.4271013140678406,-0.04338596388697624,0.8128003478050232,0.4672684073448181,-0.09607016295194626,0.8167641162872314,0.5693418979644775,-0.10495761036872864,0.8136345148086548,0.581925630569458,-0.10143011063337326,0.874609112739563,0.44167086482048035,-0.04984770342707634,0.8803408145904541,0.5088353157043457,-0.09403102844953537,0.8715007305145264,0.5924009084701538,-0.0806645005941391,0.8612822890281677,0.5959610342979431,-0.06422914564609528,0.9341171383857727,0.47633782029151917,-0.06316521018743515,0.9380428194999695,0.5411746501922607,-0.0876392126083374,0.9219506978988647,0.6045868396759033,-0.0792369619011879,0.9072944521903992,0.6071443557739258,-0.06667705625295639
0.36467739939689636,0.5809682607650757,-3.640406589511258e-07,0.4273513853549957,0.5544595122337341,-0.03476338088512421,0.4739006757736206,0.5014511942863464,-0.058434564620256424,0.49523690342903137,0.4604315161705017,-0.08238114416599274,0.5052375793457031,0.43386411666870117,-0.10114112496376038,0.4330836534500122,0.36737796664237976,-0.024204270914196968,0.46136754751205444,0.3385663628578186,-0.06685373932123184,0.4575289785861969,0.406149685382843,-0.09085360169410706,0.44539114832878113,0.43744316697120667,-0.1033150926232338,0.38677775859832764,0.3527594804763794,-0.026216354221105576,0.42154958844184875,0.3271788954734802,-0.06676390767097473,0.4202543795108795,0.4092506170272827,-0.07625579088926315,0.40567901730537415,0.436023473739624,-0.07579988986253738,0.34149089455604553,0.3587383031845093,-0.03549223020672798,0.3751707673072815,0.35298457741737366,-0.0728408694267273,0.3759033977985382,0.42364028096199036,-0.06713026016950607,0.35910579562187195,0.43736642599105835,-0.05633601173758507,0.296867311000824,0.37955132126808167,-0.04818283021450043,0.32766368985176086,0.3850443363189697,-0.06714816391468048,0.33669331669807434,0.43195632100105286,-0.0591723658144474,0.32801690697669983,0.4399724304676056,-0.04952726140618324
0.36975446343421936,0.5079700946807861,-8.734200918070201e-08,0.4207821786403656,0.5100984573364258,-0.032378122210502625,0.46604418754577637,0.5106542110443115,-0.06622835248708725,0.4879298806190491,0.5352107882499695,-0.09895964711904526,0.5033659934997559,0.5545498132705688,-0.1321985125541687,0.47796961665153503,0.35924863815307617,-0.05814877897500992,0.5242909789085388,0.4158242642879486,-0.10879301279783249,0.548699140548706,0.4804377853870392,-0.1443290412425995,0.5602104663848877,0.5308430194854736,-0.16447921097278595,0.4338131546974182,0.33743396401405334,-0.06479920446872711,0.47469276189804077,0.37744203209877014,-0.11240580677986145,0.49800390005111694,0.4700174331665039,-0.12915173172950745,0.5068072080612183,0.5324841141700745,-0.13450200855731964,0.38207682967185974,0.35116028785705566,-0.0752033069729805,0.41461437940597534,0.3850935697555542,-0.11574167758226395,0.43932855129241943,0.4524649381637573,-0.11412546038627625,0.44607144594192505,0.4895908236503601,-0.10610183328390121,0.3309441804885864,0.38943326473236084,-0.08786958456039429,0.35186290740966797,0.41467350721359253,-0.10990560054779053,0.3750477433204651,0.45686256885528564,-0.10091275721788406,0.3854462206363678,0.4831695556640625,-0.09096988290548325
0.4312288463115692,0.46025943756103516,-1.6406220026965457e-07,0.4906373620033264,0.48530375957489014,-0.010854266583919525,0.5359990000724792,0.5002213716506958,-0.031650710850954056,0.5575814843177795,0.5072215795516968,-0.055830150842666626,0.560966432094574,0.5045320391654968,-0.07778996974229813,0.5741003155708313,0.35702893137931824,-0.02522454224526882,0.6239331960678101,0.39116939902305603,-0.06517019867897034,0.6124690175056458,0.4455045759677887,-0.09145788103342056,0.5867283344268799,0.4823869466781616,-0.10502442717552185,0.5361105799674988,0.3280298411846161,-0.0379214808344841,0.569753110408783,0.4071233570575714,-0.07212108373641968,0.5493682026863098,0.4760963022708893,-0.0823291540145874,0.5279520750045776,0.5044957399368286,-0.08532962948083878,0.4896027147769928,0.3285503685474396,-0.05384785681962967,0.5077865123748779,0.43371033668518066,-0.07637739926576614,0.4935196340084076,0.4710330069065094,-0.07058001309633255,0.48009657859802246,0.4657455384731293,-0.06471151858568192,0.4444349408149719,0.34919923543930054,-0.07213590294122696,0.4571757912635803,0.4387356638908386,-0.08055206388235092,0.45366567373275757,0.46438196301460266,-0.07195212692022324,0.4489893913269043,0.4521391689777374,-0.06468729674816132
0.3742775022983551,0.4899187982082367,-3.2001304361983784e-07,0.4510516822338104,0.5083943009376526,-0.021582452580332756,0.5128953456878662,0.5029302835464478,-0.038964446634054184,0.5441230535507202,0.48626306653022766,-0.057344064116477966,0.557192862033844,0.4713139235973358,-0.07181309908628464,0.5548697710037231,0.33534902334213257,-0.007066105958074331,0.5860884785652161,0.4055253565311432,-0.044256873428821564,0.570634663105011,0.456906795501709,-0.07296797633171082,0.5578750371932983,0.4736037850379944,-0.09007200598716736,0.5174054503440857,0.318047434091568,-0.01150570623576641,0.5421431660652161,0.41779854893684387,-0.0371188148856163,0.5199456810951233,0.46272942423820496,-0.05057290941476822,0.5054616928100586,0.45459067821502686,-0.05907611548900604,0.47225886583328247,0.32846540212631226,-0.021639926359057426,0.4913318455219269,0.43481138348579407,-0.041100505739450455,0.477922648191452,0.4675388038158417,-0.038171496242284775,0.4688913822174072,0.44992154836654663,-0.03557400777935982,0.42726972699165344,0.3527442216873169,-0.035747140645980835,0.4456051290035248,0.43956583738327026,-0.04626208171248436,0.442631334066391,0.4677690863609314,-0.04267385974526405,0.4376201033592224,0.4520661234855652,-0.0383366122841835
0.4373021721839905,0.49586722254753113,2.6114781448427493e-09,0.499423086643219,0.4999176263809204,-0.010899733752012253,0.5473353862762451,0.4881596267223358,-0.02948538400232792,0.5700125694274902,0.4677671194076538,-0.05042700096964836,0.5742495059967041,0.4360213279724121,-0.0680960938334465,0.5943955183029175,0.3323974609375,-0.01578228548169136,0.6285122036933899,0.3471308648586273,-0.04869704321026802,0.614980936050415,0.4076243042945862,-0.07151491940021515,0.5866981744766235,0.4379768371582031,-0.0829015001654625,0.5530827641487122,0.3006095886230469,-0.025273224338889122,0.5752466320991516,0.33864590525627136,-0.0479854978621006,0.5629485249519348,0.4057284891605377,-0.058282651007175446,0.5430441498756409,0.42227205634117126,-0.0643705278635025,0.5042230486869812,0.29757046699523926,-0.03792143240571022,0.5228775143623352,0.3608393967151642,-0.0569753460586071,0.5184162259101868,0.41546085476875305,-0.05222811549901962,0.5065085887908936,0.41881200671195984,-0.048245493322610855,0.453411728143692,0.3182295858860016,-0.05226313695311546,0.47518622875213623,0.3806780278682709,-0.0618487186729908,0.4795777201652527,0.41879716515541077,-0.05384843423962593,0.47493603825569153,0.4159066379070282,-0.046642716974020004
0.45634225010871887,0.46238359808921814,-1.9741507628623367e-07,0.5243566036224365,0.4925805330276489,-0.01956765726208687,0.5732988119125366,0.5129691362380981,-0.04496564716100693,0.5897805690765381,0.5115548372268677,-0.07203845679759979,0.5799495577812195,0.49177995324134827,-0.0943680852651596,0.6254937648773193,0.35689324140548706,-0.028297604992985725,0.665959358215332,0.39876818656921387,-0.07734828442335129,0.6461401581764221,0.46026819944381714,-0.10740596055984497,0.6166659593582153,0.5005632638931274,-0.12085171043872833,0.5837801694869995,0.31845372915267944,-0.03788201883435249,0.6085643768310547,0.39080098271369934,-0.07711514085531235,0.5876264572143555,0.46555277705192566,-0.08640172332525253,0.5686555504798889,0.4953610897064209,-0.08487775921821594,0.5309940576553345,0.3151302635669708,-0.0524735227227211,0.537075400352478,0.43312108516693115,-0.08011660724878311,0.5280444622039795,0.47543495893478394,-0.07099232822656631,0.5220803022384644,0.4664307236671448,-0.05872612074017525,0.4808540642261505,0.3355635106563568,-0.07036196440458298,0.48734721541404724,0.43954944610595703,-0.08190549165010452,0.48955947160720825,0.4703008830547333,-0.07156720012426376,0.4915747046470642,0.45488107204437256,-0.05967791751027107
0.46731841564178467,0.4690789580345154,-1.0711913489558356e-07,0.5269559621810913,0.4968504011631012,-0.02128841169178486,0.5669528245925903,0.5190128087997437,-0.050264861434698105,0.586575448513031,0.543917179107666,-0.08036170899868011,0.5981230735778809,0.5665696859359741,-0.10749074816703796,0.6194612979888916,0.3650484085083008,-0.04219583421945572,0.6574594378471375,0.44430509209632874,-0.0824667289853096,0.625627875328064,0.5003467202186584,-0.1077604591846466,0.5994284152984619,0.5046477317810059,-0.12391132861375809,0.5754896998405457,0.3356530964374542,-0.05312035232782364,0.6075727939605713,0.42326000332832336,-0.08957486599683762,0.5766498446464539,0.4880827069282532,-0.10086297988891602,0.5585073232650757,0.49012964963912964,-0.10698682814836502,0.5249389410018921,0.3389419615268707,-0.0664021372795105,0.5441035628318787,0.44402647018432617,-0.09500078856945038,0.5264332890510559,0.49409982562065125,-0.08884313702583313,0.5148494243621826,0.48199373483657837,-0.0827588364481926,0.4768892526626587,0.36051619052886963,-0.08215175569057465,0.4917948246002197,0.45072972774505615,-0.09430865198373795,0.4896172881126404,0.4826132655143738,-0.08486704528331757,0.48631566762924194,0.4695354104042053,-0.07752164453268051
0.47837045788764954,0.48087072372436523,9.045496085491322e-08,0.531391441822052,0.4933972954750061,-0.015939492732286453,0.5678483843803406,0.5088292360305786,-0.04181769862771034,0.5734248757362366,0.5274030566215515,-0.06997357308864594,0.5517128109931946,0.5275254845619202,-0.09627936035394669,0.6118570566177368,0.357496976852417,-0.0325343944132328,0.6416562795639038,0.41733065247535706,-0.07030744850635529,0.6274268627166748,0.47333282232284546,-0.09517291188240051,0.6149609088897705,0.4900403320789337,-0.11076904833316803,0.5652311444282532,0.3304324448108673,-0.04542848840355873,0.5873985290527344,0.4081628620624542,-0.07576621323823929,0.5646801590919495,0.46485602855682373,-0.08626572787761688,0.5531334280967712,0.46503719687461853,-0.09253919124603271,0.5126456022262573,0.3359662890434265,-0.06097281724214554,0.5254941582679749,0.4432225823402405,-0.08551997691392899,0.5150368809700012,0.48310843110084534,-0.08038275688886642,0.5112914443016052,0.464796245098114,-0.07538453489542007,0.4640836715698242,0.3632943630218506,-0.07877969741821289,0.474616676568985,0.45473459362983704,-0.0897577777504921,0.4769127368927002,0.48011520504951477,-0.0810374990105629,0.47984203696250916,0.4614236354827881,-0.0739210918545723
0.4764007329940796,0.44814491271972656,1.633230795050622e-07,0.5222097039222717,0.4567422866821289,-0.01774858497083187,0.5541642904281616,0.4662385582923889,-0.0415300577878952,0.560928463935852,0.4821223318576813,-0.0675603523850441,0.5559578537940979,0.4799167513847351,-0.09093719720840454,0.6023934483528137,0.3452301323413849,-0.030547205358743668,0.636680543422699,0.36839309334754944,-0.07335716485977173,0.625465452671051,0.4075907766819,-0.10003803670406342,0.6042430400848389,0.43744736909866333,-0.11355210840702057,0.557266116142273,0.31278419494628906,-0.04141073301434517,0.5761143565177917,0.35253819823265076,-0.07621048390865326,0.5662183165550232,0.4105263352394104,-0.08674158155918121,0.5567800998687744,0.43137025833129883,-0.0891965925693512,0.5052503347396851,0.31380194425582886,-0.056316472589969635,0.516412615776062,0.4098719358444214,-0.08497602492570877,0.5150886178016663,0.4578849673271179,-0.07876194268465042,0.5127304792404175,0.4549902379512787,-0.06962310522794724,0.45567166805267334,0.3402518928050995,-0.07374192774295807,0.46905428171157837,0.4265226125717163,-0.08769313991069794,0.4769238233566284,0.46017202734947205,-0.07799020409584045,0.4827004075050354,0.4523465931415558,-0.06757181882858276
0.45376551151275635,0.4153004586696625,-8.902088666218333e-08,0.4969899654388428,0.41837233304977417,-0.017074156552553177,0.5370732545852661,0.41547608375549316,-0.03508856147527695,0.5557893514633179,0.4212522506713867,-0.055380936712026596,0.5544589757919312,0.42605701088905334,-0.07513248175382614,0.5663353800773621,0.30297690629959106,-0.027008483186364174,0.5872573256492615,0.3220141530036926,-0.061748914420604706,0.5730753540992737,0.39049798250198364,-0.08445018529891968,0.559467077255249,0.4379996359348297,-0.0955328419804573,0.5230470299720764,0.2832750976085663,-0.034531354904174805,0.5293788909912109,0.3676482141017914,-0.06647252291440964,0.5118443965911865,0.43780046701431274,-0.07801885902881622,0.4986867308616638,0.46303272247314453,-0.08209541440010071,0.47425392270088196,0.28729721903800964,-0.04527980834245682,0.4790995121002197,0.3696432411670685,-0.07222454994916916,0.46946293115615845,0.4221245050430298,-0.06882759928703308,0.4603028893470764,0.43801236152648926,-0.062064506113529205,0.4284631609916687,0.3070168197154999,-0.057823214679956436,0.43535545468330383,0.36721694469451904,-0.06921650469303131,0.4370124638080597,0.4086057245731354,-0.05872373655438423,0.4372411072254181,0.42497366666793823,-0.047815434634685516
0.4318910241127014,0.45836135745048523,-2.5779266366043885e-07,0.4950312077999115,0.4710557460784912,-0.020554328337311745,0.5407793521881104,0.48088088631629944,-0.04601798951625824,0.5502256155014038,0.4938364028930664,-0.07290799170732498,0.5314894914627075,0.4917546212673187,-0.09834489971399307,0.5601084232330322,0.3199962079524994,-0.03803211450576782,0.5906826257705688,0.37786412239074707,-0.08056651800870895,0.5859880447387695,0.43065938353538513,-0.11072155833244324,0.5756673812866211,0.4667849540710449,-0.12858545780181885,0.5092915296554565,0.2956763505935669,-0.048805758357048035,0.5263408422470093,0.40610000491142273,-0.08416897803544998,0.5265272855758667,0.48892033100128174,-0.09584207832813263,0.5275564789772034,0.5318313837051392,-0.10113034397363663,0.4542049169540405,0.3070814907550812,-0.06304354220628738,0.4702470898628235,0.4350617527961731,-0.08804447203874588,0.4733084440231323,0.4857959747314453,-0.08095148205757141,0.47554075717926025,0.4918554425239563,-0.07433674484491348,0.4053586423397064,0.33658918738365173,-0.08097085356712341,0.41837769746780396,0.4455803334712982,-0.09347308427095413,0.42903685569763184,0.48351767659187317,-0.08462825417518616,0.4383447468280792,0.48047491908073425,-0.07645171135663986
0.44975706934928894,0.4480128288269043,9.370565123845154e-08,0.4963024854660034,0.44172751903533936,-0.014282616786658764,0.5329692363739014,0.4308571219444275,-0.03382478654384613,0.5557352900505066,0.43976184725761414,-0.055006276816129684,0.5744808912277222,0.44722801446914673,-0.07552853971719742,0.5511870980262756,0.31702253222465515,-0.03340885043144226,0.5827217698097229,0.3547952175140381,-0.07093100249767303,0.5907622575759888,0.3975677490234375,-0.09836042672395706,0.591187059879303,0.43139708042144775,-0.11498940736055374,0.5060065388679504,0.29909080266952515,-0.0454479344189167,0.5267804265022278,0.40491634607315063,-0.08628004789352417,0.5292112231254578,0.4941200911998749,-0.09904666990041733,0.5291492938995361,0.5465614795684814,-0.1021137461066246,0.45530834794044495,0.31322991847991943,-0.06011446565389633,0.4733865559101105,0.42923980951309204,-0.08835768699645996,0.46959343552589417,0.46549761295318604,-0.0818750411272049,0.46242842078208923,0.4667125344276428,-0.0742168202996254,0.40653759241104126,0.34648895263671875,-0.0776233971118927,0.42421433329582214,0.4417029917240143,-0.09350944310426712,0.43252408504486084,0.4779629707336426,-0.08514565974473953,0.4354543089866638,0.4852345287799835,-0.07599232345819473
0.4295770525932312,0.483945369720459,-2.0771226161286904e-07,0.4765399396419525,0.5036926865577698,-0.028285251930356026,0.5229785442352295,0.5236427783966064,-0.05656567960977554,0.5383951663970947,0.5398770570755005,-0.08472012728452682,0.5205010771751404,0.5434104204177856,-0.11004486680030823,0.5670807361602783,0.3670101463794708,-0.042476776987314224,0.6033176779747009,0.43138784170150757,-0.09243687987327576,0.5884469151496887,0.4893569350242615,-0.12535832822322845,0.570129930973053,0.5241398811340332,-0.14318104088306427,0.5188453793525696,0.3419084846973419,-0.05063178762793541,0.5398291349411011,0.44509387016296387,-0.09016115963459015,0.5200114250183105,0.506039559841156,-0.10316810756921768,0.5057452321052551,0.5178371071815491,-0.10806344449520111,0.4626811146736145,0.354349285364151,-0.0636669248342514,0.4747876524925232,0.48591408133506775,-0.09275228530168533,0.4655856788158417,0.5216900706291199,-0.08635851740837097,0.46136119961738586,0.5073394179344177,-0.0781644657254219,0.40957242250442505,0.3858201205730438,-0.08070707321166992,0.4231191575527191,0.4870612621307373,-0.09577206522226334,0.4249967038631439,0.5133689641952515,-0.08635643869638443,0.42689478397369385,0.49990594387054443,-0.0759480819106102
0.4433286786079407,0.48538830876350403,1.4914769508322934e-07,0.49578413367271423,0.49009618163108826,-0.017867231741547585,0.5382991433143616,0.48675400018692017,-0.04264959320425987,0.5416198372840881,0.4918455481529236,-0.06843484193086624,0.5195508599281311,0.4874207377433777,-0.09156270325183868,0.5534161925315857,0.3364366590976715,-0.03623760864138603,0.5979701280593872,0.377527117729187,-0.07444874942302704,0.5828925967216492,0.439362108707428,-0.09777382016181946,0.5624861717224121,0.460999071598053,-0.11160098761320114,0.503562331199646,0.3124333620071411,-0.046740319579839706,0.5445849895477295,0.37847623229026794,-0.07718809694051743,0.5340079665184021,0.4460013210773468,-0.08522705733776093,0.5247529745101929,0.45570245385169983,-0.08946689963340759,0.4530537724494934,0.32390832901000977,-0.06015108525753021,0.48675256967544556,0.4300026297569275,-0.08258803933858871,0.48301541805267334,0.47568753361701965,-0.07262208312749863,0.4778987765312195,0.46135786175727844,-0.06521467119455338,0.40856772661209106,0.35824131965637207,-0.07613543421030045,0.43518322706222534,0.45176491141319275,-0.08687113970518112,0.4431346654891968,0.48104622960090637,-0.07634516060352325,0.44446703791618347,0.4652455747127533,-0.06793826818466187
0.4399558901786804,0.48103129863739014,-1.1016852852208103e-07,0.4877338707447052,0.4836597740650177,-0.0194434504956007,0.5262914299964905,0.48865199089050293,-0.046303410083055496,0.533134400844574,0.5125707983970642,-0.07444018870592117,0.5151761770248413,0.5400358438491821,-0.09975319355726242,0.556891918182373,0.33538925647735596,-0.03544196859002113,0.5968027114868164,0.3849731981754303,-0.07911019027233124,0.5741924047470093,0.45440661907196045,-0.10527941584587097,0.5524302124977112,0.49558430910110474,-0.11946555972099304,0.5051482319831848,0.31331390142440796,-0.0470101460814476,0.5351212620735168,0.38174939155578613,-0.08413431793451309,0.5194319486618042,0.46340104937553406,-0.09166869521141052,0.5095078945159912,0.4965115189552307,-0.09210621565580368,0.44913339614868164,0.32599663734436035,-0.06274358183145523,0.47530609369277954,0.4333430826663971,-0.08923807740211487,0.46920046210289,0.4867452383041382,-0.08110444992780685,0.4622516930103302,0.4885735809803009,-0.07217556983232498,0.4016802906990051,0.3599902391433716,-0.08138612657785416,0.42449894547462463,0.44922760128974915,-0.09093222767114639,0.4283730983734131,0.48391127586364746,-0.0801909789443016,0.42976468801498413,0.47584280371665955,-0.07089754194021225
0.4183121919631958,0.4875359535217285,-2.2316521608445328e-07,0.4725506901741028,0.5022298693656921,-0.024265361949801445,0.5124278664588928,0.5229840278625488,-0.054836101830005646,0.5241305828094482,0.5624216198921204,-0.08602117747068405,0.5139971375465393,0.6073973178863525,-0.11461066454648972,0.5578625798225403,0.3620668053627014,-0.04243563115596771,0.5920624732971191,0.4488953649997711,-0.08801144361495972,0.5675573945045471,0.5050621032714844,-0.11691233515739441,0.5483868718147278,0.5235745906829834,-0.13522771000862122,0.5069288611412048,0.34443116188049316,-0.05467638745903969,0.5306459069252014,0.4634670317173004,-0.09292556345462799,0.5091561079025269,0.5357089042663574,-0.10145514458417892,0.5001208782196045,0.5507980585098267,-0.10528243333101273,0.44962531328201294,0.36266282200813293,-0.0712657943367958,0.4714494049549103,0.5000312328338623,-0.10107181966304779,0.4600829482078552,0.5385565161705017,-0.09271293878555298,0.4525662362575531,0.5229789018630981,-0.08463678508996964,0.3980292081832886,0.3990612030029297,-0.09147059172391891,0.4170914888381958,0.5044465065002441,-0.1066608652472496,0.42052820324897766,0.5305161476135254,-0.09781371802091599,0.4227713346481323,0.5132538676261902,-0.08965951204299927
0.3797646760940552,0.5029582381248474,-3.575069627004268e-07,0.45754504203796387,0.5327930450439453,-0.023925835266709328,0.5106105804443359,0.5640323162078857,-0.05789470672607422,0.5259706377983093,0.6056115627288818,-0.09446734935045242,0.5101456046104431,0.6531844139099121,-0.12854668498039246,0.5550232529640198,0.38545578718185425,-0.046610571444034576,0.5933253765106201,0.4908737540245056,-0.09353084862232208,0.5581435561180115,0.5610795617103577,-0.12189044803380966,0.5338552594184875,0.5735923647880554,-0.1405397355556488,0.502009391784668,0.3652552366256714,-0.06191270798444748,0.5388334393501282,0.49262547492980957,-0.10226587951183319,0.5086343884468079,0.5678385496139526,-0.11243467777967453,0.4951009452342987,0.5771491527557373,-0.11881140619516373,0.44457897543907166,0.3771297037601471,-0.0808403417468071,0.4767357110977173,0.5164037942886353,-0.11238446831703186,0.45809000730514526,0.5680971145629883,-0.1073019802570343,0.4468750059604645,0.5525859594345093,-0.10228099673986435,0.39292097091674805,0.406363308429718,-0.10323315113782883,0.4172098636627197,0.5166982412338257,-0.1149405986070633,0.4139636158943176,0.5469955801963806,-0.1061350479722023,0.41132017970085144,0.5259034633636475,-0.10045652836561203
0.40510061383247375,0.49783140420913696,-1.1822413625850459e-07,0.46118173003196716,0.5218731760978699,-0.02506977692246437,0.5003706812858582,0.5522632002830505,-0.05710859224200249,0.5101506114006042,0.5969589948654175,-0.08968431502580643,0.504814624786377,0.6466480493545532,-0.11981519311666489,0.5526275038719177,0.3916444182395935,-0.04625748470425606,0.5913514494895935,0.500748336315155,-0.08981956541538239,0.5586785078048706,0.5567189455032349,-0.11628139019012451,0.5372357964515686,0.5679023861885071,-0.13335499167442322,0.5024945139884949,0.3736787736415863,-0.057672180235385895,0.5374429821968079,0.5040371417999268,-0.09352655708789825,0.5050918459892273,0.5613622069358826,-0.1009773463010788,0.4915556311607361,0.561711847782135,-0.10562725365161896,0.4463283121585846,0.39047545194625854,-0.07284165918827057,0.4739949703216553,0.5311428904533386,-0.10075801610946655,0.4580148756504059,0.5664845705032349,-0.09340550750494003,0.4501028060913086,0.5479668378829956,-0.08716505765914917,0.3944115936756134,0.424250066280365,-0.0912962332367897,0.4146062731742859,0.5334829092025757,-0.10276320576667786,0.41380560398101807,0.553817868232727,-0.09403448551893234,0.4144943356513977,0.5321510434150696,-0.08773081749677658
0.4171862006187439,0.49483489990234375,2.1049478959866974e-07,0.46699249744415283,0.5105072259902954,-0.013630463741719723,0.509073793888092,0.5205473899841309,-0.03470192104578018,0.5233961343765259,0.5348790884017944,-0.058020997792482376,0.5181916356086731,0.5365759134292603,-0.0802617222070694,0.5372205972671509,0.3671466112136841,-0.03356840834021568,0.5828454494476318,0.4069032073020935,-0.06732045859098434,0.5723757743835449,0.47387248277664185,-0.0860135480761528,0.5568426251411438,0.5075790286064148,-0.09539137780666351,0.49468693137168884,0.34563398361206055,-0.04600951820611954,0.5369032621383667,0.40328168869018555,-0.07172834873199463,0.5296271443367004,0.47747018933296204,-0.0783277302980423,0.5194236636161804,0.5057163834571838,-0.08190470188856125,0.44462090730667114,0.35327407717704773,-0.06089785322546959,0.4821451008319855,0.42717352509498596,-0.0869288295507431,0.4766973555088043,0.49381375312805176,-0.08339246362447739,0.46591219305992126,0.511742353439331,-0.07812350243330002,0.3961572051048279,0.38297200202941895,-0.07679791748523712,0.42515408992767334,0.4525752365589142,-0.09001429378986359,0.4331199824810028,0.5019927024841309,-0.0819191113114357,0.4328168034553528,0.5180754065513611,-0.07432867586612701
0.41023460030555725,0.4800148010253906,8.778603444170585e-08,0.4534805417060852,0.498896062374115,-0.01942438632249832,0.49893075227737427,0.5055996179580688,-0.042131707072257996,0.5205617547035217,0.5032802224159241,-0.06614439934492111,0.5137662887573242,0.4820709824562073,-0.0872156023979187,0.5336219072341919,0.3549707233905792,-0.032452620565891266,0.5864827632904053,0.35731494426727295,-0.07378584146499634,0.5763057470321655,0.41843435168266296,-0.09587748348712921,0.5538739562034607,0.45570698380470276,-0.10455981642007828,0.4923401474952698,0.3290649354457855,-0.04268752038478851,0.5401707291603088,0.33961790800094604,-0.07836800813674927,0.534233570098877,0.4180523157119751,-0.08796079456806183,0.520054042339325,0.4513641595840454,-0.0888252705335617,0.44347065687179565,0.33291444182395935,-0.05682586506009102,0.4839164912700653,0.3659987151622772,-0.09199801832437515,0.4820617437362671,0.44175222516059875,-0.08914559334516525,0.47120174765586853,0.46852096915245056,-0.08049504458904266,0.3957999050617218,0.3614731431007385,-0.0722728967666626,0.4291262626647949,0.4086267650127411,-0.09460373967885971,0.43880125880241394,0.46659672260284424,-0.08916257321834564,0.43704214692115784,0.4892880320549011,-0.08044334501028061
0.40789180994033813,0.4843119978904724,5.657539503545195e-08,0.44789788126945496,0.5050250887870789,-0.027051039040088654,0.49491429328918457,0.5098052024841309,-0.05321531742811203,0.5148578882217407,0.49370497465133667,-0.07913395762443542,0.5135050415992737,0.45328807830810547,-0.1011732816696167,0.5310786962509155,0.35467803478240967,-0.041763272136449814,0.5815443992614746,0.3354933261871338,-0.08521173149347305,0.5738804340362549,0.39320477843284607,-0.1062217727303505,0.5507486462593079,0.42797988653182983,-0.1135953739285469,0.4879818558692932,0.3254409432411194,-0.04886814206838608,0.5365039110183716,0.304408997297287,-0.08991897106170654,0.5279237627983093,0.3867627680301666,-0.09983132779598236,0.5115272998809814,0.4192511737346649,-0.09866634011268616,0.44030624628067017,0.32461243867874146,-0.059958815574645996,0.4805801808834076,0.33544009923934937,-0.0992644652724266,0.4764208495616913,0.41618454456329346,-0.09374118596315384,0.46294164657592773,0.4407595694065094,-0.08195781707763672,0.3927096426486969,0.34796595573425293,-0.07293195277452469,0.42774033546447754,0.3846381604671478,-0.09845377504825592,0.4329288601875305,0.44163835048675537,-0.0919095054268837,0.4255250096321106,0.45679932832717896,-0.08151336759328842
0.399227499961853,0.5008779168128967,-1.7391347739703633e-07,0.4501262605190277,0.5269337892532349,-0.03290138021111488,0.49235615134239197,0.5538616180419922,-0.06614109128713608,0.49890491366386414,0.5903612375259399,-0.09873800724744797,0.48061060905456543,0.6221425533294678,-0.12948577105998993,0.5385785102844238,0.39553752541542053,-0.05357182025909424,0.565213680267334,0.486652672290802,-0.09835201501846313,0.5424249172210693,0.5313552618026733,-0.128257617354393,0.5264850854873657,0.5353338718414307,-0.14813277125358582,0.483615517616272,0.3787151873111725,-0.06299550086259842,0.5055259466171265,0.4956206679344177,-0.09882687032222748,0.47894087433815,0.5409038662910461,-0.11037226766347885,0.46497172117233276,0.5325071215629578,-0.1188349649310112,0.42476481199264526,0.39678531885147095,-0.07645498216152191,0.444120317697525,0.5301707983016968,-0.10487072914838791,0.43098515272140503,0.5594871640205383,-0.09871810674667358,0.4253980815410614,0.5345526933670044,-0.09393944591283798,0.3711262345314026,0.43067270517349243,-0.094315305352211,0.38898777961730957,0.5350738167762756,-0.10889992117881775,0.385196328163147,0.5565020442008972,-0.10009073466062546,0.38341236114501953,0.5364170670509338,-0.09327965974807739
0.37652552127838135,0.5265499353408813,-1.2031630092224077e-07,0.43410393595695496,0.5573091506958008,-0.027078727260231972,0.474903404712677,0.5888283252716064,-0.05735979974269867,0.4788495600223541,0.6238137483596802,-0.08769804984331131,0.4602236747741699,0.65193772315979,-0.11590098589658737,0.5314189791679382,0.42845016717910767,-0.04634808376431465,0.5611323714256287,0.5472047924995422,-0.08834027498960495,0.5255873799324036,0.5959348082542419,-0.11574534326791763,0.503771185874939,0.5924826860427856,-0.13397441804409027,0.47996821999549866,0.4098798334598541,-0.05622801184654236,0.5076001286506653,0.5484957098960876,-0.08903229981660843,0.47395482659339905,0.5874873995780945,-0.09853613376617432,0.45935094356536865,0.5716191530227661,-0.10612350702285767,0.42145413160324097,0.42481306195259094,-0.06973563879728317,0.4424857497215271,0.5666263699531555,-0.09562581777572632,0.4276091158390045,0.5876061916351318,-0.09042226523160934,0.42228877544403076,0.5585448741912842,-0.08633525669574738,0.36647963523864746,0.4537765085697174,-0.0868464857339859,0.3855159878730774,0.565653383731842,-0.09845749288797379,0.3865932524204254,0.5769976377487183,-0.09124584496021271,0.3877095580101013,0.5519436001777649,-0.08605825901031494
0.39003604650497437,0.5122036337852478,2.6814680609277275e-07,0.44819802045822144,0.5256354212760925,-0.019369306042790413,0.49022015929222107,0.5264220833778381,-0.0412757508456707,0.5062595009803772,0.5228397846221924,-0.06345979869365692,0.5003777146339417,0.5029901266098022,-0.08287257701158524,0.5136773586273193,0.3673416078090668,-0.03787953034043312,0.5631127953529358,0.39344289898872375,-0.06886830180883408,0.5590454339981079,0.4543040096759796,-0.08522284775972366,0.538236677646637,0.47963058948516846,-0.09210986644029617,0.4677281975746155,0.3478914499282837,-0.0432870015501976,0.5007761716842651,0.3964983820915222,-0.06653360277414322,0.4930579364299774,0.4633016288280487,-0.07134366035461426,0.4778233766555786,0.4737658202648163,-0.07332853972911835,0.42028144001960754,0.3618558645248413,-0.050860557705163956,0.4526660740375519,0.42883411049842834,-0.07317128032445908,0.45353221893310547,0.48240262269973755,-0.06612884998321533,0.44182732701301575,0.48139190673828125,-0.05885806679725647,0.37770795822143555,0.3938318192958832,-0.06005444377660751,0.41133418679237366,0.4586930274963379,-0.07327213883399963,0.4202482998371124,0.4977482259273529,-0.06420502811670303,0.4135865569114685,0.4974537193775177,-0.05482415482401848
0.3979814648628235,0.49887970089912415,-4.432336453419339e-08,0.43701446056365967,0.5168015956878662,-0.026316452771425247,0.47960615158081055,0.5176066160202026,-0.05148346349596977,0.4977281093597412,0.5040442943572998,-0.07613483816385269,0.5117698907852173,0.4762035608291626,-0.09644012898206711,0.5206552147865295,0.36395463347435,-0.0364530049264431,0.5705781579017639,0.3669944405555725,-0.07874561101198196,0.5568882822990417,0.4380960464477539,-0.10079849511384964,0.5326768755912781,0.4730226397514343,-0.10955054312944412,0.47638389468193054,0.33576348423957825,-0.04214181378483772,0.5247682332992554,0.34367233514785767,-0.07950157672166824,0.515038251876831,0.4305803179740906,-0.08817701041698456,0.4977458417415619,0.45844101905822754,-0.08743559569120407,0.4281480312347412,0.3401539921760559,-0.05227472260594368,0.4703042805194855,0.36575114727020264,-0.08953986316919327,0.4696926474571228,0.4460550844669342,-0.08389037847518921,0.4567456543445587,0.4675287902355194,-0.0724589079618454,0.3818437457084656,0.3675857484340668,-0.06405625492334366,0.4195217490196228,0.40504640340805054,-0.0878010243177414,0.428171843290329,0.46282434463500977,-0.08087774366140366,0.42260611057281494,0.48030170798301697,-0.07024893909692764
0.4033234119415283,0.49592384696006775,-1.6925103096809835e-08,0.4395223557949066,0.5155272483825684,-0.03167485445737839,0.4874720275402069,0.5101603269577026,-0.05710307136178017,0.5083783864974976,0.4862106740474701,-0.080869659781456,0.5228738188743591,0.44786468148231506,-0.09985242038965225,0.5266180038452148,0.3605741560459137,-0.039432842284440994,0.5705641508102417,0.3306903839111328,-0.08231856673955917,0.5615990161895752,0.3931582272052765,-0.10228829830884933,0.537456214427948,0.4304088056087494,-0.10770720988512039,0.4845028221607208,0.33195817470550537,-0.04209914058446884,0.5262471437454224,0.29229071736335754,-0.08152226358652115,0.5208322405815125,0.37652549147605896,-0.09053048491477966,0.506307065486908,0.4124848544597626,-0.08809442073106766,0.4377441704273224,0.3283563554286957,-0.04963564872741699,0.47394970059394836,0.3201604187488556,-0.09192444384098053,0.4757475256919861,0.40584254264831543,-0.08779949694871902,0.4659600853919983,0.43870240449905396,-0.0750710517168045,0.38872814178466797,0.34640002250671387,-0.0586903840303421,0.4243582487106323,0.349149614572525,-0.08766504377126694,0.43590688705444336,0.4122864603996277,-0.08129063248634338,0.4334946870803833,0.4420962631702423,-0.06950756907463074
0.3936094045639038,0.49696603417396545,-8.63849507481973e-08,0.4357883930206299,0.5133888721466064,-0.02959606423974037,0.48793378472328186,0.5040919780731201,-0.053541284054517746,0.509389340877533,0.47680163383483887,-0.07595758885145187,0.5240271091461182,0.4369853734970093,-0.09367112070322037,0.5212981104850769,0.3585258424282074,-0.04004765674471855,0.5697160363197327,0.32344141602516174,-0.08028493821620941,0.561076819896698,0.3874717354774475,-0.09789585322141647,0.5376288890838623,0.42095133662223816,-0.10276185721158981,0.4810267388820648,0.3328019082546234,-0.04365846887230873,0.5283553004264832,0.2819767892360687,-0.08273817598819733,0.5235878229141235,0.3669242262840271,-0.09129947423934937,0.5071662068367004,0.40361812710762024,-0.0887385830283165,0.4353845417499542,0.3305433690547943,-0.051237162202596664,0.4761401414871216,0.31259962916374207,-0.09257984906435013,0.4782490134239197,0.4003060758113861,-0.08700878918170929,0.46671098470687866,0.43366768956184387,-0.07341775298118591,0.38703203201293945,0.3472048342227936,-0.060075901448726654,0.426270991563797,0.34598252177238464,-0.08795613795518875,0.4382755160331726,0.40789473056793213,-0.08042698353528976,0.433303564786911,0.435322105884552,-0.06817977875471115
0.40145519375801086,0.49909156560897827,-9.44530356150608e-08,0.45563703775405884,0.5106732249259949,-0.01669711247086525,0.5031245350837708,0.49341851472854614,-0.037208352237939835,0.5322028994560242,0.4713948369026184,-0.05901310220360756,0.5646442770957947,0.44719958305358887,-0.0769956111907959,0.5183169841766357,0.34192195534706116,-0.0322912372648716,0.5769110918045044,0.3258746862411499,-0.06717637926340103,0.5787302255630493,0.390078067779541,-0.08378703892230988,0.5602467656135559,0.4160632789134979,-0.09048520028591156,0.4819759130477905,0.32169830799102783,-0.042064934968948364,0.551047146320343,0.30756676197052,-0.07264311611652374,0.552845299243927,0.3897234797477722,-0.07820838689804077,0.5338467359542847,0.4171915650367737,-0.07727952301502228,0.444200724363327,0.3287869393825531,-0.054539721459150314,0.5066990852355957,0.3384791910648346,-0.08653835952281952,0.5105730891227722,0.41756585240364075,-0.07845398783683777,0.49197089672088623,0.4389117956161499,-0.0669788345694542,0.40719109773635864,0.35512876510620117,-0.06795404851436615,0.4626431465148926,0.37567782402038574,-0.0893043503165245,0.4701632261276245,0.4296802878379822,-0.0799022689461708,0.4539714753627777,0.4465303421020508,-0.06869139522314072
0.40960758924484253,0.5005273222923279,-1.672887037784676e-07,0.4695385992527008,0.5117550492286682,-0.01734061911702156,0.5175496935844421,0.4912607669830322,-0.03826402127742767,0.5477407574653625,0.47170963883399963,-0.06019148603081703,0.5822042226791382,0.4589879810810089,-0.0775480568408966,0.5192403793334961,0.3336728513240814,-0.033220916986465454,0.5879494547843933,0.3286857604980469,-0.06898397952318192,0.5851580500602722,0.40133893489837646,-0.08380420506000519,0.5650250315666199,0.42833781242370605,-0.08909843862056732,0.48693403601646423,0.32122164964675903,-0.042529694736003876,0.5648576021194458,0.3228833079338074,-0.0760796070098877,0.5610823035240173,0.40867239236831665,-0.07956506311893463,0.5406847596168518,0.4327954351902008,-0.07598922401666641,0.4545195400714874,0.33392390608787537,-0.05476399511098862,0.5263292789459229,0.35448378324508667,-0.08744319528341293,0.5241296291351318,0.4331818222999573,-0.07705746591091156,0.5043981671333313,0.45027121901512146,-0.06327828019857407,0.42443376779556274,0.3648969233036041,-0.06817787140607834,0.48429450392723083,0.38446930050849915,-0.08796300739049911,0.48705777525901794,0.43609610199928284,-0.07760293036699295,0.46992847323417664,0.45015770196914673,-0.06571727991104126
0.40622371435165405,0.49559688568115234,-1.9838185494336358e-07,0.4645102620124817,0.5082442760467529,-0.01521027646958828,0.5187604427337646,0.48993247747421265,-0.035335954278707504,0.5486122369766235,0.4704029858112335,-0.05646766722202301,0.5825439691543579,0.45609450340270996,-0.07250998169183731,0.5246503949165344,0.33981189131736755,-0.033538997173309326,0.5935795307159424,0.33766669034957886,-0.06617185473442078,0.5847851037979126,0.4134080410003662,-0.07633879035711288,0.564233660697937,0.43151164054870605,-0.08015350252389908,0.4888610541820526,0.3243632912635803,-0.04502400755882263,0.5732054114341736,0.3197849988937378,-0.07948143780231476,0.5651971101760864,0.4091281294822693,-0.0812373235821724,0.5441507697105408,0.4302844703197479,-0.07609078288078308,0.4551841914653778,0.3356153070926666,-0.058843813836574554,0.5317586064338684,0.35030531883239746,-0.09193882346153259,0.528266966342926,0.4337569773197174,-0.07916925847530365,0.506197988986969,0.4474569261074066,-0.06421393156051636,0.42526009678840637,0.36344075202941895,-0.07368329912424088,0.48753365874290466,0.3914251923561096,-0.09340040385723114,0.4889988601207733,0.44332194328308105,-0.08277248591184616,0.47020187973976135,0.448641300201416,-0.07146117091178894
0.4164983928203583,0.49048590660095215,-1.3659297337653697e-07,0.4735563099384308,0.504779040813446,-0.016707122325897217,0.5226794481277466,0.48797741532325745,-0.03830908611416817,0.5559770464897156,0.47019726037979126,-0.06109302118420601,0.5916662216186523,0.45528218150138855,-0.07924799621105194,0.5305712223052979,0.33611494302749634,-0.033086009323596954,0.5949559211730957,0.3244454264640808,-0.06693907827138901,0.5937380194664001,0.39642733335494995,-0.08025358617305756,0.5746538639068604,0.4217483103275299,-0.08490137755870819,0.49930983781814575,0.32228827476501465,-0.04279472678899765,0.5767933130264282,0.3196420669555664,-0.07340157777070999,0.5729748606681824,0.4071783721446991,-0.07611086219549179,0.552330493927002,0.42781540751457214,-0.07301664352416992,0.4671056270599365,0.3329464793205261,-0.055203039199113846,0.5375884175300598,0.3494139015674591,-0.08653009682893753,0.5349988341331482,0.4300968647003174,-0.07515396177768707,0.5139275789260864,0.4452444911003113,-0.061567191034555435,0.43555405735969543,0.36161667108535767,-0.06869524717330933,0.49541348218917847,0.3824673295021057,-0.08823947608470917,0.49855709075927734,0.43452519178390503,-0.07732599973678589,0.4800054132938385,0.44564157724380493,-0.06554798781871796
0.4121933579444885,0.48007461428642273,-1.372655873410622e-07,0.4712767004966736,0.4994630515575409,-0.016234776005148888,0.5241769552230835,0.4885614812374115,-0.03700031712651253,0.5558953285217285,0.4706304371356964,-0.05877434462308884,0.5904724597930908,0.45359277725219727,-0.07576338946819305,0.5378419756889343,0.3399880528450012,-0.03313292935490608,0.60382080078125,0.3314249515533447,-0.06654783338308334,0.5998872518539429,0.4038598835468292,-0.07899528741836548,0.5793540477752686,0.42828673124313354,-0.08321016281843185,0.504639208316803,0.3207186460494995,-0.04309516027569771,0.5853032469749451,0.313049852848053,-0.07446237653493881,0.5805262327194214,0.398906946182251,-0.0771297886967659,0.5592182278633118,0.42289870977401733,-0.07331939041614532,0.47167423367500305,0.32885098457336426,-0.05560541898012161,0.5437243580818176,0.3479582667350769,-0.08703005313873291,0.540182888507843,0.42960214614868164,-0.07575445622205734,0.5185867547988892,0.4457973539829254,-0.06194184720516205,0.44095081090927124,0.3547751307487488,-0.0691869705915451,0.49995824694633484,0.3851187527179718,-0.08860809355974197,0.5015325546264648,0.43712925910949707,-0.07841750234365463,0.48382532596588135,0.44541969895362854,-0.06718852370977402
0.4153726100921631,0.4830676317214966,-1.3728180192629225e-07,0.4737258851528168,0.5015174150466919,-0.015284704975783825,0.5259323716163635,0.48701348900794983,-0.03501281142234802,0.5578641295433044,0.4672461450099945,-0.05570654943585396,0.5940330624580383,0.4499727189540863,-0.07155045866966248,0.5394231677055359,0.336414635181427,-0.032128605991601944,0.6050403118133545,0.3292241096496582,-0.06512321531772614,0.5992481708526611,0.4022308886051178,-0.07787057757377625,0.5789319276809692,0.42466849088668823,-0.08240548521280289,0.5075346827507019,0.31930530071258545,-0.04261136054992676,0.5856271982192993,0.3120303153991699,-0.07351984828710556,0.5783681273460388,0.3976653218269348,-0.07679793983697891,0.5569485425949097,0.41938066482543945,-0.07370634377002716,0.47461989521980286,0.32766956090927124,-0.0555012971162796,0.5450989007949829,0.3458956480026245,-0.08718419820070267,0.5391649603843689,0.42755571007728577,-0.07601851224899292,0.5189192891120911,0.44216132164001465,-0.06230535730719566,0.4426528215408325,0.35432344675064087,-0.0692264512181282,0.5006716847419739,0.38080376386642456,-0.08902586251497269,0.5015570521354675,0.43376630544662476,-0.07805543392896652,0.48445925116539,0.4432547688484192,-0.06621859967708588
0.4203357696533203,0.4852379560470581,-1.3741015436607995e-07,0.478132963180542,0.4996192455291748,-0.015753408893942833,0.5292767286300659,0.4846023619174957,-0.03615079075098038,0.5597767233848572,0.46411916613578796,-0.057416751980781555,0.5954247117042542,0.44801175594329834,-0.07381315529346466,0.5428486466407776,0.33404654264450073,-0.03327726572751999,0.6073735356330872,0.32772186398506165,-0.06618602573871613,0.599748432636261,0.3996153473854065,-0.07841967791318893,0.5794060826301575,0.4199703633785248,-0.08298548310995102,0.5095319747924805,0.31694647669792175,-0.04396991804242134,0.5869954228401184,0.309581458568573,-0.07585172355175018,0.5788587927818298,0.3951471149921417,-0.07916661351919174,0.5575472116470337,0.41555067896842957,-0.07595968246459961,0.47559526562690735,0.32560789585113525,-0.05697204917669296,0.5457522869110107,0.34239697456359863,-0.08962589502334595,0.5399218201637268,0.4249327480792999,-0.07805506885051727,0.519584596157074,0.438800573348999,-0.06391660124063492,0.4429716467857361,0.3520924746990204,-0.07079942524433136,0.5014312863349915,0.37732750177383423,-0.09117400646209717,0.5024033784866333,0.4309513568878174,-0.07984349876642227,0.4851354956626892,0.4400332570075989,-0.06762995570898056
0.4214555025100708,0.4840705990791321,-1.330656260734031e-07,0.4771007299423218,0.4985400438308716,-0.017168520018458366,0.5289912819862366,0.4847942292690277,-0.038246747106313705,0.5605853796005249,0.4641626477241516,-0.06006627157330513,0.5961174964904785,0.44622495770454407,-0.07700584083795547,0.543128490447998,0.33355283737182617,-0.03293561562895775,0.6091547608375549,0.32586315274238586,-0.067013680934906,0.6038018465042114,0.3967586159706116,-0.08032497018575668,0.5820030570030212,0.420229434967041,-0.0848943293094635,0.5099111795425415,0.315099835395813,-0.042841583490371704,0.5885328650474548,0.3092309236526489,-0.07432124763727188,0.5826197862625122,0.393954873085022,-0.07783205807209015,0.5610419511795044,0.4146133065223694,-0.07471021264791489,0.47620198130607605,0.3233341574668884,-0.055437494069337845,0.5470439791679382,0.33995839953422546,-0.08792978525161743,0.5422443747520447,0.4214590787887573,-0.07668646425008774,0.5215393304824829,0.435430109500885,-0.06270753592252731,0.44333937764167786,0.34990963339805603,-0.06902278959751129,0.5024320483207703,0.37492838501930237,-0.0895405262708664,0.5031912922859192,0.42811667919158936,-0.0783299058675766,0.48512667417526245,0.4372311234474182,-0.06596149504184723
0.42085960507392883,0.4806416630744934,-1.3821772881783545e-07,0.4774767756462097,0.49640390276908875,-0.016449423506855965,0.5306709408760071,0.4832437038421631,-0.03676176071166992,0.5606551766395569,0.46158167719841003,-0.05790150165557861,0.5964032411575317,0.4460182785987854,-0.07420354336500168,0.5457946062088013,0.3346262574195862,-0.032301582396030426,0.6128532886505127,0.32761675119400024,-0.06629439443349838,0.6060075759887695,0.39699438214302063,-0.07890798151493073,0.5836045742034912,0.4200352430343628,-0.08305725455284119,0.5125647187232971,0.3144313097000122,-0.042599719017744064,0.5925938487052917,0.30507194995880127,-0.07557496428489685,0.5849539041519165,0.3898312449455261,-0.07918073236942291,0.5627380609512329,0.4134276807308197,-0.07522685080766678,0.4784427583217621,0.3211291432380676,-0.055469684302806854,0.5483993887901306,0.3391396403312683,-0.08917523920536041,0.5425702333450317,0.42148613929748535,-0.0784749686717987,0.5218376517295837,0.43712157011032104,-0.06412539631128311,0.44518283009529114,0.346129834651947,-0.06920291483402252,0.502490222454071,0.3743574321269989,-0.09024477750062943,0.503571629524231,0.42748141288757324,-0.07964815199375153,0.48701998591423035,0.4358817934989929,-0.06746542453765869
0.4215761423110962,0.4742104113101959,-1.5143797327255015e-07,0.4806134104728699,0.4933716654777527,-0.016935208812355995,0.5354260802268982,0.4845549762248993,-0.03844716399908066,0.5655379891395569,0.46766459941864014,-0.06085273623466492,0.5988919734954834,0.4520840644836426,-0.07839382439851761,0.5521682500839233,0.3301488161087036,-0.03544231504201889,0.618552029132843,0.33038264513015747,-0.06962818652391434,0.6065553426742554,0.4023820161819458,-0.08131472021341324,0.5837010741233826,0.4204862117767334,-0.08561553806066513,0.5174582004547119,0.30979007482528687,-0.04681013152003288,0.5991346836090088,0.30926278233528137,-0.08181843906641006,0.5868085026741028,0.3960235118865967,-0.08577409386634827,0.5637716054916382,0.4150603115558624,-0.08213704079389572,0.4814489483833313,0.3164926767349243,-0.06052985042333603,0.5525485277175903,0.3364047408103943,-0.09557727724313736,0.544715166091919,0.42032214999198914,-0.08485087752342224,0.5231111645698547,0.43291276693344116,-0.07075945287942886,0.44621381163597107,0.3414316773414612,-0.07512205094099045,0.5025877952575684,0.3733767569065094,-0.09716823697090149,0.5040701031684875,0.42733946442604065,-0.08720283955335617,0.48854830861091614,0.4335794448852539,-0.07569814473390579
0.42470496892929077,0.4754672944545746,-1.071893294124493e-07,0.4843437373638153,0.4914707541465759,-0.016538195312023163,0.5360170006752014,0.4810428023338318,-0.03791171684861183,0.5666273832321167,0.4673670530319214,-0.060376156121492386,0.599981427192688,0.45764899253845215,-0.07822096347808838,0.5520175695419312,0.3273398280143738,-0.03534555435180664,0.6196768283843994,0.33284080028533936,-0.0694708526134491,0.6090185642242432,0.4041491448879242,-0.08223844319581985,0.5881232619285583,0.42212700843811035,-0.08750112354755402,0.517231285572052,0.3078937530517578,-0.0469110831618309,0.5975385904312134,0.31095486879348755,-0.0817239060997963,0.5867688059806824,0.3957573175430298,-0.08657055348157883,0.5651140809059143,0.4149264693260193,-0.08396011590957642,0.4810329079627991,0.316369891166687,-0.06069973483681679,0.5509181618690491,0.33985763788223267,-0.09516897797584534,0.543559193611145,0.4226354956626892,-0.08470925688743591,0.5222281217575073,0.43490511178970337,-0.0710240826010704,0.44613945484161377,0.34224358201026917,-0.07544881105422974,0.5024845004081726,0.37492138147354126,-0.09721304476261139,0.5030739903450012,0.42801472544670105,-0.08694224059581757,0.48624375462532043,0.43416035175323486,-0.07529862225055695
0.42148101329803467,0.4742211103439331,-1.618639515754694e-07,0.4833385646343231,0.4924718141555786,-0.014980087988078594,0.5358518362045288,0.4819492995738983,-0.03549131006002426,0.5653531551361084,0.47039276361465454,-0.05756354331970215,0.5945199131965637,0.4645656645298004,-0.07523118704557419,0.5537924766540527,0.3279801607131958,-0.03228935971856117,0.6201953291893005,0.34116941690444946,-0.0660611167550087,0.6065697073936462,0.41364169120788574,-0.0796826034784317,0.5844000577926636,0.43154704570770264,-0.08602342754602432,0.5176717638969421,0.30817607045173645,-0.044752806425094604,0.5956808924674988,0.31894606351852417,-0.07960435003042221,0.5829182267189026,0.4056481719017029,-0.08466069400310516,0.5603342056274414,0.42658212780952454,-0.08231426030397415,0.47973567247390747,0.31760454177856445,-0.05954921618103981,0.5486663579940796,0.3415760397911072,-0.09297052025794983,0.5422495603561401,0.42453786730766296,-0.0826699435710907,0.5205526947975159,0.43932658433914185,-0.0694323405623436,0.4433324337005615,0.34520164132118225,-0.07541373372077942,0.49791330099105835,0.376857191324234,-0.09623513370752335,0.49941903352737427,0.42722198367118835,-0.08673392236232758,0.48330777883529663,0.43360650539398193,-0.07599296420812607
0.4017031788825989,0.45851826667785645,-2.890431289870321e-07,0.46723639965057373,0.49666810035705566,-0.026826849207282066,0.5156469941139221,0.5348496437072754,-0.05804602429270744,0.5358314514160156,0.5839039087295532,-0.0905221477150917,0.5279836058616638,0.6349072456359863,-0.12244367599487305,0.5561608672142029,0.3890746235847473,-0.04314962401986122,0.5872839093208313,0.5152422189712524,-0.08420143276453018,0.5561825037002563,0.5445464253425598,-0.1147947609424591,0.5381833910942078,0.5368077754974365,-0.1370621919631958,0.5096072554588318,0.3831201195716858,-0.05505630746483803,0.5441837906837463,0.5335342288017273,-0.09034941345453262,0.505355715751648,0.553816556930542,-0.10412591695785522,0.4861353039741516,0.5380476117134094,-0.11542031913995743,0.457734614610672,0.4010525643825531,-0.07035261392593384,0.4922320246696472,0.5453343391418457,-0.09728532284498215,0.4624723494052887,0.5484945178031921,-0.09391427785158157,0.44711023569107056,0.5194799304008484,-0.09164414554834366,0.4066486358642578,0.429873526096344,-0.08989942818880081,0.4382374882698059,0.5368439555168152,-0.10444682836532593,0.4262894093990326,0.5368861556053162,-0.09873819351196289,0.4184040129184723,0.5095290541648865,-0.09505917131900787
0.3782472014427185,0.4241889715194702,-5.13387128364684e-08,0.43858182430267334,0.45287588238716125,-0.013586524873971939,0.4882602393627167,0.49880698323249817,-0.035755738615989685,0.503141462802887,0.5723751187324524,-0.059578169137239456,0.4932500720024109,0.6296535134315491,-0.08166259527206421,0.5440289378166199,0.406168669462204,-0.04132576659321785,0.5752580761909485,0.5463932156562805,-0.07404937595129013,0.5355872511863708,0.5569815635681152,-0.09123347699642181,0.5174937844276428,0.5237694978713989,-0.10328584909439087,0.5027622580528259,0.4043695032596588,-0.055464960634708405,0.5398974418640137,0.5613003969192505,-0.08263920247554779,0.5004869103431702,0.5539739727973938,-0.08573617041110992,0.4867483377456665,0.518494188785553,-0.08962094783782959,0.45408862829208374,0.4206206798553467,-0.07096017152070999,0.48751550912857056,0.5701743364334106,-0.09093567728996277,0.4563380777835846,0.5593817830085754,-0.08204951137304306,0.44459959864616394,0.5247939825057983,-0.07620355486869812,0.40611618757247925,0.44827595353126526,-0.08888426423072815,0.4376659095287323,0.563753068447113,-0.09613443166017532,0.4221956133842468,0.5523192882537842,-0.0865122526884079,0.4125683009624481,0.5195284485816956,-0.08067478239536285
0.37341299653053284,0.4058796167373657,2.296313716954046e-08,0.43145665526390076,0.42230719327926636,-0.006334134843200445,0.48088958859443665,0.4800077974796295,-0.030940024182200432,0.4930174946784973,0.5662488341331482,-0.05800972506403923,0.4852851927280426,0.6311008930206299,-0.0834863930940628,0.5351278781890869,0.40843653678894043,-0.05438248813152313,0.5740747451782227,0.5386265516281128,-0.08706411719322205,0.5373001098632812,0.5542967915534973,-0.10298147052526474,0.519951343536377,0.5214860439300537,-0.11323024332523346,0.49594002962112427,0.40869730710983276,-0.07145050913095474,0.5404219031333923,0.5530641674995422,-0.0975693017244339,0.5041554570198059,0.5574072599411011,-0.09753139317035675,0.4875936210155487,0.5227335691452026,-0.09881212562322617,0.451176255941391,0.42686375975608826,-0.08777730166912079,0.48656904697418213,0.567229688167572,-0.10425572097301483,0.45634743571281433,0.5640397071838379,-0.08936414122581482,0.44331732392311096,0.5256128311157227,-0.08055265247821808,0.4059317708015442,0.4572305679321289,-0.10538695007562637,0.44028422236442566,0.5715978145599365,-0.10738910734653473,0.4225161075592041,0.5669044852256775,-0.09048223495483398,0.4096722900867462,0.5343735814094543,-0.08071787655353546
0.3284149169921875,0.3888031542301178,8.559436537325382e-08,0.3954247832298279,0.41854947805404663,-0.006399552337825298,0.44627252221107483,0.4588358700275421,-0.03233669698238373,0.45585790276527405,0.5239945650100708,-0.06162651255726814,0.4503686726093292,0.5724201202392578,-0.08784567564725876,0.485771507024765,0.3480603098869324,-0.055264949798583984,0.5361177325248718,0.45296162366867065,-0.09161169826984406,0.5038583278656006,0.49611252546310425,-0.10969959199428558,0.48261168599128723,0.48317986726760864,-0.11920719593763351,0.4426821768283844,0.3399285674095154,-0.0732409879565239,0.5028910636901855,0.4673413932323456,-0.10431915521621704,0.46761441230773926,0.49636662006378174,-0.10591782629489899,0.44388872385025024,0.4695464074611664,-0.10683786869049072,0.39656293392181396,0.3591156601905823,-0.09118631482124329,0.4511013925075531,0.48773011565208435,-0.1119493618607521,0.4205586612224579,0.5066403746604919,-0.09404242038726807,0.4008459150791168,0.47142836451530457,-0.08186930418014526,0.3543526828289032,0.39431506395339966,-0.1106250211596489,0.40062397718429565,0.5036674737930298,-0.1164211705327034,0.3824038505554199,0.5107524394989014,-0.098090261220932,0.3666791617870331,0.47657716274261475,-0.08679328858852386
0.3039487600326538,0.3919040262699127,2.041545776876319e-08,0.3698013424873352,0.42372119426727295,-0.007018208969384432,0.42193469405174255,0.45510047674179077,-0.02864362671971321,0.44035956263542175,0.5112824440002441,-0.053082648664712906,0.4451383352279663,0.5569769740104675,-0.074757419526577,0.46393251419067383,0.3311731815338135,-0.047349683940410614,0.5177242755889893,0.4480319023132324,-0.07793305069208145,0.48119059205055237,0.48783808946609497,-0.09105641394853592,0.4612533450126648,0.4683283865451813,-0.09930434823036194,0.4214307963848114,0.3262803554534912,-0.06316898763179779,0.48190170526504517,0.45233413577079773,-0.0895318016409874,0.44525155425071716,0.4801262319087982,-0.08882112801074982,0.42684173583984375,0.45373523235321045,-0.0889638215303421,0.37721776962280273,0.34668922424316406,-0.07916218787431717,0.4273309111595154,0.4691984951496124,-0.09740258008241653,0.3997623920440674,0.4921502470970154,-0.08232904225587845,0.3844577968120575,0.46191972494125366,-0.07275615632534027,0.3369024097919464,0.3804864287376404,-0.0964880958199501,0.38016173243522644,0.48154914379119873,-0.10088367760181427,0.366360604763031,0.4961121380329132,-0.0854983776807785,0.3519786596298218,0.47115471959114075,-0.0762525126338005
0.2996445894241333,0.4091947674751282,1.112065035613341e-07,0.3722826838493347,0.4346185326576233,-0.010797936469316483,0.4228842854499817,0.4580449163913727,-0.03639865294098854,0.4344080090522766,0.506524384021759,-0.06349018961191177,0.4266836941242218,0.5437447428703308,-0.08794593811035156,0.4500676691532135,0.3248683512210846,-0.05666312575340271,0.5075819492340088,0.4349876642227173,-0.08887588977813721,0.4722692668437958,0.4804784953594208,-0.10379087179899216,0.44895073771476746,0.4618624448776245,-0.11391301453113556,0.40285831689834595,0.3160758316516876,-0.07049428671598434,0.46451395750045776,0.43699637055397034,-0.09520258009433746,0.43238934874534607,0.4731839895248413,-0.09491211175918579,0.4148494303226471,0.44902265071868896,-0.09761129319667816,0.3561134338378906,0.33826714754104614,-0.08415103703737259,0.4075498580932617,0.4610276222229004,-0.09979454427957535,0.38715091347694397,0.48965322971343994,-0.08338773250579834,0.37217170000076294,0.4573233127593994,-0.07491937279701233,0.3168979287147522,0.37145787477493286,-0.09962721168994904,0.3625495731830597,0.4711092412471771,-0.10423150658607483,0.3563286364078522,0.4924505949020386,-0.08822627365589142,0.3433127701282501,0.4675838351249695,-0.0791332945227623
0.3091030418872833,0.425846666097641,2.2625370377227227e-07,0.37456706166267395,0.4428023099899292,-0.020629703998565674,0.4126853346824646,0.4602214992046356,-0.052864428609609604,0.42138588428497314,0.49433434009552,-0.08426990360021591,0.4159882962703705,0.5165347456932068,-0.11346104741096497,0.44321760535240173,0.32215628027915955,-0.06661927700042725,0.4952630400657654,0.41711294651031494,-0.10318352282047272,0.47023576498031616,0.4726586937904358,-0.12445171177387238,0.44711247086524963,0.4699775278568268,-0.13872544467449188,0.39179226756095886,0.3094235956668854,-0.07561741769313812,0.44848868250846863,0.414592444896698,-0.10648366808891296,0.4280240535736084,0.46282726526260376,-0.11362920701503754,0.4117697477340698,0.45223352313041687,-0.12061770260334015,0.3430100977420807,0.33165740966796875,-0.08433622121810913,0.3920900225639343,0.44264912605285645,-0.10539660602807999,0.38379204273223877,0.48079413175582886,-0.09257003664970398,0.3695562481880188,0.4593285024166107,-0.08545122295618057,0.3045389652252197,0.364260196685791,-0.09536068886518478,0.34569454193115234,0.4553508758544922,-0.10541347414255142,0.35043278336524963,0.4790588617324829,-0.09224899858236313,0.3437308669090271,0.45929571986198425,-0.0836559385061264
0.3161369264125824,0.45345669984817505,5.414343462462057e-08,0.3682813048362732,0.4660453796386719,-0.02056654542684555,0.4038587808609009,0.47910335659980774,-0.046942926943302155,0.40413880348205566,0.4909377992153168,-0.07403255999088287,0.3815144896507263,0.480428010225296,-0.09865539520978928,0.43740954995155334,0.3368629813194275,-0.039572831243276596,0.46519774198532104,0.3869645595550537,-0.07809769362211227,0.44328880310058594,0.44733893871307373,-0.1027260571718216,0.4233461320400238,0.4679831862449646,-0.11718612909317017,0.3864036202430725,0.313719779253006,-0.04901592805981636,0.4109513759613037,0.3641878068447113,-0.08694031834602356,0.3950106203556061,0.43449896574020386,-0.10146704316139221,0.384682297706604,0.4485827088356018,-0.10818322747945786,0.33526429533958435,0.32391732931137085,-0.060460008680820465,0.35821154713630676,0.3981668949127197,-0.09283917397260666,0.35627543926239014,0.4590905010700226,-0.0897996798157692,0.3524414300918579,0.4609699845314026,-0.08350780606269836,0.2929256558418274,0.35331106185913086,-0.07355903089046478,0.3170350193977356,0.42360103130340576,-0.08896266669034958,0.32679447531700134,0.4634700417518616,-0.08078519999980927,0.33179187774658203,0.4623124897480011,-0.07287277281284332
0.3210335373878479,0.4589214622974396,-8.209524082758435e-08,0.3655626177787781,0.47262391448020935,-0.025975465774536133,0.40263935923576355,0.48854538798332214,-0.05397838354110718,0.40589773654937744,0.4915538430213928,-0.08088722825050354,0.3859989643096924,0.4764605462551117,-0.10440525412559509,0.43545055389404297,0.33638066053390503,-0.04357180371880531,0.4640759527683258,0.3807677626609802,-0.08447006344795227,0.4402623176574707,0.44284117221832275,-0.10793136060237885,0.41849881410598755,0.46469646692276,-0.12057869881391525,0.3879081606864929,0.3113298714160919,-0.05044872313737869,0.41040363907814026,0.3593106269836426,-0.08804639428853989,0.39550796151161194,0.43608298897743225,-0.09774189442396164,0.3865395486354828,0.4570133090019226,-0.10000430047512054,0.3378407061100006,0.3203374445438385,-0.06059199571609497,0.3560515344142914,0.3926464021205902,-0.0930984765291214,0.3533983826637268,0.454781711101532,-0.0875663086771965,0.35030248761177063,0.4614673852920532,-0.0791134238243103,0.2941121459007263,0.34957200288772583,-0.0729326531291008,0.31195300817489624,0.41671985387802124,-0.08885247260332108,0.3207983076572418,0.45409196615219116,-0.08094708621501923,0.32609421014785767,0.45205822587013245,-0.07261443883180618
0.3199056088924408,0.45594289898872375,-1.3775171225915983e-07,0.3640528917312622,0.4715178608894348,-0.024711215868592262,0.4025987982749939,0.4903908967971802,-0.05211827903985977,0.40772172808647156,0.4941001236438751,-0.07903748750686646,0.38806942105293274,0.477667897939682,-0.10234594345092773,0.4365304410457611,0.3426505923271179,-0.04089302942156792,0.4671289920806885,0.38055047392845154,-0.08227211236953735,0.4427962601184845,0.4433763027191162,-0.10535025596618652,0.42029762268066406,0.46159613132476807,-0.11783021688461304,0.39010804891586304,0.31503212451934814,-0.04847092553973198,0.412183552980423,0.3549945056438446,-0.08597413450479507,0.39722490310668945,0.43621793389320374,-0.09418386220932007,0.38860026001930237,0.45589131116867065,-0.09537525475025177,0.34019190073013306,0.32261770963668823,-0.05952924117445946,0.35793429613113403,0.38712239265441895,-0.09257996082305908,0.35565927624702454,0.4543766379356384,-0.08512280881404877,0.35179588198661804,0.4617255926132202,-0.07537711411714554,0.2959713041782379,0.35055485367774963,-0.07271347939968109,0.3123413324356079,0.414997398853302,-0.08938928693532944,0.32018348574638367,0.45325860381126404,-0.08076194673776627,0.3232700526714325,0.44966137409210205,-0.0718466117978096
0.306003212928772,0.43935367465019226,1.513048175638687e-07,0.3674789369106293,0.46346697211265564,-0.02318909578025341,0.41007575392723083,0.4708789587020874,-0.049921438097953796,0.4375602602958679,0.48658016324043274,-0.0768456682562828,0.4656766653060913,0.5103684067726135,-0.10261202603578568,0.42407307028770447,0.3173064589500427,-0.042134154587984085,0.47909703850746155,0.3650525212287903,-0.08035548776388168,0.4861636161804199,0.41969725489616394,-0.10317940264940262,0.48672056198120117,0.44151702523231506,-0.11557653546333313,0.3878413736820221,0.32220396399497986,-0.048771463334560394,0.45080581307411194,0.39543387293815613,-0.08168511837720871,0.4499753713607788,0.45169103145599365,-0.09011206030845642,0.44321244955062866,0.45950910449028015,-0.09379154443740845,0.3520321846008301,0.34756454825401306,-0.05865019932389259,0.4099135398864746,0.41734570264816284,-0.08709681034088135,0.4122824966907501,0.465867817401886,-0.08195868134498596,0.40316128730773926,0.4707881212234497,-0.07512381672859192,0.3198477327823639,0.3823893368244171,-0.07082424312829971,0.36539426445961,0.4313432276248932,-0.08558712154626846,0.3699961006641388,0.4636342227458954,-0.07787579298019409,0.36287689208984375,0.46645334362983704,-0.07006332278251648
0.31895434856414795,0.43024882674217224,3.708825602188881e-08,0.38035160303115845,0.4672066569328308,-0.010929171927273273,0.4296170771121979,0.4699595868587494,-0.03171410411596298,0.4628276824951172,0.48555153608322144,-0.05470437929034233,0.49150630831718445,0.5106662511825562,-0.07683249562978745,0.44389793276786804,0.3242424428462982,-0.03982209786772728,0.5110984444618225,0.37650150060653687,-0.07473766058683395,0.4999344050884247,0.4367535710334778,-0.09296879917383194,0.48523473739624023,0.44500061869621277,-0.10349507629871368,0.40808096528053284,0.32512128353118896,-0.05296402797102928,0.4863601326942444,0.3918011486530304,-0.08393797278404236,0.47454243898391724,0.45120787620544434,-0.08864343166351318,0.45658811926841736,0.45120567083358765,-0.0909903421998024,0.3722940981388092,0.34649795293807983,-0.06779712438583374,0.44426190853118896,0.4078715741634369,-0.09486675262451172,0.43865928053855896,0.46316343545913696,-0.08430323749780655,0.42096447944641113,0.4637070894241333,-0.07511880993843079,0.33963295817375183,0.37685561180114746,-0.08363016694784164,0.39779144525527954,0.42217645049095154,-0.09803057461977005,0.3991830050945282,0.46098023653030396,-0.08702148497104645,0.38504689931869507,0.46593955159187317,-0.07815045863389969
0.3297157883644104,0.4384442865848541,-2.8561519371805844e-08,0.3870374262332916,0.4783259630203247,-0.00936342217028141,0.43592384457588196,0.4829755425453186,-0.027998480945825577,0.4704440236091614,0.49441736936569214,-0.048830825835466385,0.5031706094741821,0.5125076174736023,-0.06803308427333832,0.4552493989467621,0.3304690420627594,-0.033538419753313065,0.5227406024932861,0.37849870324134827,-0.06353830546140671,0.5080801844596863,0.4371735453605652,-0.08011920750141144,0.48970597982406616,0.4429006576538086,-0.09018794447183609,0.42309585213661194,0.3226487934589386,-0.046096350997686386,0.5008071660995483,0.3818223774433136,-0.07169703394174576,0.48675674200057983,0.4405687749385834,-0.07739218324422836,0.4660405218601227,0.44095712900161743,-0.08091840147972107,0.3898303806781769,0.3393923044204712,-0.059924639761447906,0.4601328670978546,0.3952844440937042,-0.08302277326583862,0.4527939260005951,0.45043906569480896,-0.07536333054304123,0.4336339831352234,0.4492589831352234,-0.06887250393629074,0.35870012640953064,0.3689873218536377,-0.07457049190998077,0.41589540243148804,0.4146400988101959,-0.08763353526592255,0.4141988456249237,0.45420873165130615,-0.07853728532791138,0.3970757722854614,0.4580642879009247,-0.07140236347913742
0.33503249287605286,0.43589964509010315,-1.0288887075660114e-08,0.3939462900161743,0.48149824142456055,-0.011806940659880638,0.44515448808670044,0.48102325201034546,-0.031268250197172165,0.48340845108032227,0.4882837235927582,-0.052514202892780304,0.5196605324745178,0.5130417943000793,-0.07163412868976593,0.45991063117980957,0.3250148594379425,-0.03490360826253891,0.5328453779220581,0.366588830947876,-0.06675759702920914,0.5202798843383789,0.42715051770210266,-0.0835486575961113,0.5016741156578064,0.4389249086380005,-0.09295941889286041,0.4308115243911743,0.32027867436408997,-0.046441659331321716,0.5154715776443481,0.3771323561668396,-0.07536180317401886,0.5002397894859314,0.4388551115989685,-0.08020304888486862,0.4779181480407715,0.4424282908439636,-0.08171678334474564,0.4010324776172638,0.3376008868217468,-0.05975506454706192,0.47851741313934326,0.3944077491760254,-0.08432924747467041,0.46736225485801697,0.4493110477924347,-0.07439319044351578,0.4468989372253418,0.44899335503578186,-0.06557948887348175,0.37245577573776245,0.36785081028938293,-0.07429620623588562,0.4354647397994995,0.41008350253105164,-0.08717862516641617,0.4292571544647217,0.44836992025375366,-0.0768294632434845,0.41035425662994385,0.45181065797805786,-0.06873717159032822
0.34297114610671997,0.42956554889678955,-1.5742817538466625e-07,0.4048556387424469,0.4825892150402069,-0.00858454592525959,0.4629637897014618,0.48362261056900024,-0.025231802836060524,0.5065376162528992,0.4848097860813141,-0.04422125592827797,0.5508519411087036,0.49782595038414,-0.05915160849690437,0.4695742726325989,0.3219670355319977,-0.025143736973404884,0.5516143441200256,0.35424548387527466,-0.05660497024655342,0.5348689556121826,0.41876643896102905,-0.0713978037238121,0.5065444707870483,0.4376896023750305,-0.07743711769580841,0.44932785630226135,0.31337109208106995,-0.035612285137176514,0.5431268215179443,0.3663741648197174,-0.06317712366580963,0.5190978050231934,0.43699708580970764,-0.06521398574113846,0.49195560812950134,0.4466843008995056,-0.06284641474485397,0.42967960238456726,0.32680249214172363,-0.04834629222750664,0.5149515271186829,0.390360951423645,-0.07270418852567673,0.4918399453163147,0.45044806599617004,-0.06190949305891991,0.46636664867401123,0.4546275734901428,-0.05083504691720009,0.41091489791870117,0.3588859438896179,-0.06198163703083992,0.47699180245399475,0.40425753593444824,-0.07484831660985947,0.4624619781970978,0.44340020418167114,-0.06539598852396011,0.4396202564239502,0.4466674029827118,-0.05698810890316963
0.3396607041358948,0.4323599338531494,-2.4782647756182996e-07,0.40504932403564453,0.4790733754634857,0.002047360874712467,0.4619823694229126,0.476148784160614,-0.011091629974544048,0.5044049620628357,0.48080605268478394,-0.028867987915873528,0.5442073941230774,0.49681684374809265,-0.0436982661485672,0.47316232323646545,0.3236427307128906,-0.01843102276325226,0.5552803874015808,0.35642391443252563,-0.044637054204940796,0.536429226398468,0.4270647466182709,-0.05833432450890541,0.5060344338417053,0.4423491358757019,-0.06549479812383652,0.4524443745613098,0.3118482828140259,-0.03509056195616722,0.5508154034614563,0.3600118160247803,-0.05612294375896454,0.526874303817749,0.4370386302471161,-0.05814752355217934,0.4954755902290344,0.44333693385124207,-0.057973477989435196,0.4324423372745514,0.3249337673187256,-0.05253927782177925,0.521649181842804,0.3792603611946106,-0.07106123864650726,0.5013937950134277,0.4466261863708496,-0.05997220054268837,0.4726554751396179,0.44889405369758606,-0.051191505044698715,0.4133802652359009,0.3578619956970215,-0.0700269490480423,0.4827752709388733,0.39964431524276733,-0.07936281710863113,0.4685075581073761,0.4434519410133362,-0.06791693717241287,0.441468209028244,0.44522708654403687,-0.06005540117621422
0.3394230306148529,0.43529337644577026,-2.403705536835332e-07,0.4057304263114929,0.4784890115261078,0.0012424028245732188,0.46105659008026123,0.47554078698158264,-0.013400918804109097,0.5048675537109375,0.48185452818870544,-0.032825663685798645,0.5477648973464966,0.492276668548584,-0.049111634492874146,0.4694069027900696,0.31795400381088257,-0.01977463811635971,0.55435711145401,0.3507814109325409,-0.046414051204919815,0.5367928147315979,0.4203089773654938,-0.05996144190430641,0.5072091221809387,0.434822142124176,-0.06692197918891907,0.4489403963088989,0.30761539936065674,-0.0362941138446331,0.5462769865989685,0.35904327034950256,-0.05705723538994789,0.5233871340751648,0.4350228011608124,-0.05928296968340874,0.49395984411239624,0.43983250856399536,-0.05988014116883278,0.4296382963657379,0.3221391439437866,-0.05363858491182327,0.5193424224853516,0.3792056441307068,-0.07227955758571625,0.49947094917297363,0.4463639557361603,-0.06098435819149017,0.4717187285423279,0.4488261342048645,-0.0523160845041275,0.41178253293037415,0.3565552532672882,-0.07107030600309372,0.48148903250694275,0.39761343598365784,-0.08040278404951096,0.46866703033447266,0.44227078557014465,-0.06837287545204163,0.44282591342926025,0.44605669379234314,-0.06002945452928543
0.33740755915641785,0.43334832787513733,-2.046366347485673e-07,0.40722155570983887,0.4779548943042755,-0.005993955302983522,0.4621637463569641,0.4755140542984009,-0.023527465760707855,0.5074898600578308,0.4800102114677429,-0.04443725198507309,0.5505728721618652,0.48192232847213745,-0.061419256031513214,0.46606701612472534,0.30501100420951843,-0.023529525846242905,0.5470877289772034,0.3418491780757904,-0.05330576002597809,0.529504120349884,0.40507185459136963,-0.06952478736639023,0.503267765045166,0.41848140954971313,-0.07848048955202103,0.4436054527759552,0.2982823848724365,-0.03708138316869736,0.5348566770553589,0.35734033584594727,-0.06247628852725029,0.5114351511001587,0.42682862281799316,-0.06616191565990448,0.48477259278297424,0.4321712851524353,-0.06734196841716766,0.42185211181640625,0.31364455819129944,-0.05247660353779793,0.5069365501403809,0.3789605498313904,-0.07404480874538422,0.4863610565662384,0.43700456619262695,-0.06299959868192673,0.46199488639831543,0.4373326003551483,-0.054193414747714996,0.40206652879714966,0.3479769825935364,-0.06881089508533478,0.4699317514896393,0.3938857913017273,-0.07954465597867966,0.45659705996513367,0.43068674206733704,-0.06850991398096085,0.4337787628173828,0.42979249358177185,-0.06052008643746376
0.33464673161506653,0.44099268317222595,-1.9485192126467155e-07,0.4050872325897217,0.47838422656059265,-0.010198190808296204,0.45954930782318115,0.47356370091438293,-0.02876228466629982,0.5039664506912231,0.4754435420036316,-0.050048574805259705,0.5447955131530762,0.4767579436302185,-0.06725690513849258,0.46469688415527344,0.300822913646698,-0.024485960602760315,0.5437657833099365,0.3465215861797333,-0.055915139615535736,0.5236604809761047,0.4100109338760376,-0.07316232472658157,0.4993410110473633,0.4199945628643036,-0.08285560458898544,0.44004082679748535,0.296392560005188,-0.03648047149181366,0.5259729623794556,0.3612079918384552,-0.06436020880937576,0.5037052035331726,0.42545515298843384,-0.06919025629758835,0.4796621799468994,0.42731818556785583,-0.07094042748212814,0.41525158286094666,0.31285998225212097,-0.05086500197649002,0.49692749977111816,0.3778466582298279,-0.07516899704933167,0.4778137803077698,0.4337195158004761,-0.06459706276655197,0.4557643532752991,0.4347500801086426,-0.05524183437228203,0.39152342081069946,0.3460681736469269,-0.06650824844837189,0.45834195613861084,0.39153853058815,-0.07908457517623901,0.4465949833393097,0.42772847414016724,-0.06824088096618652,0.42490503191947937,0.4287642538547516,-0.059337228536605835
0.3245064616203308,0.43316712975502014,-1.7422995313154388e-07,0.39503347873687744,0.4740709662437439,-0.013148683123290539,0.4488457143306732,0.4702187776565552,-0.03189399093389511,0.4884280860424042,0.4709363877773285,-0.052825093269348145,0.5264784097671509,0.47534170746803284,-0.06997869908809662,0.4629722535610199,0.30001524090766907,-0.02560402825474739,0.5354568958282471,0.34846949577331543,-0.056981805711984634,0.516978919506073,0.4121647775173187,-0.07357382774353027,0.49665531516075134,0.4203852415084839,-0.08333244174718857,0.4338677227497101,0.29211053252220154,-0.03692363202571869,0.5136560797691345,0.3600030839443207,-0.06669899076223373,0.49322813749313354,0.4248387813568115,-0.07192551344633102,0.47091811895370483,0.42561569809913635,-0.0737030953168869,0.40342381596565247,0.3063305616378784,-0.0509367510676384,0.47982752323150635,0.37191101908683777,-0.07792945206165314,0.4631046950817108,0.429899662733078,-0.06744188815355301,0.4415972828865051,0.42969048023223877,-0.057658299803733826,0.3735085427761078,0.3368943929672241,-0.06646785140037537,0.4390375018119812,0.3833458423614502,-0.08125855028629303,0.4296413064002991,0.4218449592590332,-0.07068940997123718,0.40844377875328064,0.42246580123901367,-0.06158730387687683
0.33685338497161865,0.4688056707382202,-1.32315065570765e-07,0.37982431054115295,0.4855368435382843,-0.02941708080470562,0.4231279194355011,0.5032303333282471,-0.05612972751259804,0.41056182980537415,0.4920457899570465,-0.07979410886764526,0.37306562066078186,0.46185213327407837,-0.09958556294441223,0.4539879858493805,0.342335045337677,-0.044015735387802124,0.46794450283050537,0.372317373752594,-0.0749150961637497,0.4363503158092499,0.44140395522117615,-0.09235431998968124,0.41762441396713257,0.4537266790866852,-0.10413084924221039,0.40238186717033386,0.3085799515247345,-0.047734957188367844,0.41749536991119385,0.328757107257843,-0.07611589133739471,0.39161187410354614,0.4189978241920471,-0.08186701685190201,0.38284605741500854,0.4344787299633026,-0.08534698933362961,0.34900134801864624,0.305857390165329,-0.05389251559972763,0.36207687854766846,0.3387545943260193,-0.07975660264492035,0.3499123454093933,0.4149002134799957,-0.06734885275363922,0.3452973961830139,0.4245557188987732,-0.0582781657576561,0.2997528612613678,0.32448211312294006,-0.06232254207134247,0.308199942111969,0.3623337745666504,-0.07241726666688919,0.3135286867618561,0.4124206006526947,-0.05822809785604477,0.32199209928512573,0.419403076171875,-0.04898597672581673
0.33041584491729736,0.4551028907299042,-1.1897179064135344e-07,0.3672756850719452,0.47882789373397827,-0.04111631214618683,0.40848883986473083,0.4975259602069855,-0.0744524598121643,0.39526283740997314,0.4863964915275574,-0.10387934744358063,0.36608603596687317,0.457647442817688,-0.1296943575143814,0.44743892550468445,0.3458549976348877,-0.05595087632536888,0.4513259530067444,0.3656902611255646,-0.10149300843477249,0.4264501929283142,0.4311739504337311,-0.12693071365356445,0.41371628642082214,0.4477185308933258,-0.14164800941944122,0.3944453001022339,0.31087344884872437,-0.05764084309339523,0.39389997720718384,0.32287248969078064,-0.10134271532297134,0.38095909357070923,0.40896639227867126,-0.11134280264377594,0.37931469082832336,0.4272257089614868,-0.11318951100111008,0.34002062678337097,0.30745938420295715,-0.06424500048160553,0.3394155204296112,0.33179280161857605,-0.10661985725164413,0.33764147758483887,0.41167140007019043,-0.09829056262969971,0.33920902013778687,0.42701688408851624,-0.08685959130525589,0.29079896211624146,0.325494647026062,-0.07383102178573608,0.2903498411178589,0.36185893416404724,-0.10067716240882874,0.29979953169822693,0.4150446057319641,-0.09333305805921555,0.3105584979057312,0.42299455404281616,-0.084075428545475
0.32242023944854736,0.4465596079826355,-1.0741054978780085e-07,0.3577251136302948,0.4651637673377991,-0.03402988985180855,0.4004257321357727,0.48578664660453796,-0.06352371722459793,0.3846423029899597,0.4780677855014801,-0.0904342532157898,0.35820937156677246,0.45397698879241943,-0.1132294163107872,0.43619978427886963,0.3397592306137085,-0.046304989606142044,0.4449300765991211,0.3563421368598938,-0.08957265317440033,0.41989484429359436,0.4238513708114624,-0.11341235786676407,0.40552568435668945,0.43543514609336853,-0.12712527811527252,0.38366565108299255,0.3073168098926544,-0.050191499292850494,0.390081524848938,0.3146063983440399,-0.09341857582330704,0.3741171360015869,0.4059986472129822,-0.10446205735206604,0.36925390362739563,0.4205992519855499,-0.10701192915439606,0.33115050196647644,0.30605512857437134,-0.05819309875369072,0.3369653522968292,0.3201197385787964,-0.10004357993602753,0.3332429528236389,0.4069780707359314,-0.0908251702785492,0.3331819474697113,0.4252682626247406,-0.0784500241279602,0.28327807784080505,0.3253213167190552,-0.06834635138511658,0.28758516907691956,0.3613886833190918,-0.09209530800580978,0.2985639274120331,0.41564494371414185,-0.0832790657877922,0.31241264939308167,0.4229428768157959,-0.07349595427513123
0.31904706358909607,0.4590827524662018,-4.663046695441153e-07,0.3649493157863617,0.4861419200897217,-0.045151785016059875,0.41743192076683044,0.49445658922195435,-0.07802210748195648,0.39785236120224,0.4796343147754669,-0.10589635372161865,0.3582656681537628,0.44775456190109253,-0.12880228459835052,0.43845415115356445,0.34140506386756897,-0.06346737593412399,0.4409562051296234,0.350833535194397,-0.11034832149744034,0.41641753911972046,0.434201717376709,-0.13217173516750336,0.4109211564064026,0.44059914350509644,-0.14582429826259613,0.38661137223243713,0.31573253870010376,-0.062119629234075546,0.39478904008865356,0.3027815818786621,-0.11292366683483124,0.3770526945590973,0.40565383434295654,-0.11932473629713058,0.37677425146102905,0.4231361746788025,-0.11822614073753357,0.33457744121551514,0.3141475319862366,-0.06545619666576385,0.33237603306770325,0.3102191686630249,-0.11229600012302399,0.3326343297958374,0.4125838279724121,-0.09572279453277588,0.345309853553772,0.43544548749923706,-0.07832924276590347,0.2848958969116211,0.3253636062145233,-0.07183650881052017,0.27935633063316345,0.3548428416252136,-0.09375292807817459,0.28872770071029663,0.4176133871078491,-0.07977509498596191,0.3060303330421448,0.4229503870010376,-0.06801960617303848
0.3298630118370056,0.45609530806541443,-8.183059208022314e-08,0.36805403232574463,0.47461527585983276,-0.03569105640053749,0.40662962198257446,0.4895067811012268,-0.06574036926031113,0.38473430275917053,0.4775184690952301,-0.09290764480829239,0.354643315076828,0.450636625289917,-0.11607588082551956,0.43681323528289795,0.3351178467273712,-0.04664047062397003,0.4419146180152893,0.3550257980823517,-0.08933085203170776,0.41943782567977905,0.4197222590446472,-0.11376450210809708,0.40713995695114136,0.43851208686828613,-0.12758201360702515,0.38384926319122314,0.30545201897621155,-0.049836963415145874,0.38414520025253296,0.3179987072944641,-0.09212370216846466,0.37246832251548767,0.40386131405830383,-0.10406837612390518,0.3706793189048767,0.4220046401023865,-0.1069009080529213,0.3306938409805298,0.30702105164527893,-0.057428937405347824,0.3311750590801239,0.3268379271030426,-0.09931180626153946,0.33214759826660156,0.4061369299888611,-0.09358854591846466,0.335614413022995,0.422453910112381,-0.0831238254904747,0.2832203507423401,0.33024856448173523,-0.06727541983127594,0.2863166332244873,0.36558058857917786,-0.09267953783273697,0.2993135154247284,0.4182528555393219,-0.08587360382080078,0.313445508480072,0.4277799129486084,-0.07681937515735626
0.328358918428421,0.44638895988464355,-1.4206352716428228e-07,0.36616745591163635,0.46849358081817627,-0.03921346738934517,0.40542685985565186,0.4887368083000183,-0.07147498428821564,0.38988542556762695,0.47817057371139526,-0.09998036175966263,0.36132559180259705,0.4486103057861328,-0.12469560652971268,0.4401112496852875,0.33789658546447754,-0.05587005242705345,0.4432065486907959,0.3521406650543213,-0.10062810033559799,0.4209229350090027,0.41765791177749634,-0.12428554892539978,0.4092111587524414,0.43733644485473633,-0.13698388636112213,0.38780537247657776,0.30632591247558594,-0.05727033317089081,0.3869907855987549,0.31559252738952637,-0.10087446868419647,0.37489649653434753,0.40202248096466064,-0.11040901392698288,0.3731684684753418,0.4229632616043091,-0.1113312616944313,0.3353392779827118,0.30532824993133545,-0.06314109265804291,0.33351802825927734,0.3184283673763275,-0.10600923001766205,0.33383768796920776,0.40002378821372986,-0.09739556163549423,0.3384245038032532,0.4222079813480377,-0.08462435752153397,0.28760969638824463,0.3252080976963043,-0.07151645421981812,0.28706398606300354,0.3530462384223938,-0.09851781278848648,0.298981636762619,0.4067389965057373,-0.09085584431886673,0.3125283122062683,0.42002731561660767,-0.08051595091819763
0.3276433050632477,0.45128166675567627,7.4944965788859e-09,0.3606831133365631,0.4715335965156555,-0.03245529532432556,0.40224727988243103,0.47162768244743347,-0.05635019764304161,0.40870392322540283,0.44699960947036743,-0.07819865643978119,0.3968394696712494,0.41119807958602905,-0.09588714689016342,0.43817245960235596,0.34088537096977234,-0.0376075804233551,0.466717392206192,0.3079029321670532,-0.08144482970237732,0.4548572301864624,0.36090293526649475,-0.10399932414293289,0.4355560541152954,0.3998950123786926,-0.11183348298072815,0.39362832903862,0.3068481981754303,-0.03910376876592636,0.417522132396698,0.26015856862068176,-0.0788065567612648,0.4036831259727478,0.339010089635849,-0.08649246394634247,0.3909730315208435,0.37987637519836426,-0.08228524774312973,0.345332533121109,0.2988380193710327,-0.04595036804676056,0.3525021970272064,0.2835453450679779,-0.08333618193864822,0.34680700302124023,0.3591983914375305,-0.07448315620422363,0.34349194169044495,0.39060547947883606,-0.05947525054216385,0.29847678542137146,0.31365498900413513,-0.055199868977069855,0.3032688498497009,0.32398465275764465,-0.07761191576719284,0.3085137605667114,0.3780454397201538,-0.06752929836511612,0.3131781816482544,0.3991599380970001,-0.054240740835666656
0.33727791905403137,0.46016040444374084,-5.897767607621063e-08,0.3741571307182312,0.4744083881378174,-0.03608991205692291,0.4172993302345276,0.46590787172317505,-0.060036830604076385,0.4057159423828125,0.41988372802734375,-0.08017780631780624,0.3778037130832672,0.3739054799079895,-0.09459052234888077,0.44904571771621704,0.33725762367248535,-0.03715609759092331,0.4656195640563965,0.30029916763305664,-0.07827718555927277,0.4442969262599945,0.35680320858955383,-0.09572482109069824,0.43224936723709106,0.38093987107276917,-0.10231663286685944,0.40178605914115906,0.2990637719631195,-0.03659548982977867,0.42184293270111084,0.24755306541919708,-0.08198919147253036,0.39993399381637573,0.330577552318573,-0.08944375067949295,0.39104995131492615,0.3618371784687042,-0.0834362581372261,0.3528292179107666,0.29063233733177185,-0.04110182449221611,0.3575405478477478,0.2683029770851135,-0.08446571230888367,0.34778812527656555,0.3487659990787506,-0.0739070475101471,0.34822070598602295,0.37345853447914124,-0.056139107793569565,0.30479514598846436,0.3039438724517822,-0.047736573964357376,0.306330144405365,0.31427156925201416,-0.07277368754148483,0.3109217584133148,0.36871787905693054,-0.06261750310659409,0.3213334083557129,0.38231268525123596,-0.0487884022295475
0.3214682936668396,0.4526745080947876,-1.1303801272788405e-07,0.36076226830482483,0.47850358486175537,-0.033312998712062836,0.4133477509021759,0.47879117727279663,-0.05735722556710243,0.4187571406364441,0.4454221725463867,-0.07878619432449341,0.3957282602787018,0.40714550018310547,-0.09600793570280075,0.440241277217865,0.35523825883865356,-0.042922426015138626,0.46660110354423523,0.3038685917854309,-0.08728284388780594,0.451263964176178,0.3562183082103729,-0.10959002375602722,0.4353776276111603,0.3937237560749054,-0.11794853955507278,0.39642855525016785,0.3186558783054352,-0.04486597329378128,0.41935452818870544,0.25146418809890747,-0.08504841476678848,0.4057556986808777,0.32048383355140686,-0.09278269857168198,0.3952687680721283,0.3596073091030121,-0.08911477774381638,0.3489512801170349,0.3070994019508362,-0.05173185095191002,0.35602062940597534,0.27836373448371887,-0.08854741603136063,0.34832510352134705,0.3517291247844696,-0.07789728790521622,0.3440067768096924,0.3828749358654022,-0.062291041016578674,0.30186089873313904,0.31523075699806213,-0.06124962866306305,0.30306243896484375,0.31678107380867004,-0.08250636607408524,0.30593618750572205,0.3672246038913727,-0.07127160578966141,0.30871495604515076,0.3855089545249939,-0.05784544348716736
0.3270260691642761,0.4745257496833801,-1.2124108650368726e-07,0.37204867601394653,0.48776882886886597,-0.02600938454270363,0.41210073232650757,0.49762052297592163,-0.05309552699327469,0.41539037227630615,0.5000420808792114,-0.07938928157091141,0.3893255889415741,0.4853692650794983,-0.1031382605433464,0.4482885003089905,0.34244221448898315,-0.040343429893255234,0.46243199706077576,0.3959411680698395,-0.08042829483747482,0.4427341818809509,0.44960448145866394,-0.10638478398323059,0.42878174781799316,0.458904504776001,-0.1224396675825119,0.3982046842575073,0.31372302770614624,-0.0490882471203804,0.4118348956108093,0.3632720410823822,-0.08310186862945557,0.39729902148246765,0.4294576048851013,-0.09476958215236664,0.3913424611091614,0.4355432391166687,-0.10049758851528168,0.3439313471317291,0.31708359718322754,-0.061018604785203934,0.35310837626457214,0.3951916992664337,-0.0891265869140625,0.34709903597831726,0.45363181829452515,-0.08268829435110092,0.34404227137565613,0.44921648502349854,-0.07576046139001846,0.2962748408317566,0.3410572111606598,-0.07595711201429367,0.303347110748291,0.40631943941116333,-0.08843747526407242,0.30984994769096375,0.4472355246543884,-0.07775270193815231,0.3162141442298889,0.4451630413532257,-0.06887178122997284
0.32945021986961365,0.46164536476135254,-2.8084780723247604e-08,0.3673390746116638,0.47430604696273804,-0.0258160512894392,0.4057934284210205,0.4716351628303528,-0.04686012491583824,0.41524404287338257,0.4577694535255432,-0.06744147837162018,0.39809733629226685,0.43695321679115295,-0.08634404093027115,0.43197667598724365,0.3205278515815735,-0.025796668604016304,0.45813894271850586,0.337465763092041,-0.06275523453950882,0.44526663422584534,0.38702812790870667,-0.086380735039711,0.4304920434951782,0.41528353095054626,-0.09792666882276535,0.3896116018295288,0.3008595407009125,-0.030326329171657562,0.4141466021537781,0.3246944844722748,-0.06214429438114166,0.4044356048107147,0.3890582323074341,-0.07468386739492416,0.39461395144462585,0.4145749807357788,-0.07804450392723083,0.34263214468955994,0.3045388460159302,-0.039219945669174194,0.3512035310268402,0.3467407822608948,-0.06758083403110504,0.34764471650123596,0.40326106548309326,-0.0661781057715416,0.3438577950000763,0.41833949089050293,-0.06003078073263168,0.29900339245796204,0.3263919949531555,-0.050543155521154404,0.3043760657310486,0.35921451449394226,-0.06440595537424088,0.3085176944732666,0.40016984939575195,-0.05692501738667488,0.31242606043815613,0.4120045602321625,-0.04833129048347473
0.32811594009399414,0.44982975721359253,-2.961299401249562e-07,0.3669130206108093,0.46825212240219116,-0.03734248876571655,0.4120630621910095,0.45448917150497437,-0.06522870808839798,0.4119231104850769,0.41669222712516785,-0.09041069447994232,0.39014625549316406,0.3705517053604126,-0.11036073416471481,0.4456852078437805,0.31796446442604065,-0.047767262905836105,0.4766634702682495,0.27375102043151855,-0.09599004685878754,0.4573477506637573,0.3450245261192322,-0.11854458600282669,0.4412519335746765,0.38596197962760925,-0.12747475504875183,0.40047937631607056,0.28934067487716675,-0.05100502446293831,0.42985594272613525,0.22506815195083618,-0.09970644861459732,0.4133940637111664,0.3169984221458435,-0.1081601083278656,0.4034588038921356,0.36367014050483704,-0.10253015160560608,0.35066133737564087,0.2863781750202179,-0.059693288058042526,0.35966330766677856,0.2684468626976013,-0.10768112540245056,0.3539392650127411,0.35941988229751587,-0.09680324792861938,0.3534735143184662,0.3936532735824585,-0.07774419337511063,0.30203962326049805,0.3016791045665741,-0.07080972194671631,0.30598321557044983,0.3125632405281067,-0.10009714215993881,0.31129375100135803,0.37856999039649963,-0.08848534524440765,0.3179275095462799,0.40175938606262207,-0.07287665456533432
0.3293057382106781,0.4305039048194885,1.7659818496440494e-08,0.36729899048805237,0.448334276676178,-0.02719900943338871,0.4087599813938141,0.44716954231262207,-0.04856441915035248,0.4159992039203644,0.42370176315307617,-0.06861644238233566,0.4019296169281006,0.39148083329200745,-0.08483027666807175,0.43694788217544556,0.31535133719444275,-0.03395181894302368,0.46697479486465454,0.28049060702323914,-0.07573156803846359,0.45530515909194946,0.33800211548805237,-0.09740404784679413,0.439605176448822,0.37886127829551697,-0.10452529042959213,0.39405369758605957,0.28611937165260315,-0.03611072897911072,0.4152314364910126,0.2523120939731598,-0.07136329263448715,0.4066903293132782,0.3235074281692505,-0.078249990940094,0.3975694179534912,0.3615855872631073,-0.0749233067035675,0.347969651222229,0.2805997431278229,-0.043106693774461746,0.35751861333847046,0.27993854880332947,-0.07555699348449707,0.35563236474990845,0.3464931547641754,-0.066951222717762,0.3522877097129822,0.37549078464508057,-0.053374290466308594,0.3037557005882263,0.29599544405937195,-0.05219220370054245,0.3121506869792938,0.3142315149307251,-0.0719325914978981,0.31862011551856995,0.36413630843162537,-0.06260834634304047,0.3234821856021881,0.3862558603286743,-0.04987812042236328
0.3331303000450134,0.4151703715324402,-2.6109418627129344e-07,0.32689815759658813,0.38656124472618103,-0.033333443105220795,0.32548660039901733,0.3649293780326843,-0.061608005315065384,0.3323926627635956,0.38538041710853577,-0.08832115679979324,0.3374435007572174,0.4115883708000183,-0.11352114379405975,0.401250958442688,0.2796975374221802,-0.04640403017401695,0.42445579171180725,0.3336094915866852,-0.08808557689189911,0.41274574398994446,0.3935895562171936,-0.11592201888561249,0.40258580446243286,0.4367625415325165,-0.12987379729747772,0.40244755148887634,0.30385324358940125,-0.04714672639966011,0.41435784101486206,0.3838832974433899,-0.08759424835443497,0.394601047039032,0.44801220297813416,-0.10204500705003738,0.38090384006500244,0.47640883922576904,-0.10461711138486862,0.3935127258300781,0.34041714668273926,-0.05212247371673584,0.39555099606513977,0.4295622706413269,-0.08724577724933624,0.3753829002380371,0.47495943307876587,-0.08799389749765396,0.3602919578552246,0.4846288859844208,-0.07944070547819138,0.38178420066833496,0.38219115138053894,-0.06006771698594093,0.3868461549282074,0.44431954622268677,-0.07760118693113327,0.37418556213378906,0.4740177392959595,-0.07132372260093689,0.36377018690109253,0.4761773347854614,-0.060981385409832
0.35949015617370605,0.42562222480773926,-4.4289211587056343e-07,0.41272419691085815,0.4110260605812073,-0.027030162513256073,0.44824615120887756,0.40006399154663086,-0.05185384303331375,0.4410500228404999,0.43979543447494507,-0.0747622549533844,0.412730872631073,0.4850319027900696,-0.09815067797899246,0.4005642235279083,0.309015691280365,-0.06167219206690788,0.4082152247428894,0.4175489842891693,-0.0991893857717514,0.4030393362045288,0.4804811477661133,-0.1255054771900177,0.399300217628479,0.5166716575622559,-0.14197897911071777,0.3492145538330078,0.30261486768722534,-0.0634002834558487,0.35866424441337585,0.42390957474708557,-0.08905266970396042,0.36838504672050476,0.479389488697052,-0.09698251634836197,0.3753209710121155,0.5062589645385742,-0.10476062446832657,0.3058965504169464,0.3182382881641388,-0.06624918431043625,0.3173491060733795,0.43500447273254395,-0.08506342768669128,0.3361867666244507,0.47840601205825806,-0.07951543480157852,0.3481977581977844,0.4865894913673401,-0.07727118581533432,0.2714756429195404,0.3477003872394562,-0.07304617762565613,0.2791048288345337,0.43154019117355347,-0.08391387015581131,0.30019325017929077,0.46388208866119385,-0.07770247012376785,0.31473419070243835,0.46817177534103394,-0.07420812547206879
0.31599724292755127,0.41610902547836304,3.000388062446291e-07,0.3522319197654724,0.4193108081817627,-0.020093142986297607,0.38236308097839355,0.419631689786911,-0.040161311626434326,0.39991021156311035,0.43885180354118347,-0.060639236122369766,0.40926259756088257,0.4506990909576416,-0.08074889332056046,0.41676872968673706,0.32794034481048584,-0.036028843373060226,0.44846612215042114,0.3599705994129181,-0.074285589158535,0.4559376537799835,0.41038480401039124,-0.10038714110851288,0.45374131202697754,0.4543623924255371,-0.11402066051959991,0.3825130760669708,0.31293201446533203,-0.04451792687177658,0.41602542996406555,0.37174534797668457,-0.08275729417800903,0.4235953092575073,0.4395855963230133,-0.09774927794933319,0.4242236018180847,0.48796048760414124,-0.10161702334880829,0.33900192379951477,0.32167020440101624,-0.05612252280116081,0.35737714171409607,0.42586302757263184,-0.08783475309610367,0.35088804364204407,0.4783288836479187,-0.08676836639642715,0.3423243463039398,0.4985969364643097,-0.07891828566789627,0.29716697335243225,0.34687569737434387,-0.07000327110290527,0.31449562311172485,0.42890453338623047,-0.08634690940380096,0.3168262243270874,0.46851956844329834,-0.0790584534406662,0.31494972109794617,0.48247283697128296,-0.06957778334617615
0.3137351870536804,0.4136280417442322,2.2594549875520897e-07,0.3533981144428253,0.4164305627346039,-0.02360101230442524,0.382777601480484,0.4216572344303131,-0.04963216558098793,0.39496174454689026,0.455900102853775,-0.0758967325091362,0.39671289920806885,0.4852619767189026,-0.10166124254465103,0.4072223901748657,0.3110681474208832,-0.041312944144010544,0.4410209059715271,0.35148537158966064,-0.08232765644788742,0.44213446974754333,0.41463032364845276,-0.11144369095563889,0.4372398555278778,0.4552307724952698,-0.12748344242572784,0.3670508563518524,0.31118619441986084,-0.047502219676971436,0.39520853757858276,0.3796042203903198,-0.08144871145486832,0.3914155960083008,0.43408381938934326,-0.09508386999368668,0.384420245885849,0.4495207667350769,-0.10264347493648529,0.32526740431785583,0.3304029405117035,-0.05743928626179695,0.35080909729003906,0.40864190459251404,-0.08295765519142151,0.35238730907440186,0.4478435218334198,-0.07978076487779617,0.3489372134208679,0.4513276219367981,-0.0751991719007492,0.28931617736816406,0.36126047372817993,-0.07016241550445557,0.3112903833389282,0.4210832118988037,-0.08095274865627289,0.317436546087265,0.44863826036453247,-0.07255874574184418,0.3179231584072113,0.45046180486679077,-0.0653805360198021
0.3591054677963257,0.44326749444007874,-4.0117211597134883e-07,0.3929632306098938,0.4510844945907593,-0.03689146041870117,0.42657098174095154,0.4450634717941284,-0.0669846311211586,0.42921608686447144,0.45281583070755005,-0.09385909140110016,0.40235960483551025,0.45716947317123413,-0.11795663833618164,0.4101184606552124,0.28829050064086914,-0.04898648336529732,0.4276977777481079,0.3196604549884796,-0.08744873106479645,0.4241497218608856,0.37723779678344727,-0.10873506963253021,0.4148762822151184,0.3950088918209076,-0.12063691765069962,0.3646560311317444,0.2838059365749359,-0.0490359403192997,0.37844082713127136,0.33107051253318787,-0.08098375052213669,0.38110482692718506,0.40623739361763,-0.08643864095211029,0.3756765127182007,0.4130665361881256,-0.08719263225793839,0.3232143521308899,0.3040040135383606,-0.05355214700102806,0.33629119396209717,0.36271804571151733,-0.08428612351417542,0.34858939051628113,0.4220755398273468,-0.07585729658603668,0.3474445641040802,0.41733330488204956,-0.06661589443683624,0.28742271661758423,0.3346899151802063,-0.06145656108856201,0.29807937145233154,0.38055136799812317,-0.07535930722951889,0.3135092854499817,0.4260949194431305,-0.06340198218822479,0.31675586104393005,0.4257793724536896,-0.05289209634065628
0.3286304771900177,0.383914589881897,1.4931622160929692e-07,0.36989036202430725,0.3821168839931488,-0.01905236952006817,0.4013371467590332,0.390742689371109,-0.04336924850940704,0.4117073714733124,0.42457079887390137,-0.06893644481897354,0.4040782153606415,0.45037341117858887,-0.09389878809452057,0.4250135123729706,0.286588579416275,-0.040214963257312775,0.44550761580467224,0.3342503011226654,-0.07828105986118317,0.4382043480873108,0.38852807879447937,-0.10288681834936142,0.43045541644096375,0.4140029847621918,-0.11629410088062286,0.37993910908699036,0.2854405343532562,-0.0476696714758873,0.3954065144062042,0.3708694279193878,-0.0785149559378624,0.3917044997215271,0.4104752242565155,-0.08699451386928558,0.38558870553970337,0.40565571188926697,-0.09213287383317947,0.33464929461479187,0.30371955037117004,-0.05833880975842476,0.35350584983825684,0.3892599940299988,-0.08314166963100433,0.36061033606529236,0.42110881209373474,-0.07609762996435165,0.3624027967453003,0.41409969329833984,-0.06925427913665771,0.2967483401298523,0.33127057552337646,-0.07145369052886963,0.31645557284355164,0.4006757140159607,-0.08224578201770782,0.32566729187965393,0.42370516061782837,-0.07261738181114197,0.33054184913635254,0.4207552671432495,-0.06430362910032272
0.33941519260406494,0.3891921639442444,8.835043274757481e-08,0.3742488622665405,0.40364858508110046,-0.026874884963035583,0.40908363461494446,0.4151567220687866,-0.054799970239400864,0.42182600498199463,0.42100584506988525,-0.08289879560470581,0.41208237409591675,0.410503625869751,-0.10880158096551895,0.4395984709262848,0.282134085893631,-0.04480166360735893,0.47168660163879395,0.3042171895503998,-0.08849801868200302,0.45821091532707214,0.36248669028282166,-0.11454679816961288,0.4403240382671356,0.3953650891780853,-0.1268502026796341,0.3910994529724121,0.27092868089675903,-0.05060981586575508,0.4127112627029419,0.32413241267204285,-0.08681170642375946,0.4018893241882324,0.3829920291900635,-0.09545902162790298,0.3932148814201355,0.39222440123558044,-0.09847372770309448,0.34355175495147705,0.282820463180542,-0.06081083044409752,0.3667639493942261,0.3455009460449219,-0.09204786270856857,0.3650205433368683,0.3922187089920044,-0.0833449438214302,0.36096975207328796,0.39741837978363037,-0.07391715794801712,0.3020448684692383,0.30871498584747314,-0.07368152588605881,0.32651469111442566,0.36086535453796387,-0.08812151849269867,0.33181336522102356,0.3963086009025574,-0.07583460211753845,0.3318100571632385,0.4045203924179077,-0.06454242765903473
0.32880935072898865,0.45575636625289917,-5.198585881771578e-07,0.37690219283103943,0.4576905071735382,-0.040677133947610855,0.42007988691329956,0.4426286220550537,-0.07293545454740524,0.43146878480911255,0.4154907166957855,-0.10221900045871735,0.4202706217765808,0.3755584955215454,-0.1268995851278305,0.44052281975746155,0.28837841749191284,-0.052842989563941956,0.4766870141029358,0.280569851398468,-0.10348304361104965,0.46308737993240356,0.35097312927246094,-0.12965108454227448,0.4419710338115692,0.38841384649276733,-0.14128908514976501,0.39464208483695984,0.2675139605998993,-0.05380290001630783,0.4353172481060028,0.226051926612854,-0.10229427367448807,0.4279533326625824,0.32225948572158813,-0.10968859493732452,0.4140327274799347,0.3658851385116577,-0.10482089966535568,0.34781864285469055,0.2721550166606903,-0.06023022159934044,0.3750191926956177,0.2660433351993561,-0.10656106472015381,0.38057348132133484,0.3566950559616089,-0.09569837898015976,0.37409836053848267,0.38915789127349854,-0.07783100008964539,0.3019169867038727,0.29559412598609924,-0.06965595483779907,0.3273431062698364,0.3025979995727539,-0.09497305005788803,0.3409390449523926,0.3639599084854126,-0.08279374986886978,0.34043407440185547,0.3827058672904968,-0.06822169572114944
0.3432452082633972,0.4211716055870056,-1.462839627208723e-08,0.37617960572242737,0.44176042079925537,-0.02609882317483425,0.4156491458415985,0.4332085847854614,-0.04701569303870201,0.4261869788169861,0.41190680861473083,-0.0680355504155159,0.4195249676704407,0.37442654371261597,-0.08548992872238159,0.43715670704841614,0.2939537465572357,-0.030476367101073265,0.4735400974750519,0.2701592445373535,-0.07295988500118256,0.4664059579372406,0.3273364305496216,-0.09556687623262405,0.4518044888973236,0.3647865653038025,-0.10359203070402145,0.3924013376235962,0.27315112948417664,-0.035081442445516586,0.4201394319534302,0.2525658905506134,-0.07211493700742722,0.41836419701576233,0.3265621066093445,-0.0804596096277237,0.41235941648483276,0.3569079041481018,-0.07873628288507462,0.3477973937988281,0.27711474895477295,-0.04521309956908226,0.3714142143726349,0.27922409772872925,-0.08222794532775879,0.37769749760627747,0.3465416431427002,-0.07814281433820724,0.37488579750061035,0.3710567057132721,-0.06733497232198715,0.3063701391220093,0.30290108919143677,-0.05726639926433563,0.33242669701576233,0.3204645812511444,-0.08041352033615112,0.3429678678512573,0.37056964635849,-0.0743512287735939,0.34248968958854675,0.3923090994358063,-0.06432411819696426
0.35050320625305176,0.4218002259731293,-4.494641459018567e-08,0.38079729676246643,0.4307006001472473,-0.02786167897284031,0.4130190908908844,0.4367412030696869,-0.054873988032341,0.4165031611919403,0.44386857748031616,-0.08152884989976883,0.40027904510498047,0.44786304235458374,-0.106862373650074,0.4397832155227661,0.29742980003356934,-0.03944966197013855,0.4482896625995636,0.30397745966911316,-0.08056614547967911,0.44456106424331665,0.3563835024833679,-0.10740028321743011,0.4403303861618042,0.38993215560913086,-0.12178490310907364,0.3928518295288086,0.28487521409988403,-0.0440756119787693,0.39297032356262207,0.3127191960811615,-0.07727566361427307,0.389485239982605,0.37874382734298706,-0.08708512783050537,0.3887622654438019,0.40040841698646545,-0.09104644507169724,0.345065176486969,0.29494231939315796,-0.053252995014190674,0.344496488571167,0.343363493680954,-0.0809110626578331,0.3487566411495209,0.3967052400112152,-0.07478585094213486,0.3517960011959076,0.4086889624595642,-0.06804076582193375,0.3031882643699646,0.3207706809043884,-0.06560084968805313,0.3047805428504944,0.3685953915119171,-0.07840543240308762,0.31362420320510864,0.40957194566726685,-0.06914907693862915,0.3224000930786133,0.41878172755241394,-0.06082053482532501
0.3302457332611084,0.43201011419296265,-8.877874080326364e-08,0.3667982518672943,0.43661361932754517,-0.02359866537153721,0.3989375829696655,0.4522079527378082,-0.05072673410177231,0.4045194387435913,0.48313629627227783,-0.07830065488815308,0.39097297191619873,0.5096575617790222,-0.10499092936515808,0.4267403483390808,0.3155885338783264,-0.03988778591156006,0.4558374881744385,0.3665584921836853,-0.08305975049734116,0.4490620493888855,0.4294412434101105,-0.11031052470207214,0.4363510012626648,0.4740009605884552,-0.12393224239349365,0.37943658232688904,0.30657312273979187,-0.04838201776146889,0.4040984809398651,0.36947107315063477,-0.08343388885259628,0.39828911423683167,0.43845701217651367,-0.09211531281471252,0.38790661096572876,0.4651408791542053,-0.09395384788513184,0.32937508821487427,0.3250361382961273,-0.06125986948609352,0.3527242839336395,0.4053729474544525,-0.09184160828590393,0.357138454914093,0.4602884352207184,-0.0880560502409935,0.3549867570400238,0.47033458948135376,-0.08039423823356628,0.28862863779067993,0.3584553897380829,-0.07648321986198425,0.3068409264087677,0.4214285612106323,-0.09065268933773041,0.31566232442855835,0.45381107926368713,-0.08231226354837418,0.32032713294029236,0.4526537358760834,-0.07354673743247986
0.33218279480934143,0.4409724473953247,8.51397730095016e-10,0.37519291043281555,0.44958141446113586,-0.03287620097398758,0.41192954778671265,0.45926615595817566,-0.06469864398241043,0.4197404384613037,0.48334231972694397,-0.09446799010038376,0.4031488299369812,0.5045741200447083,-0.12239373475313187,0.41540786623954773,0.3140394389629364,-0.05264515057206154,0.4457552433013916,0.3672066628932953,-0.09499731659889221,0.4395170211791992,0.4315313696861267,-0.12043824046850204,0.42789146304130554,0.4508412182331085,-0.13432545959949493,0.3685314655303955,0.31599006056785583,-0.055391184985637665,0.3943280279636383,0.39517128467559814,-0.08980286866426468,0.38819053769111633,0.4581896662712097,-0.09876274317502975,0.379385381937027,0.4513220489025116,-0.1037662923336029,0.3252502381801605,0.3407851457595825,-0.061888884752988815,0.3561111092567444,0.4264110326766968,-0.09238901734352112,0.3617525100708008,0.47326382994651794,-0.08566433191299438,0.36021554470062256,0.46153244376182556,-0.07830651104450226,0.2906179428100586,0.3730437755584717,-0.07145649194717407,0.3194787800312042,0.43617016077041626,-0.08587189018726349,0.3290495276451111,0.47013726830482483,-0.07576937973499298,0.33116859197616577,0.4672749936580658,-0.06671643257141113
0.35377082228660583,0.4617576003074646,-5.240037026510436e-08,0.3819906711578369,0.4633723199367523,-0.030059970915317535,0.41168680787086487,0.4621049165725708,-0.05662655085325241,0.42467835545539856,0.463713675737381,-0.08126110583543777,0.41974055767059326,0.4510076940059662,-0.10318654030561447,0.4326600730419159,0.30457282066345215,-0.03857626020908356,0.4576142430305481,0.34038856625556946,-0.07688848674297333,0.4513355493545532,0.39704450964927673,-0.10032107681035995,0.4396670460700989,0.42220956087112427,-0.11257409304380417,0.3843567967414856,0.2961389422416687,-0.04141750559210777,0.40505778789520264,0.33940955996513367,-0.07257744669914246,0.40230509638786316,0.4089508056640625,-0.08030398935079575,0.3978957235813141,0.42204391956329346,-0.08299119770526886,0.33763429522514343,0.31516945362091064,-0.048804473131895065,0.35936933755874634,0.3660345673561096,-0.07899918407201767,0.36575594544410706,0.42235976457595825,-0.07418627291917801,0.3647734224796295,0.42932063341140747,-0.06726770848035812,0.2982381582260132,0.3485065996646881,-0.05877753347158432,0.31906411051750183,0.3873113989830017,-0.0754317045211792,0.33069324493408203,0.4273000955581665,-0.06783968955278397,0.3367077112197876,0.4347889721393585,-0.05962590128183365
0.3405997157096863,0.44805216789245605,-1.5259122676525294e-07,0.37621888518333435,0.4495922029018402,-0.027407078072428703,0.4151899218559265,0.4462130665779114,-0.05018126219511032,0.43147072196006775,0.43710580468177795,-0.07118602842092514,0.42761263251304626,0.4222932755947113,-0.08840135484933853,0.43956077098846436,0.30172857642173767,-0.03236865624785423,0.47957998514175415,0.3144173324108124,-0.06915920972824097,0.4647659659385681,0.3818341791629791,-0.08898776024580002,0.44694826006889343,0.4106907248497009,-0.09883048385381699,0.3945625424385071,0.2817230224609375,-0.03576658293604851,0.437944233417511,0.2861977517604828,-0.07037138938903809,0.43119922280311584,0.36779695749282837,-0.07685420662164688,0.41881269216537476,0.39916402101516724,-0.07487662136554718,0.3475220501422882,0.29233938455581665,-0.04338376596570015,0.3835877478122711,0.3144143521785736,-0.07702189683914185,0.3864499032497406,0.3880440294742584,-0.07004177570343018,0.3780285716056824,0.41226428747177124,-0.058207228779792786,0.3051159381866455,0.32317668199539185,-0.05293825641274452,0.3349001407623291,0.35181620717048645,-0.07335427403450012,0.3451988101005554,0.4044213593006134,-0.06534475088119507,0.3448942005634308,0.42154669761657715,-0.05462199077010155
0.3298031985759735,0.4219944477081299,-3.666531611656865e-08,0.3706890940666199,0.43560177087783813,-0.027982531115412712,0.4129404127597809,0.4347301125526428,-0.051749952137470245,0.43072450160980225,0.41932550072669983,-0.07423244416713715,0.4346773326396942,0.39026376605033875,-0.09293968230485916,0.44498541951179504,0.29328516125679016,-0.0340266190469265,0.4840976595878601,0.28792089223861694,-0.07401343435049057,0.4748973548412323,0.3485753834247589,-0.09611739963293076,0.45516085624694824,0.383097380399704,-0.1053367480635643,0.4028377830982208,0.2673882842063904,-0.03782477229833603,0.44492265582084656,0.2518676519393921,-0.07469765841960907,0.4406980574131012,0.3295964300632477,-0.08397184312343597,0.42602717876434326,0.3658408522605896,-0.08250068128108978,0.35680246353149414,0.2710103988647461,-0.04605589807033539,0.3916877806186676,0.2777467966079712,-0.08316471427679062,0.3952265679836273,0.35315603017807007,-0.0785839855670929,0.3868159353733063,0.3832833170890808,-0.06653326749801636,0.31370845437049866,0.2978561222553253,-0.05597435310482979,0.346746563911438,0.31416499614715576,-0.08053426444530487,0.357607364654541,0.36816325783729553,-0.07393520325422287,0.3561452329158783,0.39072906970977783,-0.06270832568407059
0.3432124853134155,0.43537336587905884,-7.402331192452039e-08,0.3892735540866852,0.4386667013168335,-0.02152099460363388,0.42729058861732483,0.42354387044906616,-0.042499251663684845,0.43753156065940857,0.4188360273838043,-0.06376214325428009,0.4195682406425476,0.42410963773727417,-0.08323296159505844,0.43398576974868774,0.2749869227409363,-0.02860979177057743,0.45212340354919434,0.288740336894989,-0.06528893113136292,0.44675859808921814,0.3519071042537689,-0.08954329788684845,0.4356732666492462,0.38820865750312805,-0.10164372622966766,0.3888116478919983,0.2696758806705475,-0.03500601649284363,0.40468844771385193,0.3043254315853119,-0.0663660317659378,0.4036026895046234,0.37145981192588806,-0.07707785815000534,0.39648592472076416,0.3962573707103729,-0.08121468126773834,0.3444231152534485,0.28545457124710083,-0.04539962485432625,0.36542221903800964,0.32995128631591797,-0.07418138533830643,0.371733695268631,0.3882700204849243,-0.0722733810544014,0.36994314193725586,0.4073280692100525,-0.06673213839530945,0.3067024052143097,0.31572431325912476,-0.05799619480967522,0.3296087980270386,0.35118257999420166,-0.07381134480237961,0.3395293354988098,0.3976758122444153,-0.06731007248163223,0.34293681383132935,0.4179435670375824,-0.059636492282152176
0.35597312450408936,0.4473762810230255,-8.597419309808174e-08,0.38623127341270447,0.44954991340637207,-0.026070695370435715,0.4167887270450592,0.44974562525749207,-0.052441176027059555,0.4219987988471985,0.4649360179901123,-0.07826188951730728,0.4076942205429077,0.48676174879074097,-0.10303090512752533,0.4232582747936249,0.29755619168281555,-0.03655332699418068,0.4423176348209381,0.3418027460575104,-0.07636486738920212,0.4402161240577698,0.3982250392436981,-0.10227058082818985,0.43343380093574524,0.42797189950942993,-0.11572683602571487,0.3800327777862549,0.2942264974117279,-0.04164380207657814,0.3969007432460785,0.3599923849105835,-0.0726650282740593,0.3944084942340851,0.42540374398231506,-0.08198671042919159,0.388226717710495,0.4401693344116211,-0.08564190566539764,0.33671432733535767,0.31353476643562317,-0.05094166472554207,0.35404136776924133,0.3869231939315796,-0.07912089675664902,0.36000680923461914,0.4403776526451111,-0.07574231177568436,0.3586595356464386,0.4476100504398346,-0.06940876692533493,0.29927781224250793,0.34480878710746765,-0.06287074089050293,0.31506863236427307,0.39999115467071533,-0.07615271955728531,0.3261529803276062,0.4393877685070038,-0.06854748725891113,0.3321668207645416,0.44656288623809814,-0.06058244779706001
0.3264634609222412,0.4693012535572052,-3.928757053017762e-07,0.37007027864456177,0.4748140573501587,-0.024611856788396835,0.41014736890792847,0.4915344715118408,-0.053957439959049225,0.42031243443489075,0.521920382976532,-0.08439907431602478,0.39964720606803894,0.5354520082473755,-0.11390303820371628,0.4404337406158447,0.33612149953842163,-0.03846784681081772,0.4698726236820221,0.4101825952529907,-0.0819329172372818,0.462946355342865,0.45833975076675415,-0.10967114567756653,0.4474809467792511,0.48318609595298767,-0.1251654475927353,0.39462488889694214,0.3179815113544464,-0.047790803015232086,0.422322541475296,0.4001637399196625,-0.08312298357486725,0.4126465916633606,0.48245522379875183,-0.09088386595249176,0.4007401168346405,0.5064035654067993,-0.09230063110589981,0.3438865542411804,0.33133697509765625,-0.06139523535966873,0.3669899106025696,0.43371692299842834,-0.09715213626623154,0.36764422059059143,0.50443434715271,-0.09153112024068832,0.36315760016441345,0.5106172561645508,-0.08166129142045975,0.2949790060520172,0.3600817322731018,-0.07753385603427887,0.3148079216480255,0.4431016445159912,-0.09493649005889893,0.3229946494102478,0.4927419424057007,-0.08466292172670364,0.3235931694507599,0.49343767762184143,-0.07431672513484955
0.33729133009910583,0.452570378780365,-9.257069422119457e-08,0.3703847825527191,0.4623536765575409,-0.023598551750183105,0.4040410816669464,0.4813847541809082,-0.051991671323776245,0.4143480062484741,0.509845495223999,-0.08130201697349548,0.40593796968460083,0.5310260057449341,-0.11043393611907959,0.42990848422050476,0.33980512619018555,-0.03896824270486832,0.46375176310539246,0.3713541626930237,-0.07770317047834396,0.4777992069721222,0.41555941104888916,-0.10444694757461548,0.4813852310180664,0.45563405752182007,-0.11825855076313019,0.3880213797092438,0.32426372170448303,-0.0458294041454792,0.4110369086265564,0.4076243042945862,-0.08254532516002655,0.4030734598636627,0.4845485985279083,-0.09495307505130768,0.3894599974155426,0.525989294052124,-0.09706593304872513,0.34139078855514526,0.33904922008514404,-0.055878765881061554,0.3642081320285797,0.4363831877708435,-0.08927738666534424,0.363465279340744,0.49243029952049255,-0.08941026031970978,0.3567594885826111,0.5107734203338623,-0.08181562274694443,0.2970687747001648,0.36730700731277466,-0.06792380660772324,0.317423939704895,0.44169479608535767,-0.0862797424197197,0.325636088848114,0.485712468624115,-0.07937677204608917,0.32701921463012695,0.49794501066207886,-0.06887441873550415
0.3121277689933777,0.4715416729450226,-1.923812931181601e-07,0.3475824296474457,0.49157780408859253,-0.03217266499996185,0.38128840923309326,0.5149458646774292,-0.06369558721780777,0.3929975628852844,0.5352610945701599,-0.09371626377105713,0.39954909682273865,0.5569286346435547,-0.12092971801757812,0.4440937042236328,0.36912283301353455,-0.04459051787853241,0.476551353931427,0.4525856375694275,-0.08960254490375519,0.4467822313308716,0.4990510940551758,-0.1156838908791542,0.423220694065094,0.49909472465515137,-0.13223914802074432,0.4015501141548157,0.34469226002693176,-0.05252997577190399,0.43266424536705017,0.43436741828918457,-0.09284017980098724,0.40395912528038025,0.4986550211906433,-0.10205353796482086,0.3908610939979553,0.49705269932746887,-0.10481709241867065,0.3511538803577423,0.35395944118499756,-0.06544558703899384,0.37278884649276733,0.4631950855255127,-0.10240527242422104,0.35831496119499207,0.5155060291290283,-0.09613866358995438,0.35416775941848755,0.5039954781532288,-0.08729594945907593,0.3038632273674011,0.3794057369232178,-0.08181852102279663,0.31855854392051697,0.469913125038147,-0.10296199470758438,0.32359522581100464,0.5106472969055176,-0.09614058583974838,0.33222711086273193,0.5043834447860718,-0.08824526518583298
0.31260964274406433,0.4604414105415344,-5.230784250187526e-09,0.35956627130508423,0.47625091671943665,-0.026592878624796867,0.39433491230010986,0.5015905499458313,-0.05895460024476051,0.40362703800201416,0.5343989729881287,-0.0906454473733902,0.3926752209663391,0.5592724680900574,-0.11987060308456421,0.44669991731643677,0.36881014704704285,-0.05156185105443001,0.48180311918258667,0.45851367712020874,-0.09266774356365204,0.4496322274208069,0.5045360326766968,-0.11522681266069412,0.42651137709617615,0.49993759393692017,-0.12955690920352936,0.4002813696861267,0.3478492200374603,-0.060658615082502365,0.43376320600509644,0.4360679090023041,-0.0992291197180748,0.4057270586490631,0.4971453547477722,-0.10740291327238083,0.3919522166252136,0.49566271901130676,-0.11038639396429062,0.34969061613082886,0.3565796911716461,-0.07239393889904022,0.3750881552696228,0.4572899043560028,-0.10510439425706863,0.3630490303039551,0.5102176070213318,-0.09760578721761703,0.35537704825401306,0.5012039542198181,-0.08900629729032516,0.30488815903663635,0.3808720111846924,-0.08657973259687424,0.32482314109802246,0.4638864994049072,-0.1018628254532814,0.3276313543319702,0.5004110932350159,-0.09259898960590363,0.3293262720108032,0.4940205216407776,-0.08442481607198715
0.3222311735153198,0.4530019164085388,-4.576068874939665e-07,0.37588319182395935,0.45977017283439636,-0.03701397404074669,0.42088428139686584,0.4466189742088318,-0.06782781332731247,0.4382780194282532,0.42158234119415283,-0.09670166671276093,0.4357905685901642,0.3891582190990448,-0.12119203060865402,0.4455048739910126,0.2890976369380951,-0.049539823085069656,0.4928401708602905,0.29838576912879944,-0.09768161177635193,0.47875070571899414,0.3650706708431244,-0.1229550912976265,0.45404869318008423,0.39843788743019104,-0.1348874866962433,0.4024209976196289,0.26578646898269653,-0.0533146932721138,0.45236629247665405,0.2527809143066406,-0.09889256209135056,0.44309431314468384,0.34526434540748596,-0.10663625597953796,0.4262842535972595,0.38435542583465576,-0.10372205078601837,0.3568403422832489,0.2705332338809967,-0.06235596910119057,0.39879000186920166,0.28117814660072327,-0.10774394124746323,0.39908239245414734,0.3711150884628296,-0.09904647618532181,0.38696742057800293,0.40383291244506836,-0.08359627425670624,0.31321001052856445,0.29635775089263916,-0.07429886609315872,0.35015320777893066,0.31714555621147156,-0.1022379919886589,0.35965174436569214,0.3784283697605133,-0.09368344396352768,0.3551904559135437,0.3993964195251465,-0.08174754679203033
0.3319375514984131,0.4520561397075653,1.9189759825621877e-07,0.37606555223464966,0.4596211910247803,-0.014932265505194664,0.4183102548122406,0.4465194642543793,-0.03037254884839058,0.43543222546577454,0.42707449197769165,-0.046072520315647125,0.44474631547927856,0.3894202411174774,-0.059580445289611816,0.44403767585754395,0.3105693459510803,-0.02693110704421997,0.48028627038002014,0.30537116527557373,-0.05498208850622177,0.4776846170425415,0.35922971367836,-0.07103628665208817,0.4597638249397278,0.38481777906417847,-0.07743549346923828,0.40531423687934875,0.2856473922729492,-0.03315015882253647,0.4361170530319214,0.27394747734069824,-0.055366385728120804,0.43873149156570435,0.34129655361175537,-0.06295433640480042,0.42576339840888977,0.36952871084213257,-0.0651603564620018,0.3629665672779083,0.2900151312351227,-0.041364021599292755,0.39004504680633545,0.29079920053482056,-0.06871450692415237,0.3983641564846039,0.3607400059700012,-0.06587187200784683,0.38841310143470764,0.38661521673202515,-0.05846389755606651,0.3202631175518036,0.31431153416633606,-0.049906935542821884,0.35105767846107483,0.329772412776947,-0.071950264275074,0.3617667555809021,0.38111239671707153,-0.06684146076440811,0.35367515683174133,0.4034162759780884,-0.05794862285256386
0.3314237594604492,0.44822901487350464,-7.629368781181256e-08,0.3768545389175415,0.4576035141944885,-0.027045315131545067,0.4173938035964966,0.45867642760276794,-0.05347365140914917,0.441188782453537,0.4621942639350891,-0.07846658676862717,0.43246954679489136,0.451969712972641,-0.10004013031721115,0.4293118715286255,0.29318705201148987,-0.039004743099212646,0.47111016511917114,0.3215457797050476,-0.07707799971103668,0.4636653959751129,0.38555288314819336,-0.09826318174600601,0.44723471999168396,0.4141250550746918,-0.10785228759050369,0.3894713521003723,0.2852380573749542,-0.0430842749774456,0.43032631278038025,0.32555556297302246,-0.07554194331169128,0.4252287745475769,0.402457594871521,-0.08229804039001465,0.41502392292022705,0.4253396689891815,-0.08273767679929733,0.34842023253440857,0.30253589153289795,-0.051162928342819214,0.3887081444263458,0.35437777638435364,-0.0824841856956482,0.3923352360725403,0.4181134104728699,-0.07824328541755676,0.38615682721138,0.43452519178390503,-0.0698736235499382,0.31260156631469727,0.3349655270576477,-0.061360638588666916,0.3488143980503082,0.3767091929912567,-0.07805625349283218,0.35774216055870056,0.4234527051448822,-0.07102532684803009,0.3564881384372711,0.44032812118530273,-0.062366221100091934
0.3315602242946625,0.446792334318161,-4.1092519609264855e-08,0.368948757648468,0.4539727568626404,-0.028705593198537827,0.4033489227294922,0.46669650077819824,-0.060716625303030014,0.42263689637184143,0.49130600690841675,-0.09200011938810349,0.4229205548763275,0.5147655010223389,-0.12114882469177246,0.4329710304737091,0.32008835673332214,-0.04692625254392624,0.4833892285823822,0.38329195976257324,-0.09273837506771088,0.47405898571014404,0.4421420395374298,-0.11883537471294403,0.45789045095443726,0.46539929509162903,-0.13256074488162994,0.39199456572532654,0.3106260895729065,-0.05486902967095375,0.44284892082214355,0.37322959303855896,-0.09337020665407181,0.43028923869132996,0.44660964608192444,-0.09996042400598526,0.41481056809425354,0.46415966749191284,-0.10006852447986603,0.347361296415329,0.32873064279556274,-0.0673617273569107,0.3908984065055847,0.4061867594718933,-0.10213334113359451,0.3860379159450531,0.46642452478408813,-0.09456966817378998,0.37466961145401,0.4734845459461212,-0.08400848507881165,0.30869758129119873,0.3638877868652344,-0.08259759098291397,0.34135669469833374,0.4268428385257721,-0.10022946447134018,0.3458576202392578,0.46788281202316284,-0.09089101850986481,0.34294915199279785,0.47187328338623047,-0.08117404580116272
0.32049301266670227,0.46163633465766907,-8.926671313247425e-08,0.3611166179180145,0.4771787226200104,-0.029224824160337448,0.396361380815506,0.4958026707172394,-0.06200936809182167,0.41315969824790955,0.5176509618759155,-0.09380478411912918,0.41985875368118286,0.5429151058197021,-0.12277337908744812,0.44344305992126465,0.3471550941467285,-0.04731721803545952,0.49007752537727356,0.42770302295684814,-0.0891096293926239,0.46492624282836914,0.4789716601371765,-0.11052285879850388,0.4425382614135742,0.4834365248680115,-0.1237415075302124,0.4027595520019531,0.3314179480075836,-0.05661492422223091,0.45364800095558167,0.4104281961917877,-0.09663815796375275,0.4257053732872009,0.47985631227493286,-0.10242180526256561,0.4071672856807709,0.4844704568386078,-0.10188999772071838,0.35679227113723755,0.34476912021636963,-0.06974459439516068,0.39703917503356934,0.43715208768844604,-0.10529021918773651,0.3783491849899292,0.4959374964237213,-0.09469249844551086,0.36376824975013733,0.49228227138519287,-0.082554891705513,0.31415659189224243,0.3747480511665344,-0.08586829155683517,0.34157222509384155,0.4549354016780853,-0.10482685267925262,0.34100228548049927,0.4977352023124695,-0.09491392970085144,0.3399963676929474,0.4941403269767761,-0.08500806987285614
0.31901296973228455,0.45160341262817383,1.3281157862365944e-07,0.3683904707431793,0.46703478693962097,-0.019869323819875717,0.4097645878791809,0.46989890933036804,-0.043213117867708206,0.43405333161354065,0.48062247037887573,-0.06663354486227036,0.43505242466926575,0.48032933473587036,-0.08797790110111237,0.42996037006378174,0.31798163056373596,-0.03703216090798378,0.4806296229362488,0.36261600255966187,-0.07283265143632889,0.47286200523376465,0.423708975315094,-0.09180571138858795,0.4580327868461609,0.4460121691226959,-0.1010369211435318,0.39309921860694885,0.30711349844932556,-0.045739900320768356,0.44663017988204956,0.3624488413333893,-0.07827867567539215,0.43964633345603943,0.43077361583709717,-0.08575503528118134,0.4269563853740692,0.4485979676246643,-0.08725079894065857,0.352140337228775,0.3216891884803772,-0.057523977011442184,0.39898785948753357,0.38299626111984253,-0.09002143144607544,0.3981705605983734,0.4455247223377228,-0.08743056654930115,0.3888545036315918,0.45987004041671753,-0.08034226298332214,0.3139316141605377,0.35370108485221863,-0.07056784629821777,0.3531343340873718,0.4061581492424011,-0.09028708934783936,0.3622429668903351,0.4548356235027313,-0.08524581789970398,0.36154547333717346,0.4727868437767029,-0.077965646982193
0.3223373293876648,0.4448791444301605,2.551226607749868e-08,0.3631206452846527,0.45866894721984863,-0.02150232344865799,0.40590858459472656,0.46470555663108826,-0.045276373624801636,0.42816442251205444,0.4652518332004547,-0.06865474581718445,0.43964001536369324,0.46032312512397766,-0.08890222012996674,0.4415007531642914,0.3223397135734558,-0.036948658525943756,0.4899553060531616,0.3550688624382019,-0.07459332793951035,0.47338786721229553,0.4157804548740387,-0.09302282333374023,0.4502071738243103,0.4361764192581177,-0.1013590469956398,0.4008813798427582,0.29902374744415283,-0.045480724424123764,0.4584674835205078,0.33000636100769043,-0.08261122554540634,0.4451553225517273,0.4056195020675659,-0.08975151926279068,0.4271602928638458,0.42938005924224854,-0.08814429491758347,0.3570373058319092,0.3070836365222931,-0.057075902819633484,0.40599918365478516,0.3507991433143616,-0.09260115027427673,0.40183278918266296,0.423528254032135,-0.0863642618060112,0.388245552778244,0.4428165853023529,-0.07497912645339966,0.3159012496471405,0.3342166543006897,-0.07000543177127838,0.35523805022239685,0.3831905424594879,-0.09120442718267441,0.3621848225593567,0.4353640675544739,-0.08378630876541138,0.35991591215133667,0.4509335160255432,-0.07358206808567047
0.31920042634010315,0.4346633553504944,2.8395055196028807e-09,0.3636000454425812,0.4530680477619171,-0.024523966014385223,0.4077785015106201,0.45936986804008484,-0.04991600289940834,0.42900821566581726,0.45387032628059387,-0.07423315197229385,0.44485872983932495,0.447058767080307,-0.0948815792798996,0.4408978819847107,0.313884437084198,-0.04317091777920723,0.4862743020057678,0.3420926332473755,-0.08016803115606308,0.47001156210899353,0.40642407536506653,-0.09638839215040207,0.45100781321525574,0.4236595332622528,-0.1037202775478363,0.3985801339149475,0.29082536697387695,-0.05038096383213997,0.45780473947525024,0.3212794363498688,-0.08865165710449219,0.4427635669708252,0.3991144299507141,-0.0961911678314209,0.42549389600753784,0.41671836376190186,-0.09499894827604294,0.3562152087688446,0.30048736929893494,-0.06028468906879425,0.407161146402359,0.341204434633255,-0.09610915184020996,0.4026809632778168,0.41489556431770325,-0.08995769917964935,0.3874228000640869,0.4294764995574951,-0.07915054261684418,0.31741201877593994,0.3267851173877716,-0.07170528173446655,0.3579179644584656,0.3777558207511902,-0.09316197782754898,0.36509186029434204,0.42810243368148804,-0.08678621053695679,0.36079809069633484,0.43849581480026245,-0.0777406170964241
